[0.283s] colcon DEBUG Command line arguments: ['/usr/bin/colcon', 'build', '--cmake-args', '-DCMAKE_BUILD_TYPE=Release']
[0.283s] colcon DEBUG Parsed command line arguments: Namespace(log_base=None, log_level=None, verb_name='build', build_base='build', install_base='install', merge_install=False, symlink_install=False, test_result_base=None, continue_on_error=False, executor='parallel', parallel_workers=12, event_handlers=None, ignore_user_meta=False, metas=['./colcon.meta'], base_paths=['.'], packages_ignore=None, packages_ignore_regex=None, paths=None, packages_up_to=None, packages_up_to_regex=None, packages_above=None, packages_above_and_dependencies=None, packages_above_depth=None, packages_select_by_dep=None, packages_skip_by_dep=None, packages_skip_up_to=None, packages_select_build_failed=False, packages_skip_build_finished=False, packages_select_test_failures=False, packages_skip_test_passed=False, packages_select=None, packages_skip=None, packages_select_regex=None, packages_skip_regex=None, packages_start=None, packages_end=None, allow_overriding=[], cmake_args=['-DCMAKE_BUILD_TYPE=Release'], cmake_target=None, cmake_target_skip_unavailable=False, cmake_clean_cache=False, cmake_clean_first=False, cmake_force_configure=False, ament_cmake_args=None, catkin_cmake_args=None, catkin_skip_building_tests=False, mixin_files=None, mixin=None, verb_parser=<colcon_mixin.mixin.mixin_argument.MixinArgumentDecorator object at 0xffff891d4640>, verb_extension=<colcon_core.verb.build.BuildVerb object at 0xffff891d4070>, main=<bound method BuildVerb.main of <colcon_core.verb.build.BuildVerb object at 0xffff891d4070>>, mixin_verb=('build',))
[0.761s] colcon.colcon_core.package_discovery Level 1 discover_packages(colcon_meta) check parameters
[0.762s] colcon.colcon_core.package_discovery Level 1 discover_packages(recursive) check parameters
[0.762s] colcon.colcon_core.package_discovery Level 1 discover_packages(ignore) check parameters
[0.762s] colcon.colcon_core.package_discovery Level 1 discover_packages(path) check parameters
[0.762s] colcon.colcon_core.package_discovery Level 1 discover_packages(colcon_meta) discover
[0.762s] colcon.colcon_core.package_discovery Level 1 discover_packages(recursive) discover
[0.762s] colcon.colcon_core.package_discovery INFO Crawling recursively for packages in '/home/ubuntu/research_ws/ur10_pick_place_ws'
[0.762s] colcon.colcon_core.package_identification Level 1 _identify(.) by extensions ['ignore', 'ignore_ament_install']
[0.763s] colcon.colcon_core.package_identification Level 1 _identify(.) by extension 'ignore'
[0.763s] colcon.colcon_core.package_identification Level 1 _identify(.) by extension 'ignore_ament_install'
[0.763s] colcon.colcon_core.package_identification Level 1 _identify(.) by extensions ['colcon_pkg']
[0.763s] colcon.colcon_core.package_identification Level 1 _identify(.) by extension 'colcon_pkg'
[0.763s] colcon.colcon_core.package_identification Level 1 _identify(.) by extensions ['colcon_meta']
[0.763s] colcon.colcon_core.package_identification Level 1 _identify(.) by extension 'colcon_meta'
[0.763s] colcon.colcon_core.package_identification Level 1 _identify(.) by extensions ['ros']
[0.763s] colcon.colcon_core.package_identification Level 1 _identify(.) by extension 'ros'
[0.786s] colcon.colcon_core.package_identification Level 1 _identify(.) by extensions ['cmake', 'python']
[0.786s] colcon.colcon_core.package_identification Level 1 _identify(.) by extension 'cmake'
[0.786s] colcon.colcon_core.package_identification Level 1 _identify(.) by extension 'python'
[0.786s] colcon.colcon_core.package_identification Level 1 _identify(.) by extensions ['python_setup_py']
[0.787s] colcon.colcon_core.package_identification Level 1 _identify(.) by extension 'python_setup_py'
[0.787s] colcon.colcon_core.package_identification Level 1 _identify(build) by extensions ['ignore', 'ignore_ament_install']
[0.787s] colcon.colcon_core.package_identification Level 1 _identify(build) by extension 'ignore'
[0.787s] colcon.colcon_core.package_identification Level 1 _identify(build) ignored
[0.788s] colcon.colcon_core.package_identification Level 1 _identify(install) by extensions ['ignore', 'ignore_ament_install']
[0.788s] colcon.colcon_core.package_identification Level 1 _identify(install) by extension 'ignore'
[0.788s] colcon.colcon_core.package_identification Level 1 _identify(install) ignored
[0.788s] colcon.colcon_core.package_identification Level 1 _identify(log) by extensions ['ignore', 'ignore_ament_install']
[0.788s] colcon.colcon_core.package_identification Level 1 _identify(log) by extension 'ignore'
[0.788s] colcon.colcon_core.package_identification Level 1 _identify(log) ignored
[0.789s] colcon.colcon_core.package_identification Level 1 _identify(src) by extensions ['ignore', 'ignore_ament_install']
[0.789s] colcon.colcon_core.package_identification Level 1 _identify(src) by extension 'ignore'
[0.789s] colcon.colcon_core.package_identification Level 1 _identify(src) by extension 'ignore_ament_install'
[0.789s] colcon.colcon_core.package_identification Level 1 _identify(src) by extensions ['colcon_pkg']
[0.789s] colcon.colcon_core.package_identification Level 1 _identify(src) by extension 'colcon_pkg'
[0.789s] colcon.colcon_core.package_identification Level 1 _identify(src) by extensions ['colcon_meta']
[0.789s] colcon.colcon_core.package_identification Level 1 _identify(src) by extension 'colcon_meta'
[0.789s] colcon.colcon_core.package_identification Level 1 _identify(src) by extensions ['ros']
[0.789s] colcon.colcon_core.package_identification Level 1 _identify(src) by extension 'ros'
[0.790s] colcon.colcon_core.package_identification Level 1 _identify(src) by extensions ['cmake', 'python']
[0.790s] colcon.colcon_core.package_identification Level 1 _identify(src) by extension 'cmake'
[0.790s] colcon.colcon_core.package_identification Level 1 _identify(src) by extension 'python'
[0.790s] colcon.colcon_core.package_identification Level 1 _identify(src) by extensions ['python_setup_py']
[0.790s] colcon.colcon_core.package_identification Level 1 _identify(src) by extension 'python_setup_py'
[0.790s] colcon.colcon_core.package_identification Level 1 _identify(src/Universal_Robots_ROS2_Gazebo_Simulation) by extensions ['ignore', 'ignore_ament_install']
[0.790s] colcon.colcon_core.package_identification Level 1 _identify(src/Universal_Robots_ROS2_Gazebo_Simulation) by extension 'ignore'
[0.790s] colcon.colcon_core.package_identification Level 1 _identify(src/Universal_Robots_ROS2_Gazebo_Simulation) by extension 'ignore_ament_install'
[0.791s] colcon.colcon_core.package_identification Level 1 _identify(src/Universal_Robots_ROS2_Gazebo_Simulation) by extensions ['colcon_pkg']
[0.791s] colcon.colcon_core.package_identification Level 1 _identify(src/Universal_Robots_ROS2_Gazebo_Simulation) by extension 'colcon_pkg'
[0.791s] colcon.colcon_core.package_identification Level 1 _identify(src/Universal_Robots_ROS2_Gazebo_Simulation) by extensions ['colcon_meta']
[0.791s] colcon.colcon_core.package_identification Level 1 _identify(src/Universal_Robots_ROS2_Gazebo_Simulation) by extension 'colcon_meta'
[0.791s] colcon.colcon_core.package_identification Level 1 _identify(src/Universal_Robots_ROS2_Gazebo_Simulation) by extensions ['ros']
[0.791s] colcon.colcon_core.package_identification Level 1 _identify(src/Universal_Robots_ROS2_Gazebo_Simulation) by extension 'ros'
[0.791s] colcon.colcon_core.package_identification Level 1 _identify(src/Universal_Robots_ROS2_Gazebo_Simulation) by extensions ['cmake', 'python']
[0.791s] colcon.colcon_core.package_identification Level 1 _identify(src/Universal_Robots_ROS2_Gazebo_Simulation) by extension 'cmake'
[0.791s] colcon.colcon_core.package_identification Level 1 _identify(src/Universal_Robots_ROS2_Gazebo_Simulation) by extension 'python'
[0.791s] colcon.colcon_core.package_identification Level 1 _identify(src/Universal_Robots_ROS2_Gazebo_Simulation) by extensions ['python_setup_py']
[0.791s] colcon.colcon_core.package_identification Level 1 _identify(src/Universal_Robots_ROS2_Gazebo_Simulation) by extension 'python_setup_py'
[0.792s] colcon.colcon_core.package_identification Level 1 _identify(src/Universal_Robots_ROS2_Gazebo_Simulation/ur_simulation_gazebo) by extensions ['ignore', 'ignore_ament_install']
[0.792s] colcon.colcon_core.package_identification Level 1 _identify(src/Universal_Robots_ROS2_Gazebo_Simulation/ur_simulation_gazebo) by extension 'ignore'
[0.792s] colcon.colcon_core.package_identification Level 1 _identify(src/Universal_Robots_ROS2_Gazebo_Simulation/ur_simulation_gazebo) by extension 'ignore_ament_install'
[0.792s] colcon.colcon_core.package_identification Level 1 _identify(src/Universal_Robots_ROS2_Gazebo_Simulation/ur_simulation_gazebo) by extensions ['colcon_pkg']
[0.792s] colcon.colcon_core.package_identification Level 1 _identify(src/Universal_Robots_ROS2_Gazebo_Simulation/ur_simulation_gazebo) by extension 'colcon_pkg'
[0.792s] colcon.colcon_core.package_identification Level 1 _identify(src/Universal_Robots_ROS2_Gazebo_Simulation/ur_simulation_gazebo) by extensions ['colcon_meta']
[0.792s] colcon.colcon_core.package_identification Level 1 _identify(src/Universal_Robots_ROS2_Gazebo_Simulation/ur_simulation_gazebo) by extension 'colcon_meta'
[0.792s] colcon.colcon_core.package_identification Level 1 _identify(src/Universal_Robots_ROS2_Gazebo_Simulation/ur_simulation_gazebo) by extensions ['ros']
[0.792s] colcon.colcon_core.package_identification Level 1 _identify(src/Universal_Robots_ROS2_Gazebo_Simulation/ur_simulation_gazebo) by extension 'ros'
[0.800s] colcon.colcon_core.package_identification DEBUG Package 'src/Universal_Robots_ROS2_Gazebo_Simulation/ur_simulation_gazebo' with type 'ros.ament_cmake' and name 'ur_simulation_gazebo'
[0.801s] colcon.colcon_core.package_identification Level 1 _identify(src/linkattacher_msgs) by extensions ['ignore', 'ignore_ament_install']
[0.801s] colcon.colcon_core.package_identification Level 1 _identify(src/linkattacher_msgs) by extension 'ignore'
[0.801s] colcon.colcon_core.package_identification Level 1 _identify(src/linkattacher_msgs) by extension 'ignore_ament_install'
[0.801s] colcon.colcon_core.package_identification Level 1 _identify(src/linkattacher_msgs) by extensions ['colcon_pkg']
[0.801s] colcon.colcon_core.package_identification Level 1 _identify(src/linkattacher_msgs) by extension 'colcon_pkg'
[0.801s] colcon.colcon_core.package_identification Level 1 _identify(src/linkattacher_msgs) by extensions ['colcon_meta']
[0.802s] colcon.colcon_core.package_identification Level 1 _identify(src/linkattacher_msgs) by extension 'colcon_meta'
[0.802s] colcon.colcon_core.package_identification Level 1 _identify(src/linkattacher_msgs) by extensions ['ros']
[0.802s] colcon.colcon_core.package_identification Level 1 _identify(src/linkattacher_msgs) by extension 'ros'
[0.803s] colcon.colcon_core.package_identification DEBUG Package 'src/linkattacher_msgs' with type 'ros.ament_cmake' and name 'linkattacher_msgs'
[0.803s] colcon.colcon_core.package_identification Level 1 _identify(src/linkattacher_plugin) by extensions ['ignore', 'ignore_ament_install']
[0.803s] colcon.colcon_core.package_identification Level 1 _identify(src/linkattacher_plugin) by extension 'ignore'
[0.804s] colcon.colcon_core.package_identification Level 1 _identify(src/linkattacher_plugin) by extension 'ignore_ament_install'
[0.804s] colcon.colcon_core.package_identification Level 1 _identify(src/linkattacher_plugin) by extensions ['colcon_pkg']
[0.804s] colcon.colcon_core.package_identification Level 1 _identify(src/linkattacher_plugin) by extension 'colcon_pkg'
[0.804s] colcon.colcon_core.package_identification Level 1 _identify(src/linkattacher_plugin) by extensions ['colcon_meta']
[0.804s] colcon.colcon_core.package_identification Level 1 _identify(src/linkattacher_plugin) by extension 'colcon_meta'
[0.804s] colcon.colcon_core.package_identification Level 1 _identify(src/linkattacher_plugin) by extensions ['ros']
[0.804s] colcon.colcon_core.package_identification Level 1 _identify(src/linkattacher_plugin) by extension 'ros'
[0.806s] colcon.colcon_core.package_identification DEBUG Package 'src/linkattacher_plugin' with type 'ros.ament_cmake' and name 'ros2_linkattacher'
[0.806s] colcon.colcon_core.package_identification Level 1 _identify(src/ros2_robotiq_3f_gripper) by extensions ['ignore', 'ignore_ament_install']
[0.806s] colcon.colcon_core.package_identification Level 1 _identify(src/ros2_robotiq_3f_gripper) by extension 'ignore'
[0.806s] colcon.colcon_core.package_identification Level 1 _identify(src/ros2_robotiq_3f_gripper) by extension 'ignore_ament_install'
[0.806s] colcon.colcon_core.package_identification Level 1 _identify(src/ros2_robotiq_3f_gripper) by extensions ['colcon_pkg']
[0.806s] colcon.colcon_core.package_identification Level 1 _identify(src/ros2_robotiq_3f_gripper) by extension 'colcon_pkg'
[0.807s] colcon.colcon_core.package_identification Level 1 _identify(src/ros2_robotiq_3f_gripper) by extensions ['colcon_meta']
[0.807s] colcon.colcon_core.package_identification Level 1 _identify(src/ros2_robotiq_3f_gripper) by extension 'colcon_meta'
[0.807s] colcon.colcon_core.package_identification Level 1 _identify(src/ros2_robotiq_3f_gripper) by extensions ['ros']
[0.807s] colcon.colcon_core.package_identification Level 1 _identify(src/ros2_robotiq_3f_gripper) by extension 'ros'
[0.807s] colcon.colcon_core.package_identification Level 1 _identify(src/ros2_robotiq_3f_gripper) by extensions ['cmake', 'python']
[0.807s] colcon.colcon_core.package_identification Level 1 _identify(src/ros2_robotiq_3f_gripper) by extension 'cmake'
[0.807s] colcon.colcon_core.package_identification Level 1 _identify(src/ros2_robotiq_3f_gripper) by extension 'python'
[0.807s] colcon.colcon_core.package_identification Level 1 _identify(src/ros2_robotiq_3f_gripper) by extensions ['python_setup_py']
[0.807s] colcon.colcon_core.package_identification Level 1 _identify(src/ros2_robotiq_3f_gripper) by extension 'python_setup_py'
[0.808s] colcon.colcon_core.package_identification Level 1 _identify(src/ros2_robotiq_3f_gripper/robotiq_3f_description) by extensions ['ignore', 'ignore_ament_install']
[0.808s] colcon.colcon_core.package_identification Level 1 _identify(src/ros2_robotiq_3f_gripper/robotiq_3f_description) by extension 'ignore'
[0.808s] colcon.colcon_core.package_identification Level 1 _identify(src/ros2_robotiq_3f_gripper/robotiq_3f_description) by extension 'ignore_ament_install'
[0.808s] colcon.colcon_core.package_identification Level 1 _identify(src/ros2_robotiq_3f_gripper/robotiq_3f_description) by extensions ['colcon_pkg']
[0.808s] colcon.colcon_core.package_identification Level 1 _identify(src/ros2_robotiq_3f_gripper/robotiq_3f_description) by extension 'colcon_pkg'
[0.808s] colcon.colcon_core.package_identification Level 1 _identify(src/ros2_robotiq_3f_gripper/robotiq_3f_description) by extensions ['colcon_meta']
[0.808s] colcon.colcon_core.package_identification Level 1 _identify(src/ros2_robotiq_3f_gripper/robotiq_3f_description) by extension 'colcon_meta'
[0.808s] colcon.colcon_core.package_identification Level 1 _identify(src/ros2_robotiq_3f_gripper/robotiq_3f_description) by extensions ['ros']
[0.808s] colcon.colcon_core.package_identification Level 1 _identify(src/ros2_robotiq_3f_gripper/robotiq_3f_description) by extension 'ros'
[0.809s] colcon.colcon_core.package_identification DEBUG Package 'src/ros2_robotiq_3f_gripper/robotiq_3f_description' with type 'ros.ament_cmake' and name 'robotiq_3f_description'
[0.810s] colcon.colcon_core.package_identification Level 1 _identify(src/ros2_robotiq_3f_gripper/robotiq_3f_driver) by extensions ['ignore', 'ignore_ament_install']
[0.810s] colcon.colcon_core.package_identification Level 1 _identify(src/ros2_robotiq_3f_gripper/robotiq_3f_driver) by extension 'ignore'
[0.810s] colcon.colcon_core.package_identification Level 1 _identify(src/ros2_robotiq_3f_gripper/robotiq_3f_driver) ignored
[0.810s] colcon.colcon_core.package_identification Level 1 _identify(src/ros2_robotiq_3f_gripper/robotiq_3f_hardware_tests) by extensions ['ignore', 'ignore_ament_install']
[0.810s] colcon.colcon_core.package_identification Level 1 _identify(src/ros2_robotiq_3f_gripper/robotiq_3f_hardware_tests) by extension 'ignore'
[0.810s] colcon.colcon_core.package_identification Level 1 _identify(src/ros2_robotiq_3f_gripper/robotiq_3f_hardware_tests) ignored
[0.811s] colcon.colcon_core.package_identification Level 1 _identify(src/ros2_robotiq_3f_gripper/robotiq_3f_interfaces) by extensions ['ignore', 'ignore_ament_install']
[0.811s] colcon.colcon_core.package_identification Level 1 _identify(src/ros2_robotiq_3f_gripper/robotiq_3f_interfaces) by extension 'ignore'
[0.811s] colcon.colcon_core.package_identification Level 1 _identify(src/ros2_robotiq_3f_gripper/robotiq_3f_interfaces) by extension 'ignore_ament_install'
[0.811s] colcon.colcon_core.package_identification Level 1 _identify(src/ros2_robotiq_3f_gripper/robotiq_3f_interfaces) by extensions ['colcon_pkg']
[0.811s] colcon.colcon_core.package_identification Level 1 _identify(src/ros2_robotiq_3f_gripper/robotiq_3f_interfaces) by extension 'colcon_pkg'
[0.811s] colcon.colcon_core.package_identification Level 1 _identify(src/ros2_robotiq_3f_gripper/robotiq_3f_interfaces) by extensions ['colcon_meta']
[0.811s] colcon.colcon_core.package_identification Level 1 _identify(src/ros2_robotiq_3f_gripper/robotiq_3f_interfaces) by extension 'colcon_meta'
[0.811s] colcon.colcon_core.package_identification Level 1 _identify(src/ros2_robotiq_3f_gripper/robotiq_3f_interfaces) by extensions ['ros']
[0.811s] colcon.colcon_core.package_identification Level 1 _identify(src/ros2_robotiq_3f_gripper/robotiq_3f_interfaces) by extension 'ros'
[0.813s] colcon.colcon_core.package_identification DEBUG Package 'src/ros2_robotiq_3f_gripper/robotiq_3f_interfaces' with type 'ros.ament_cmake' and name 'robotiq_3f_interfaces'
[0.813s] colcon.colcon_core.package_identification Level 1 _identify(src/ros2_robotiq_3f_gripper/robotiq_3f_transmission_plugins) by extensions ['ignore', 'ignore_ament_install']
[0.813s] colcon.colcon_core.package_identification Level 1 _identify(src/ros2_robotiq_3f_gripper/robotiq_3f_transmission_plugins) by extension 'ignore'
[0.813s] colcon.colcon_core.package_identification Level 1 _identify(src/ros2_robotiq_3f_gripper/robotiq_3f_transmission_plugins) ignored
[0.813s] colcon.colcon_core.package_identification Level 1 _identify(src/ros2_robotiq_gripper) by extensions ['ignore', 'ignore_ament_install']
[0.813s] colcon.colcon_core.package_identification Level 1 _identify(src/ros2_robotiq_gripper) by extension 'ignore'
[0.814s] colcon.colcon_core.package_identification Level 1 _identify(src/ros2_robotiq_gripper) by extension 'ignore_ament_install'
[0.814s] colcon.colcon_core.package_identification Level 1 _identify(src/ros2_robotiq_gripper) by extensions ['colcon_pkg']
[0.814s] colcon.colcon_core.package_identification Level 1 _identify(src/ros2_robotiq_gripper) by extension 'colcon_pkg'
[0.814s] colcon.colcon_core.package_identification Level 1 _identify(src/ros2_robotiq_gripper) by extensions ['colcon_meta']
[0.814s] colcon.colcon_core.package_identification Level 1 _identify(src/ros2_robotiq_gripper) by extension 'colcon_meta'
[0.814s] colcon.colcon_core.package_identification Level 1 _identify(src/ros2_robotiq_gripper) by extensions ['ros']
[0.814s] colcon.colcon_core.package_identification Level 1 _identify(src/ros2_robotiq_gripper) by extension 'ros'
[0.814s] colcon.colcon_core.package_identification Level 1 _identify(src/ros2_robotiq_gripper) by extensions ['cmake', 'python']
[0.814s] colcon.colcon_core.package_identification Level 1 _identify(src/ros2_robotiq_gripper) by extension 'cmake'
[0.814s] colcon.colcon_core.package_identification Level 1 _identify(src/ros2_robotiq_gripper) by extension 'python'
[0.815s] colcon.colcon_core.package_identification Level 1 _identify(src/ros2_robotiq_gripper) by extensions ['python_setup_py']
[0.815s] colcon.colcon_core.package_identification Level 1 _identify(src/ros2_robotiq_gripper) by extension 'python_setup_py'
[0.815s] colcon.colcon_core.package_identification Level 1 _identify(src/ros2_robotiq_gripper/robotiq_controllers) by extensions ['ignore', 'ignore_ament_install']
[0.815s] colcon.colcon_core.package_identification Level 1 _identify(src/ros2_robotiq_gripper/robotiq_controllers) by extension 'ignore'
[0.815s] colcon.colcon_core.package_identification Level 1 _identify(src/ros2_robotiq_gripper/robotiq_controllers) by extension 'ignore_ament_install'
[0.815s] colcon.colcon_core.package_identification Level 1 _identify(src/ros2_robotiq_gripper/robotiq_controllers) by extensions ['colcon_pkg']
[0.815s] colcon.colcon_core.package_identification Level 1 _identify(src/ros2_robotiq_gripper/robotiq_controllers) by extension 'colcon_pkg'
[0.815s] colcon.colcon_core.package_identification Level 1 _identify(src/ros2_robotiq_gripper/robotiq_controllers) by extensions ['colcon_meta']
[0.816s] colcon.colcon_core.package_identification Level 1 _identify(src/ros2_robotiq_gripper/robotiq_controllers) by extension 'colcon_meta'
[0.816s] colcon.colcon_core.package_identification Level 1 _identify(src/ros2_robotiq_gripper/robotiq_controllers) by extensions ['ros']
[0.816s] colcon.colcon_core.package_identification Level 1 _identify(src/ros2_robotiq_gripper/robotiq_controllers) by extension 'ros'
[0.817s] colcon.colcon_core.package_identification DEBUG Package 'src/ros2_robotiq_gripper/robotiq_controllers' with type 'ros.ament_cmake' and name 'robotiq_controllers'
[0.817s] colcon.colcon_core.package_identification Level 1 _identify(src/ros2_robotiq_gripper/robotiq_description) by extensions ['ignore', 'ignore_ament_install']
[0.817s] colcon.colcon_core.package_identification Level 1 _identify(src/ros2_robotiq_gripper/robotiq_description) by extension 'ignore'
[0.818s] colcon.colcon_core.package_identification Level 1 _identify(src/ros2_robotiq_gripper/robotiq_description) by extension 'ignore_ament_install'
[0.818s] colcon.colcon_core.package_identification Level 1 _identify(src/ros2_robotiq_gripper/robotiq_description) by extensions ['colcon_pkg']
[0.818s] colcon.colcon_core.package_identification Level 1 _identify(src/ros2_robotiq_gripper/robotiq_description) by extension 'colcon_pkg'
[0.818s] colcon.colcon_core.package_identification Level 1 _identify(src/ros2_robotiq_gripper/robotiq_description) by extensions ['colcon_meta']
[0.818s] colcon.colcon_core.package_identification Level 1 _identify(src/ros2_robotiq_gripper/robotiq_description) by extension 'colcon_meta'
[0.818s] colcon.colcon_core.package_identification Level 1 _identify(src/ros2_robotiq_gripper/robotiq_description) by extensions ['ros']
[0.818s] colcon.colcon_core.package_identification Level 1 _identify(src/ros2_robotiq_gripper/robotiq_description) by extension 'ros'
[0.819s] colcon.colcon_core.package_identification DEBUG Package 'src/ros2_robotiq_gripper/robotiq_description' with type 'ros.ament_cmake' and name 'robotiq_description'
[0.820s] colcon.colcon_core.package_identification Level 1 _identify(src/ur10_camera_gripper_moveit_config) by extensions ['ignore', 'ignore_ament_install']
[0.820s] colcon.colcon_core.package_identification Level 1 _identify(src/ur10_camera_gripper_moveit_config) by extension 'ignore'
[0.820s] colcon.colcon_core.package_identification Level 1 _identify(src/ur10_camera_gripper_moveit_config) by extension 'ignore_ament_install'
[0.820s] colcon.colcon_core.package_identification Level 1 _identify(src/ur10_camera_gripper_moveit_config) by extensions ['colcon_pkg']
[0.820s] colcon.colcon_core.package_identification Level 1 _identify(src/ur10_camera_gripper_moveit_config) by extension 'colcon_pkg'
[0.820s] colcon.colcon_core.package_identification Level 1 _identify(src/ur10_camera_gripper_moveit_config) by extensions ['colcon_meta']
[0.820s] colcon.colcon_core.package_identification Level 1 _identify(src/ur10_camera_gripper_moveit_config) by extension 'colcon_meta'
[0.820s] colcon.colcon_core.package_identification Level 1 _identify(src/ur10_camera_gripper_moveit_config) by extensions ['ros']
[0.820s] colcon.colcon_core.package_identification Level 1 _identify(src/ur10_camera_gripper_moveit_config) by extension 'ros'
[0.822s] colcon.colcon_core.package_identification DEBUG Package 'src/ur10_camera_gripper_moveit_config' with type 'ros.ament_cmake' and name 'ur10_camera_gripper_moveit_config'
[0.822s] colcon.colcon_core.package_identification Level 1 _identify(src/ur10_camera_moveit_config) by extensions ['ignore', 'ignore_ament_install']
[0.823s] colcon.colcon_core.package_identification Level 1 _identify(src/ur10_camera_moveit_config) by extension 'ignore'
[0.823s] colcon.colcon_core.package_identification Level 1 _identify(src/ur10_camera_moveit_config) ignored
[0.823s] colcon.colcon_core.package_identification Level 1 _identify(src/ur_yt_sim) by extensions ['ignore', 'ignore_ament_install']
[0.823s] colcon.colcon_core.package_identification Level 1 _identify(src/ur_yt_sim) by extension 'ignore'
[0.823s] colcon.colcon_core.package_identification Level 1 _identify(src/ur_yt_sim) by extension 'ignore_ament_install'
[0.823s] colcon.colcon_core.package_identification Level 1 _identify(src/ur_yt_sim) by extensions ['colcon_pkg']
[0.824s] colcon.colcon_core.package_identification Level 1 _identify(src/ur_yt_sim) by extension 'colcon_pkg'
[0.824s] colcon.colcon_core.package_identification Level 1 _identify(src/ur_yt_sim) by extensions ['colcon_meta']
[0.824s] colcon.colcon_core.package_identification Level 1 _identify(src/ur_yt_sim) by extension 'colcon_meta'
[0.824s] colcon.colcon_core.package_identification Level 1 _identify(src/ur_yt_sim) by extensions ['ros']
[0.824s] colcon.colcon_core.package_identification Level 1 _identify(src/ur_yt_sim) by extension 'ros'
[0.825s] colcon.colcon_core.package_identification DEBUG Package 'src/ur_yt_sim' with type 'ros.ament_cmake' and name 'ur_yt_sim'
[0.826s] colcon.colcon_core.package_discovery Level 1 discover_packages(recursive) using defaults
[0.826s] colcon.colcon_core.package_discovery Level 1 discover_packages(ignore) discover
[0.826s] colcon.colcon_core.package_discovery Level 1 discover_packages(ignore) using defaults
[0.826s] colcon.colcon_core.package_discovery Level 1 discover_packages(path) discover
[0.826s] colcon.colcon_core.package_discovery Level 1 discover_packages(path) using defaults
[0.862s] colcon.colcon_core.package_discovery Level 1 discover_packages(prefix_path) check parameters
[0.862s] colcon.colcon_core.package_discovery Level 1 discover_packages(prefix_path) discover
[0.867s] colcon.colcon_installed_package_information.package_discovery DEBUG Found 11 installed packages in /home/ubuntu/ur_camera_ws/install
[0.868s] colcon.colcon_installed_package_information.package_discovery DEBUG Found 0 installed packages in /home/ubuntu/ur10_sim_ws/install
[0.871s] colcon.colcon_installed_package_information.package_discovery DEBUG Found 450 installed packages in /opt/ros/humble
[0.878s] colcon.colcon_core.package_discovery Level 1 discover_packages(prefix_path) using defaults
[0.996s] colcon.colcon_core.verb Level 5 set package 'linkattacher_msgs' build argument 'cmake_args' from command line to '['-DCMAKE_BUILD_TYPE=Release']'
[0.996s] colcon.colcon_core.verb Level 5 set package 'linkattacher_msgs' build argument 'cmake_target' from command line to 'None'
[0.996s] colcon.colcon_core.verb Level 5 set package 'linkattacher_msgs' build argument 'cmake_target_skip_unavailable' from command line to 'False'
[0.996s] colcon.colcon_core.verb Level 5 set package 'linkattacher_msgs' build argument 'cmake_clean_cache' from command line to 'False'
[0.996s] colcon.colcon_core.verb Level 5 set package 'linkattacher_msgs' build argument 'cmake_clean_first' from command line to 'False'
[0.996s] colcon.colcon_core.verb Level 5 set package 'linkattacher_msgs' build argument 'cmake_force_configure' from command line to 'False'
[0.997s] colcon.colcon_core.verb Level 5 set package 'linkattacher_msgs' build argument 'ament_cmake_args' from command line to 'None'
[0.997s] colcon.colcon_core.verb Level 5 set package 'linkattacher_msgs' build argument 'catkin_cmake_args' from command line to 'None'
[0.997s] colcon.colcon_core.verb Level 5 set package 'linkattacher_msgs' build argument 'catkin_skip_building_tests' from command line to 'False'
[0.997s] colcon.colcon_core.verb DEBUG Building package 'linkattacher_msgs' with the following arguments: {'ament_cmake_args': None, 'build_base': '/home/ubuntu/research_ws/ur10_pick_place_ws/build/linkattacher_msgs', 'catkin_cmake_args': None, 'catkin_skip_building_tests': False, 'cmake_args': ['-DCMAKE_BUILD_TYPE=Release'], 'cmake_clean_cache': False, 'cmake_clean_first': False, 'cmake_force_configure': False, 'cmake_target': None, 'cmake_target_skip_unavailable': False, 'install_base': '/home/ubuntu/research_ws/ur10_pick_place_ws/install/linkattacher_msgs', 'merge_install': False, 'path': '/home/ubuntu/research_ws/ur10_pick_place_ws/src/linkattacher_msgs', 'symlink_install': False, 'test_result_base': None}
[0.997s] colcon.colcon_core.verb Level 5 set package 'robotiq_3f_description' build argument 'cmake_args' from command line to '['-DCMAKE_BUILD_TYPE=Release']'
[0.998s] colcon.colcon_core.verb Level 5 set package 'robotiq_3f_description' build argument 'cmake_target' from command line to 'None'
[0.998s] colcon.colcon_core.verb Level 5 set package 'robotiq_3f_description' build argument 'cmake_target_skip_unavailable' from command line to 'False'
[0.998s] colcon.colcon_core.verb Level 5 set package 'robotiq_3f_description' build argument 'cmake_clean_cache' from command line to 'False'
[0.998s] colcon.colcon_core.verb Level 5 set package 'robotiq_3f_description' build argument 'cmake_clean_first' from command line to 'False'
[0.998s] colcon.colcon_core.verb Level 5 set package 'robotiq_3f_description' build argument 'cmake_force_configure' from command line to 'False'
[0.998s] colcon.colcon_core.verb Level 5 set package 'robotiq_3f_description' build argument 'ament_cmake_args' from command line to 'None'
[0.998s] colcon.colcon_core.verb Level 5 set package 'robotiq_3f_description' build argument 'catkin_cmake_args' from command line to 'None'
[0.998s] colcon.colcon_core.verb Level 5 set package 'robotiq_3f_description' build argument 'catkin_skip_building_tests' from command line to 'False'
[0.998s] colcon.colcon_core.verb DEBUG Building package 'robotiq_3f_description' with the following arguments: {'ament_cmake_args': None, 'build_base': '/home/ubuntu/research_ws/ur10_pick_place_ws/build/robotiq_3f_description', 'catkin_cmake_args': None, 'catkin_skip_building_tests': False, 'cmake_args': ['-DCMAKE_BUILD_TYPE=Release'], 'cmake_clean_cache': False, 'cmake_clean_first': False, 'cmake_force_configure': False, 'cmake_target': None, 'cmake_target_skip_unavailable': False, 'install_base': '/home/ubuntu/research_ws/ur10_pick_place_ws/install/robotiq_3f_description', 'merge_install': False, 'path': '/home/ubuntu/research_ws/ur10_pick_place_ws/src/ros2_robotiq_3f_gripper/robotiq_3f_description', 'symlink_install': False, 'test_result_base': None}
[0.999s] colcon.colcon_core.verb Level 5 set package 'robotiq_3f_interfaces' build argument 'cmake_args' from command line to '['-DCMAKE_BUILD_TYPE=Release']'
[0.999s] colcon.colcon_core.verb Level 5 set package 'robotiq_3f_interfaces' build argument 'cmake_target' from command line to 'None'
[0.999s] colcon.colcon_core.verb Level 5 set package 'robotiq_3f_interfaces' build argument 'cmake_target_skip_unavailable' from command line to 'False'
[0.999s] colcon.colcon_core.verb Level 5 set package 'robotiq_3f_interfaces' build argument 'cmake_clean_cache' from command line to 'False'
[0.999s] colcon.colcon_core.verb Level 5 set package 'robotiq_3f_interfaces' build argument 'cmake_clean_first' from command line to 'False'
[0.999s] colcon.colcon_core.verb Level 5 set package 'robotiq_3f_interfaces' build argument 'cmake_force_configure' from command line to 'False'
[0.999s] colcon.colcon_core.verb Level 5 set package 'robotiq_3f_interfaces' build argument 'ament_cmake_args' from command line to 'None'
[0.999s] colcon.colcon_core.verb Level 5 set package 'robotiq_3f_interfaces' build argument 'catkin_cmake_args' from command line to 'None'
[0.999s] colcon.colcon_core.verb Level 5 set package 'robotiq_3f_interfaces' build argument 'catkin_skip_building_tests' from command line to 'False'
[0.999s] colcon.colcon_core.verb DEBUG Building package 'robotiq_3f_interfaces' with the following arguments: {'ament_cmake_args': None, 'build_base': '/home/ubuntu/research_ws/ur10_pick_place_ws/build/robotiq_3f_interfaces', 'catkin_cmake_args': None, 'catkin_skip_building_tests': False, 'cmake_args': ['-DCMAKE_BUILD_TYPE=Release'], 'cmake_clean_cache': False, 'cmake_clean_first': False, 'cmake_force_configure': False, 'cmake_target': None, 'cmake_target_skip_unavailable': False, 'install_base': '/home/ubuntu/research_ws/ur10_pick_place_ws/install/robotiq_3f_interfaces', 'merge_install': False, 'path': '/home/ubuntu/research_ws/ur10_pick_place_ws/src/ros2_robotiq_3f_gripper/robotiq_3f_interfaces', 'symlink_install': False, 'test_result_base': None}
[1.000s] colcon.colcon_core.verb Level 5 set package 'robotiq_controllers' build argument 'cmake_args' from command line to '['-DCMAKE_BUILD_TYPE=Release']'
[1.000s] colcon.colcon_core.verb Level 5 set package 'robotiq_controllers' build argument 'cmake_target' from command line to 'None'
[1.000s] colcon.colcon_core.verb Level 5 set package 'robotiq_controllers' build argument 'cmake_target_skip_unavailable' from command line to 'False'
[1.000s] colcon.colcon_core.verb Level 5 set package 'robotiq_controllers' build argument 'cmake_clean_cache' from command line to 'False'
[1.000s] colcon.colcon_core.verb Level 5 set package 'robotiq_controllers' build argument 'cmake_clean_first' from command line to 'False'
[1.000s] colcon.colcon_core.verb Level 5 set package 'robotiq_controllers' build argument 'cmake_force_configure' from command line to 'False'
[1.000s] colcon.colcon_core.verb Level 5 set package 'robotiq_controllers' build argument 'ament_cmake_args' from command line to 'None'
[1.000s] colcon.colcon_core.verb Level 5 set package 'robotiq_controllers' build argument 'catkin_cmake_args' from command line to 'None'
[1.000s] colcon.colcon_core.verb Level 5 set package 'robotiq_controllers' build argument 'catkin_skip_building_tests' from command line to 'False'
[1.000s] colcon.colcon_core.verb DEBUG Building package 'robotiq_controllers' with the following arguments: {'ament_cmake_args': None, 'build_base': '/home/ubuntu/research_ws/ur10_pick_place_ws/build/robotiq_controllers', 'catkin_cmake_args': None, 'catkin_skip_building_tests': False, 'cmake_args': ['-DCMAKE_BUILD_TYPE=Release'], 'cmake_clean_cache': False, 'cmake_clean_first': False, 'cmake_force_configure': False, 'cmake_target': None, 'cmake_target_skip_unavailable': False, 'install_base': '/home/ubuntu/research_ws/ur10_pick_place_ws/install/robotiq_controllers', 'merge_install': False, 'path': '/home/ubuntu/research_ws/ur10_pick_place_ws/src/ros2_robotiq_gripper/robotiq_controllers', 'symlink_install': False, 'test_result_base': None}
[1.001s] colcon.colcon_core.verb Level 5 set package 'robotiq_description' build argument 'cmake_args' from command line to '['-DCMAKE_BUILD_TYPE=Release']'
[1.001s] colcon.colcon_core.verb Level 5 set package 'robotiq_description' build argument 'cmake_target' from command line to 'None'
[1.001s] colcon.colcon_core.verb Level 5 set package 'robotiq_description' build argument 'cmake_target_skip_unavailable' from command line to 'False'
[1.001s] colcon.colcon_core.verb Level 5 set package 'robotiq_description' build argument 'cmake_clean_cache' from command line to 'False'
[1.001s] colcon.colcon_core.verb Level 5 set package 'robotiq_description' build argument 'cmake_clean_first' from command line to 'False'
[1.001s] colcon.colcon_core.verb Level 5 set package 'robotiq_description' build argument 'cmake_force_configure' from command line to 'False'
[1.001s] colcon.colcon_core.verb Level 5 set package 'robotiq_description' build argument 'ament_cmake_args' from command line to 'None'
[1.001s] colcon.colcon_core.verb Level 5 set package 'robotiq_description' build argument 'catkin_cmake_args' from command line to 'None'
[1.001s] colcon.colcon_core.verb Level 5 set package 'robotiq_description' build argument 'catkin_skip_building_tests' from command line to 'False'
[1.001s] colcon.colcon_core.verb DEBUG Building package 'robotiq_description' with the following arguments: {'ament_cmake_args': None, 'build_base': '/home/ubuntu/research_ws/ur10_pick_place_ws/build/robotiq_description', 'catkin_cmake_args': None, 'catkin_skip_building_tests': False, 'cmake_args': ['-DCMAKE_BUILD_TYPE=Release'], 'cmake_clean_cache': False, 'cmake_clean_first': False, 'cmake_force_configure': False, 'cmake_target': None, 'cmake_target_skip_unavailable': False, 'install_base': '/home/ubuntu/research_ws/ur10_pick_place_ws/install/robotiq_description', 'merge_install': False, 'path': '/home/ubuntu/research_ws/ur10_pick_place_ws/src/ros2_robotiq_gripper/robotiq_description', 'symlink_install': False, 'test_result_base': None}
[1.002s] colcon.colcon_core.verb Level 5 set package 'ur_simulation_gazebo' build argument 'cmake_args' from command line to '['-DCMAKE_BUILD_TYPE=Release']'
[1.002s] colcon.colcon_core.verb Level 5 set package 'ur_simulation_gazebo' build argument 'cmake_target' from command line to 'None'
[1.002s] colcon.colcon_core.verb Level 5 set package 'ur_simulation_gazebo' build argument 'cmake_target_skip_unavailable' from command line to 'False'
[1.002s] colcon.colcon_core.verb Level 5 set package 'ur_simulation_gazebo' build argument 'cmake_clean_cache' from command line to 'False'
[1.002s] colcon.colcon_core.verb Level 5 set package 'ur_simulation_gazebo' build argument 'cmake_clean_first' from command line to 'False'
[1.002s] colcon.colcon_core.verb Level 5 set package 'ur_simulation_gazebo' build argument 'cmake_force_configure' from command line to 'False'
[1.002s] colcon.colcon_core.verb Level 5 set package 'ur_simulation_gazebo' build argument 'ament_cmake_args' from command line to 'None'
[1.002s] colcon.colcon_core.verb Level 5 set package 'ur_simulation_gazebo' build argument 'catkin_cmake_args' from command line to 'None'
[1.002s] colcon.colcon_core.verb Level 5 set package 'ur_simulation_gazebo' build argument 'catkin_skip_building_tests' from command line to 'False'
[1.002s] colcon.colcon_core.verb DEBUG Building package 'ur_simulation_gazebo' with the following arguments: {'ament_cmake_args': None, 'build_base': '/home/ubuntu/research_ws/ur10_pick_place_ws/build/ur_simulation_gazebo', 'catkin_cmake_args': None, 'catkin_skip_building_tests': False, 'cmake_args': ['-DCMAKE_BUILD_TYPE=Release'], 'cmake_clean_cache': False, 'cmake_clean_first': False, 'cmake_force_configure': False, 'cmake_target': None, 'cmake_target_skip_unavailable': False, 'install_base': '/home/ubuntu/research_ws/ur10_pick_place_ws/install/ur_simulation_gazebo', 'merge_install': False, 'path': '/home/ubuntu/research_ws/ur10_pick_place_ws/src/Universal_Robots_ROS2_Gazebo_Simulation/ur_simulation_gazebo', 'symlink_install': False, 'test_result_base': None}
[1.003s] colcon.colcon_core.verb Level 5 set package 'ros2_linkattacher' build argument 'cmake_args' from command line to '['-DCMAKE_BUILD_TYPE=Release']'
[1.003s] colcon.colcon_core.verb Level 5 set package 'ros2_linkattacher' build argument 'cmake_target' from command line to 'None'
[1.003s] colcon.colcon_core.verb Level 5 set package 'ros2_linkattacher' build argument 'cmake_target_skip_unavailable' from command line to 'False'
[1.003s] colcon.colcon_core.verb Level 5 set package 'ros2_linkattacher' build argument 'cmake_clean_cache' from command line to 'False'
[1.003s] colcon.colcon_core.verb Level 5 set package 'ros2_linkattacher' build argument 'cmake_clean_first' from command line to 'False'
[1.003s] colcon.colcon_core.verb Level 5 set package 'ros2_linkattacher' build argument 'cmake_force_configure' from command line to 'False'
[1.003s] colcon.colcon_core.verb Level 5 set package 'ros2_linkattacher' build argument 'ament_cmake_args' from command line to 'None'
[1.004s] colcon.colcon_core.verb Level 5 set package 'ros2_linkattacher' build argument 'catkin_cmake_args' from command line to 'None'
[1.004s] colcon.colcon_core.verb Level 5 set package 'ros2_linkattacher' build argument 'catkin_skip_building_tests' from command line to 'False'
[1.004s] colcon.colcon_core.verb DEBUG Building package 'ros2_linkattacher' with the following arguments: {'ament_cmake_args': None, 'build_base': '/home/ubuntu/research_ws/ur10_pick_place_ws/build/ros2_linkattacher', 'catkin_cmake_args': None, 'catkin_skip_building_tests': False, 'cmake_args': ['-DCMAKE_BUILD_TYPE=Release'], 'cmake_clean_cache': False, 'cmake_clean_first': False, 'cmake_force_configure': False, 'cmake_target': None, 'cmake_target_skip_unavailable': False, 'install_base': '/home/ubuntu/research_ws/ur10_pick_place_ws/install/ros2_linkattacher', 'merge_install': False, 'path': '/home/ubuntu/research_ws/ur10_pick_place_ws/src/linkattacher_plugin', 'symlink_install': False, 'test_result_base': None}
[1.004s] colcon.colcon_core.verb Level 5 set package 'ur_yt_sim' build argument 'cmake_args' from command line to '['-DCMAKE_BUILD_TYPE=Release']'
[1.004s] colcon.colcon_core.verb Level 5 set package 'ur_yt_sim' build argument 'cmake_target' from command line to 'None'
[1.004s] colcon.colcon_core.verb Level 5 set package 'ur_yt_sim' build argument 'cmake_target_skip_unavailable' from command line to 'False'
[1.004s] colcon.colcon_core.verb Level 5 set package 'ur_yt_sim' build argument 'cmake_clean_cache' from command line to 'False'
[1.004s] colcon.colcon_core.verb Level 5 set package 'ur_yt_sim' build argument 'cmake_clean_first' from command line to 'False'
[1.005s] colcon.colcon_core.verb Level 5 set package 'ur_yt_sim' build argument 'cmake_force_configure' from command line to 'False'
[1.005s] colcon.colcon_core.verb Level 5 set package 'ur_yt_sim' build argument 'ament_cmake_args' from command line to 'None'
[1.005s] colcon.colcon_core.verb Level 5 set package 'ur_yt_sim' build argument 'catkin_cmake_args' from command line to 'None'
[1.005s] colcon.colcon_core.verb Level 5 set package 'ur_yt_sim' build argument 'catkin_skip_building_tests' from command line to 'False'
[1.005s] colcon.colcon_core.verb DEBUG Building package 'ur_yt_sim' with the following arguments: {'ament_cmake_args': None, 'build_base': '/home/ubuntu/research_ws/ur10_pick_place_ws/build/ur_yt_sim', 'catkin_cmake_args': None, 'catkin_skip_building_tests': False, 'cmake_args': ['-DCMAKE_BUILD_TYPE=Release'], 'cmake_clean_cache': False, 'cmake_clean_first': False, 'cmake_force_configure': False, 'cmake_target': None, 'cmake_target_skip_unavailable': False, 'install_base': '/home/ubuntu/research_ws/ur10_pick_place_ws/install/ur_yt_sim', 'merge_install': False, 'path': '/home/ubuntu/research_ws/ur10_pick_place_ws/src/ur_yt_sim', 'symlink_install': False, 'test_result_base': None}
[1.005s] colcon.colcon_core.verb Level 5 set package 'ur10_camera_gripper_moveit_config' build argument 'cmake_args' from command line to '['-DCMAKE_BUILD_TYPE=Release']'
[1.005s] colcon.colcon_core.verb Level 5 set package 'ur10_camera_gripper_moveit_config' build argument 'cmake_target' from command line to 'None'
[1.005s] colcon.colcon_core.verb Level 5 set package 'ur10_camera_gripper_moveit_config' build argument 'cmake_target_skip_unavailable' from command line to 'False'
[1.006s] colcon.colcon_core.verb Level 5 set package 'ur10_camera_gripper_moveit_config' build argument 'cmake_clean_cache' from command line to 'False'
[1.006s] colcon.colcon_core.verb Level 5 set package 'ur10_camera_gripper_moveit_config' build argument 'cmake_clean_first' from command line to 'False'
[1.006s] colcon.colcon_core.verb Level 5 set package 'ur10_camera_gripper_moveit_config' build argument 'cmake_force_configure' from command line to 'False'
[1.006s] colcon.colcon_core.verb Level 5 set package 'ur10_camera_gripper_moveit_config' build argument 'ament_cmake_args' from command line to 'None'
[1.006s] colcon.colcon_core.verb Level 5 set package 'ur10_camera_gripper_moveit_config' build argument 'catkin_cmake_args' from command line to 'None'
[1.006s] colcon.colcon_core.verb Level 5 set package 'ur10_camera_gripper_moveit_config' build argument 'catkin_skip_building_tests' from command line to 'False'
[1.006s] colcon.colcon_core.verb DEBUG Building package 'ur10_camera_gripper_moveit_config' with the following arguments: {'ament_cmake_args': None, 'build_base': '/home/ubuntu/research_ws/ur10_pick_place_ws/build/ur10_camera_gripper_moveit_config', 'catkin_cmake_args': None, 'catkin_skip_building_tests': False, 'cmake_args': ['-DCMAKE_BUILD_TYPE=Release'], 'cmake_clean_cache': False, 'cmake_clean_first': False, 'cmake_force_configure': False, 'cmake_target': None, 'cmake_target_skip_unavailable': False, 'install_base': '/home/ubuntu/research_ws/ur10_pick_place_ws/install/ur10_camera_gripper_moveit_config', 'merge_install': False, 'path': '/home/ubuntu/research_ws/ur10_pick_place_ws/src/ur10_camera_gripper_moveit_config', 'symlink_install': False, 'test_result_base': None}
[1.006s] colcon.colcon_core.executor INFO Executing jobs using 'parallel' executor
[1.009s] colcon.colcon_parallel_executor.executor.parallel DEBUG run_until_complete
[1.009s] colcon.colcon_ros.task.ament_cmake.build INFO Building ROS package in '/home/ubuntu/research_ws/ur10_pick_place_ws/src/linkattacher_msgs' with build type 'ament_cmake'
[1.010s] colcon.colcon_cmake.task.cmake.build INFO Building CMake package in '/home/ubuntu/research_ws/ur10_pick_place_ws/src/linkattacher_msgs'
[1.015s] colcon.colcon_core.plugin_system INFO Skipping extension 'colcon_core.shell.bat': Not used on non-Windows systems
[1.015s] colcon.colcon_core.shell INFO Skip shell extension 'powershell' for command environment: Not usable outside of PowerShell
[1.015s] colcon.colcon_core.shell DEBUG Skip shell extension 'dsv' for command environment
[1.025s] colcon.colcon_ros.task.ament_cmake.build INFO Building ROS package in '/home/ubuntu/research_ws/ur10_pick_place_ws/src/ros2_robotiq_3f_gripper/robotiq_3f_description' with build type 'ament_cmake'
[1.025s] colcon.colcon_cmake.task.cmake.build INFO Building CMake package in '/home/ubuntu/research_ws/ur10_pick_place_ws/src/ros2_robotiq_3f_gripper/robotiq_3f_description'
[1.026s] colcon.colcon_core.shell INFO Skip shell extension 'powershell' for command environment: Not usable outside of PowerShell
[1.026s] colcon.colcon_core.shell DEBUG Skip shell extension 'dsv' for command environment
[1.035s] colcon.colcon_ros.task.ament_cmake.build INFO Building ROS package in '/home/ubuntu/research_ws/ur10_pick_place_ws/src/ros2_robotiq_3f_gripper/robotiq_3f_interfaces' with build type 'ament_cmake'
[1.035s] colcon.colcon_cmake.task.cmake.build INFO Building CMake package in '/home/ubuntu/research_ws/ur10_pick_place_ws/src/ros2_robotiq_3f_gripper/robotiq_3f_interfaces'
[1.036s] colcon.colcon_core.shell INFO Skip shell extension 'powershell' for command environment: Not usable outside of PowerShell
[1.036s] colcon.colcon_core.shell DEBUG Skip shell extension 'dsv' for command environment
[1.045s] colcon.colcon_ros.task.ament_cmake.build INFO Building ROS package in '/home/ubuntu/research_ws/ur10_pick_place_ws/src/ros2_robotiq_gripper/robotiq_controllers' with build type 'ament_cmake'
[1.045s] colcon.colcon_cmake.task.cmake.build INFO Building CMake package in '/home/ubuntu/research_ws/ur10_pick_place_ws/src/ros2_robotiq_gripper/robotiq_controllers'
[1.046s] colcon.colcon_core.shell INFO Skip shell extension 'powershell' for command environment: Not usable outside of PowerShell
[1.046s] colcon.colcon_core.shell DEBUG Skip shell extension 'dsv' for command environment
[1.055s] colcon.colcon_ros.task.ament_cmake.build INFO Building ROS package in '/home/ubuntu/research_ws/ur10_pick_place_ws/src/ros2_robotiq_gripper/robotiq_description' with build type 'ament_cmake'
[1.056s] colcon.colcon_cmake.task.cmake.build INFO Building CMake package in '/home/ubuntu/research_ws/ur10_pick_place_ws/src/ros2_robotiq_gripper/robotiq_description'
[1.056s] colcon.colcon_core.shell INFO Skip shell extension 'powershell' for command environment: Not usable outside of PowerShell
[1.056s] colcon.colcon_core.shell DEBUG Skip shell extension 'dsv' for command environment
[1.065s] colcon.colcon_ros.task.ament_cmake.build INFO Building ROS package in '/home/ubuntu/research_ws/ur10_pick_place_ws/src/Universal_Robots_ROS2_Gazebo_Simulation/ur_simulation_gazebo' with build type 'ament_cmake'
[1.065s] colcon.colcon_cmake.task.cmake.build INFO Building CMake package in '/home/ubuntu/research_ws/ur10_pick_place_ws/src/Universal_Robots_ROS2_Gazebo_Simulation/ur_simulation_gazebo'
[1.066s] colcon.colcon_core.shell INFO Skip shell extension 'powershell' for command environment: Not usable outside of PowerShell
[1.066s] colcon.colcon_core.shell DEBUG Skip shell extension 'dsv' for command environment
[1.085s] colcon.colcon_core.event_handler.log_command DEBUG Invoking command in '/home/ubuntu/research_ws/ur10_pick_place_ws/build/linkattacher_msgs': CMAKE_PREFIX_PATH=${CMAKE_PREFIX_PATH}:/home/ubuntu/ur_camera_ws/install/pick_place:/home/ubuntu/ur_camera_ws/install/easy_handeye2:/opt/ros/humble /usr/bin/cmake --build /home/ubuntu/research_ws/ur10_pick_place_ws/build/linkattacher_msgs -- -j12 -l12
[1.089s] colcon.colcon_core.event_handler.log_command DEBUG Invoking command in '/home/ubuntu/research_ws/ur10_pick_place_ws/build/robotiq_3f_description': CMAKE_PREFIX_PATH=${CMAKE_PREFIX_PATH}:/home/ubuntu/ur_camera_ws/install/pick_place:/home/ubuntu/ur_camera_ws/install/easy_handeye2:/opt/ros/humble /usr/bin/cmake --build /home/ubuntu/research_ws/ur10_pick_place_ws/build/robotiq_3f_description -- -j12 -l12
[1.094s] colcon.colcon_core.event_handler.log_command DEBUG Invoking command in '/home/ubuntu/research_ws/ur10_pick_place_ws/build/robotiq_3f_interfaces': CMAKE_PREFIX_PATH=${CMAKE_PREFIX_PATH}:/home/ubuntu/ur_camera_ws/install/pick_place:/home/ubuntu/ur_camera_ws/install/easy_handeye2:/opt/ros/humble /usr/bin/cmake --build /home/ubuntu/research_ws/ur10_pick_place_ws/build/robotiq_3f_interfaces -- -j12 -l12
[1.099s] colcon.colcon_core.event_handler.log_command DEBUG Invoking command in '/home/ubuntu/research_ws/ur10_pick_place_ws/build/robotiq_controllers': CMAKE_PREFIX_PATH=${CMAKE_PREFIX_PATH}:/home/ubuntu/ur_camera_ws/install/pick_place:/home/ubuntu/ur_camera_ws/install/easy_handeye2:/opt/ros/humble /usr/bin/cmake --build /home/ubuntu/research_ws/ur10_pick_place_ws/build/robotiq_controllers -- -j12 -l12
[1.104s] colcon.colcon_core.event_handler.log_command DEBUG Invoking command in '/home/ubuntu/research_ws/ur10_pick_place_ws/build/robotiq_description': CMAKE_PREFIX_PATH=${CMAKE_PREFIX_PATH}:/home/ubuntu/ur_camera_ws/install/pick_place:/home/ubuntu/ur_camera_ws/install/easy_handeye2:/opt/ros/humble /usr/bin/cmake --build /home/ubuntu/research_ws/ur10_pick_place_ws/build/robotiq_description -- -j12 -l12
[1.112s] colcon.colcon_core.event_handler.log_command DEBUG Invoking command in '/home/ubuntu/research_ws/ur10_pick_place_ws/build/ur_simulation_gazebo': CMAKE_PREFIX_PATH=${CMAKE_PREFIX_PATH}:/home/ubuntu/ur_camera_ws/install/pick_place:/home/ubuntu/ur_camera_ws/install/easy_handeye2:/opt/ros/humble /usr/bin/cmake --build /home/ubuntu/research_ws/ur10_pick_place_ws/build/ur_simulation_gazebo -- -j12 -l12
[1.166s] colcon.colcon_core.event_handler.log_command DEBUG Invoked command in '/home/ubuntu/research_ws/ur10_pick_place_ws/build/robotiq_3f_description' returned '0': CMAKE_PREFIX_PATH=${CMAKE_PREFIX_PATH}:/home/ubuntu/ur_camera_ws/install/pick_place:/home/ubuntu/ur_camera_ws/install/easy_handeye2:/opt/ros/humble /usr/bin/cmake --build /home/ubuntu/research_ws/ur10_pick_place_ws/build/robotiq_3f_description -- -j12 -l12
[1.187s] colcon.colcon_core.event_handler.log_command DEBUG Invoking command in '/home/ubuntu/research_ws/ur10_pick_place_ws/build/robotiq_3f_description': CMAKE_PREFIX_PATH=${CMAKE_PREFIX_PATH}:/home/ubuntu/ur_camera_ws/install/pick_place:/home/ubuntu/ur_camera_ws/install/easy_handeye2:/opt/ros/humble /usr/bin/cmake --install /home/ubuntu/research_ws/ur10_pick_place_ws/build/robotiq_3f_description
[1.195s] colcon.colcon_core.event_handler.log_command DEBUG Invoked command in '/home/ubuntu/research_ws/ur10_pick_place_ws/build/robotiq_description' returned '0': CMAKE_PREFIX_PATH=${CMAKE_PREFIX_PATH}:/home/ubuntu/ur_camera_ws/install/pick_place:/home/ubuntu/ur_camera_ws/install/easy_handeye2:/opt/ros/humble /usr/bin/cmake --build /home/ubuntu/research_ws/ur10_pick_place_ws/build/robotiq_description -- -j12 -l12
[1.196s] colcon.colcon_core.event_handler.log_command DEBUG Invoking command in '/home/ubuntu/research_ws/ur10_pick_place_ws/build/robotiq_description': CMAKE_PREFIX_PATH=${CMAKE_PREFIX_PATH}:/home/ubuntu/ur_camera_ws/install/pick_place:/home/ubuntu/ur_camera_ws/install/easy_handeye2:/opt/ros/humble /usr/bin/cmake --install /home/ubuntu/research_ws/ur10_pick_place_ws/build/robotiq_description
[1.197s] colcon.colcon_core.event_handler.log_command DEBUG Invoked command in '/home/ubuntu/research_ws/ur10_pick_place_ws/build/ur_simulation_gazebo' returned '0': CMAKE_PREFIX_PATH=${CMAKE_PREFIX_PATH}:/home/ubuntu/ur_camera_ws/install/pick_place:/home/ubuntu/ur_camera_ws/install/easy_handeye2:/opt/ros/humble /usr/bin/cmake --build /home/ubuntu/research_ws/ur10_pick_place_ws/build/ur_simulation_gazebo -- -j12 -l12
[1.199s] colcon.colcon_core.event_handler.log_command DEBUG Invoking command in '/home/ubuntu/research_ws/ur10_pick_place_ws/build/ur_simulation_gazebo': CMAKE_PREFIX_PATH=${CMAKE_PREFIX_PATH}:/home/ubuntu/ur_camera_ws/install/pick_place:/home/ubuntu/ur_camera_ws/install/easy_handeye2:/opt/ros/humble /usr/bin/cmake --install /home/ubuntu/research_ws/ur10_pick_place_ws/build/ur_simulation_gazebo
[1.213s] colcon.colcon_core.environment Level 1 create_environment_scripts_only(robotiq_3f_description)
[1.230s] colcon.colcon_core.environment Level 1 checking '/home/ubuntu/research_ws/ur10_pick_place_ws/install/robotiq_3f_description' for CMake module files
[1.238s] colcon.colcon_core.event_handler.log_command DEBUG Invoked command in '/home/ubuntu/research_ws/ur10_pick_place_ws/build/robotiq_3f_description' returned '0': CMAKE_PREFIX_PATH=${CMAKE_PREFIX_PATH}:/home/ubuntu/ur_camera_ws/install/pick_place:/home/ubuntu/ur_camera_ws/install/easy_handeye2:/opt/ros/humble /usr/bin/cmake --install /home/ubuntu/research_ws/ur10_pick_place_ws/build/robotiq_3f_description
[1.239s] colcon.colcon_core.environment Level 1 checking '/home/ubuntu/research_ws/ur10_pick_place_ws/install/robotiq_3f_description' for CMake config files
[1.240s] colcon.colcon_core.shell Level 1 create_environment_hook('robotiq_3f_description', 'cmake_prefix_path')
[1.241s] colcon.colcon_core.shell INFO Creating environment hook '/home/ubuntu/research_ws/ur10_pick_place_ws/install/robotiq_3f_description/share/robotiq_3f_description/hook/cmake_prefix_path.ps1'
[1.243s] colcon.colcon_core.shell INFO Creating environment descriptor '/home/ubuntu/research_ws/ur10_pick_place_ws/install/robotiq_3f_description/share/robotiq_3f_description/hook/cmake_prefix_path.dsv'
[1.244s] colcon.colcon_core.shell INFO Creating environment hook '/home/ubuntu/research_ws/ur10_pick_place_ws/install/robotiq_3f_description/share/robotiq_3f_description/hook/cmake_prefix_path.sh'
[1.247s] colcon.colcon_core.environment Level 1 checking '/home/ubuntu/research_ws/ur10_pick_place_ws/install/robotiq_3f_description/bin'
[1.247s] colcon.colcon_core.environment Level 1 checking '/home/ubuntu/research_ws/ur10_pick_place_ws/install/robotiq_3f_description/lib/pkgconfig/robotiq_3f_description.pc'
[1.248s] colcon.colcon_core.environment Level 1 checking '/home/ubuntu/research_ws/ur10_pick_place_ws/install/robotiq_3f_description/lib/python3.10/site-packages'
[1.249s] colcon.colcon_core.environment Level 1 checking '/home/ubuntu/research_ws/ur10_pick_place_ws/install/robotiq_3f_description/bin'
[1.250s] colcon.colcon_core.shell INFO Creating package script '/home/ubuntu/research_ws/ur10_pick_place_ws/install/robotiq_3f_description/share/robotiq_3f_description/package.ps1'
[1.252s] colcon.colcon_core.shell INFO Creating package descriptor '/home/ubuntu/research_ws/ur10_pick_place_ws/install/robotiq_3f_description/share/robotiq_3f_description/package.dsv'
[1.254s] colcon.colcon_core.shell INFO Creating package script '/home/ubuntu/research_ws/ur10_pick_place_ws/install/robotiq_3f_description/share/robotiq_3f_description/package.sh'
[1.256s] colcon.colcon_core.shell INFO Creating package script '/home/ubuntu/research_ws/ur10_pick_place_ws/install/robotiq_3f_description/share/robotiq_3f_description/package.bash'
[1.258s] colcon.colcon_core.shell INFO Creating package script '/home/ubuntu/research_ws/ur10_pick_place_ws/install/robotiq_3f_description/share/robotiq_3f_description/package.zsh'
[1.259s] colcon.colcon_core.environment Level 1 create_file_with_runtime_dependencies(/home/ubuntu/research_ws/ur10_pick_place_ws/install/robotiq_3f_description/share/colcon-core/packages/robotiq_3f_description)
[1.261s] colcon.colcon_core.environment Level 1 create_environment_scripts_only(robotiq_3f_description)
[1.261s] colcon.colcon_core.environment Level 1 checking '/home/ubuntu/research_ws/ur10_pick_place_ws/install/robotiq_3f_description' for CMake module files
[1.262s] colcon.colcon_core.environment Level 1 checking '/home/ubuntu/research_ws/ur10_pick_place_ws/install/robotiq_3f_description' for CMake config files
[1.263s] colcon.colcon_core.shell Level 1 create_environment_hook('robotiq_3f_description', 'cmake_prefix_path')
[1.264s] colcon.colcon_core.shell INFO Creating environment hook '/home/ubuntu/research_ws/ur10_pick_place_ws/install/robotiq_3f_description/share/robotiq_3f_description/hook/cmake_prefix_path.ps1'
[1.265s] colcon.colcon_core.shell INFO Creating environment descriptor '/home/ubuntu/research_ws/ur10_pick_place_ws/install/robotiq_3f_description/share/robotiq_3f_description/hook/cmake_prefix_path.dsv'
[1.266s] colcon.colcon_core.shell INFO Creating environment hook '/home/ubuntu/research_ws/ur10_pick_place_ws/install/robotiq_3f_description/share/robotiq_3f_description/hook/cmake_prefix_path.sh'
[1.268s] colcon.colcon_core.environment Level 1 checking '/home/ubuntu/research_ws/ur10_pick_place_ws/install/robotiq_3f_description/bin'
[1.268s] colcon.colcon_core.environment Level 1 checking '/home/ubuntu/research_ws/ur10_pick_place_ws/install/robotiq_3f_description/lib/pkgconfig/robotiq_3f_description.pc'
[1.269s] colcon.colcon_core.environment Level 1 checking '/home/ubuntu/research_ws/ur10_pick_place_ws/install/robotiq_3f_description/lib/python3.10/site-packages'
[1.269s] colcon.colcon_core.environment Level 1 checking '/home/ubuntu/research_ws/ur10_pick_place_ws/install/robotiq_3f_description/bin'
[1.270s] colcon.colcon_core.shell INFO Creating package script '/home/ubuntu/research_ws/ur10_pick_place_ws/install/robotiq_3f_description/share/robotiq_3f_description/package.ps1'
[1.272s] colcon.colcon_core.shell INFO Creating package descriptor '/home/ubuntu/research_ws/ur10_pick_place_ws/install/robotiq_3f_description/share/robotiq_3f_description/package.dsv'
[1.273s] colcon.colcon_core.shell INFO Creating package script '/home/ubuntu/research_ws/ur10_pick_place_ws/install/robotiq_3f_description/share/robotiq_3f_description/package.sh'
[1.274s] colcon.colcon_core.shell INFO Creating package script '/home/ubuntu/research_ws/ur10_pick_place_ws/install/robotiq_3f_description/share/robotiq_3f_description/package.bash'
[1.275s] colcon.colcon_core.shell INFO Creating package script '/home/ubuntu/research_ws/ur10_pick_place_ws/install/robotiq_3f_description/share/robotiq_3f_description/package.zsh'
[1.276s] colcon.colcon_core.environment Level 1 create_file_with_runtime_dependencies(/home/ubuntu/research_ws/ur10_pick_place_ws/install/robotiq_3f_description/share/colcon-core/packages/robotiq_3f_description)
[1.280s] colcon.colcon_core.environment Level 1 create_environment_scripts_only(robotiq_description)
[1.281s] colcon.colcon_core.environment Level 1 checking '/home/ubuntu/research_ws/ur10_pick_place_ws/install/robotiq_description' for CMake module files
[1.284s] colcon.colcon_core.environment Level 1 checking '/home/ubuntu/research_ws/ur10_pick_place_ws/install/robotiq_description' for CMake config files
[1.289s] colcon.colcon_core.shell Level 1 create_environment_hook('robotiq_description', 'cmake_prefix_path')
[1.290s] colcon.colcon_core.shell INFO Creating environment hook '/home/ubuntu/research_ws/ur10_pick_place_ws/install/robotiq_description/share/robotiq_description/hook/cmake_prefix_path.ps1'
[1.291s] colcon.colcon_core.shell INFO Creating environment descriptor '/home/ubuntu/research_ws/ur10_pick_place_ws/install/robotiq_description/share/robotiq_description/hook/cmake_prefix_path.dsv'
[1.293s] colcon.colcon_core.shell INFO Creating environment hook '/home/ubuntu/research_ws/ur10_pick_place_ws/install/robotiq_description/share/robotiq_description/hook/cmake_prefix_path.sh'
[1.295s] colcon.colcon_core.event_handler.log_command DEBUG Invoked command in '/home/ubuntu/research_ws/ur10_pick_place_ws/build/robotiq_description' returned '0': CMAKE_PREFIX_PATH=${CMAKE_PREFIX_PATH}:/home/ubuntu/ur_camera_ws/install/pick_place:/home/ubuntu/ur_camera_ws/install/easy_handeye2:/opt/ros/humble /usr/bin/cmake --install /home/ubuntu/research_ws/ur10_pick_place_ws/build/robotiq_description
[1.296s] colcon.colcon_core.environment Level 1 checking '/home/ubuntu/research_ws/ur10_pick_place_ws/install/robotiq_description/bin'
[1.296s] colcon.colcon_core.environment Level 1 checking '/home/ubuntu/research_ws/ur10_pick_place_ws/install/robotiq_description/lib/pkgconfig/robotiq_description.pc'
[1.296s] colcon.colcon_core.environment Level 1 checking '/home/ubuntu/research_ws/ur10_pick_place_ws/install/robotiq_description/lib/python3.10/site-packages'
[1.297s] colcon.colcon_core.environment Level 1 checking '/home/ubuntu/research_ws/ur10_pick_place_ws/install/robotiq_description/bin'
[1.298s] colcon.colcon_core.shell INFO Creating package script '/home/ubuntu/research_ws/ur10_pick_place_ws/install/robotiq_description/share/robotiq_description/package.ps1'
[1.300s] colcon.colcon_core.shell INFO Creating package descriptor '/home/ubuntu/research_ws/ur10_pick_place_ws/install/robotiq_description/share/robotiq_description/package.dsv'
[1.301s] colcon.colcon_core.shell INFO Creating package script '/home/ubuntu/research_ws/ur10_pick_place_ws/install/robotiq_description/share/robotiq_description/package.sh'
[1.302s] colcon.colcon_core.shell INFO Creating package script '/home/ubuntu/research_ws/ur10_pick_place_ws/install/robotiq_description/share/robotiq_description/package.bash'
[1.303s] colcon.colcon_core.shell INFO Creating package script '/home/ubuntu/research_ws/ur10_pick_place_ws/install/robotiq_description/share/robotiq_description/package.zsh'
[1.303s] colcon.colcon_core.environment Level 1 create_file_with_runtime_dependencies(/home/ubuntu/research_ws/ur10_pick_place_ws/install/robotiq_description/share/colcon-core/packages/robotiq_description)
[1.305s] colcon.colcon_core.environment Level 1 create_environment_scripts_only(robotiq_description)
[1.305s] colcon.colcon_core.environment Level 1 checking '/home/ubuntu/research_ws/ur10_pick_place_ws/install/robotiq_description' for CMake module files
[1.306s] colcon.colcon_core.environment Level 1 checking '/home/ubuntu/research_ws/ur10_pick_place_ws/install/robotiq_description' for CMake config files
[1.307s] colcon.colcon_core.shell Level 1 create_environment_hook('robotiq_description', 'cmake_prefix_path')
[1.308s] colcon.colcon_core.shell INFO Creating environment hook '/home/ubuntu/research_ws/ur10_pick_place_ws/install/robotiq_description/share/robotiq_description/hook/cmake_prefix_path.ps1'
[1.309s] colcon.colcon_core.shell INFO Creating environment descriptor '/home/ubuntu/research_ws/ur10_pick_place_ws/install/robotiq_description/share/robotiq_description/hook/cmake_prefix_path.dsv'
[1.310s] colcon.colcon_core.shell INFO Creating environment hook '/home/ubuntu/research_ws/ur10_pick_place_ws/install/robotiq_description/share/robotiq_description/hook/cmake_prefix_path.sh'
[1.311s] colcon.colcon_core.environment Level 1 checking '/home/ubuntu/research_ws/ur10_pick_place_ws/install/robotiq_description/bin'
[1.312s] colcon.colcon_core.environment Level 1 checking '/home/ubuntu/research_ws/ur10_pick_place_ws/install/robotiq_description/lib/pkgconfig/robotiq_description.pc'
[1.312s] colcon.colcon_core.environment Level 1 checking '/home/ubuntu/research_ws/ur10_pick_place_ws/install/robotiq_description/lib/python3.10/site-packages'
[1.313s] colcon.colcon_core.environment Level 1 checking '/home/ubuntu/research_ws/ur10_pick_place_ws/install/robotiq_description/bin'
[1.314s] colcon.colcon_core.shell INFO Creating package script '/home/ubuntu/research_ws/ur10_pick_place_ws/install/robotiq_description/share/robotiq_description/package.ps1'
[1.315s] colcon.colcon_core.shell INFO Creating package descriptor '/home/ubuntu/research_ws/ur10_pick_place_ws/install/robotiq_description/share/robotiq_description/package.dsv'
[1.316s] colcon.colcon_core.shell INFO Creating package script '/home/ubuntu/research_ws/ur10_pick_place_ws/install/robotiq_description/share/robotiq_description/package.sh'
[1.317s] colcon.colcon_core.shell INFO Creating package script '/home/ubuntu/research_ws/ur10_pick_place_ws/install/robotiq_description/share/robotiq_description/package.bash'
[1.318s] colcon.colcon_core.shell INFO Creating package script '/home/ubuntu/research_ws/ur10_pick_place_ws/install/robotiq_description/share/robotiq_description/package.zsh'
[1.319s] colcon.colcon_core.environment Level 1 create_file_with_runtime_dependencies(/home/ubuntu/research_ws/ur10_pick_place_ws/install/robotiq_description/share/colcon-core/packages/robotiq_description)
[1.320s] colcon.colcon_core.environment Level 1 create_environment_scripts_only(ur_simulation_gazebo)
[1.321s] colcon.colcon_core.environment Level 1 checking '/home/ubuntu/research_ws/ur10_pick_place_ws/install/ur_simulation_gazebo' for CMake module files
[1.324s] colcon.colcon_core.event_handler.log_command DEBUG Invoked command in '/home/ubuntu/research_ws/ur10_pick_place_ws/build/ur_simulation_gazebo' returned '0': CMAKE_PREFIX_PATH=${CMAKE_PREFIX_PATH}:/home/ubuntu/ur_camera_ws/install/pick_place:/home/ubuntu/ur_camera_ws/install/easy_handeye2:/opt/ros/humble /usr/bin/cmake --install /home/ubuntu/research_ws/ur10_pick_place_ws/build/ur_simulation_gazebo
[1.324s] colcon.colcon_core.environment Level 1 checking '/home/ubuntu/research_ws/ur10_pick_place_ws/install/ur_simulation_gazebo' for CMake config files
[1.325s] colcon.colcon_core.shell Level 1 create_environment_hook('ur_simulation_gazebo', 'cmake_prefix_path')
[1.326s] colcon.colcon_core.shell INFO Creating environment hook '/home/ubuntu/research_ws/ur10_pick_place_ws/install/ur_simulation_gazebo/share/ur_simulation_gazebo/hook/cmake_prefix_path.ps1'
[1.327s] colcon.colcon_core.shell INFO Creating environment descriptor '/home/ubuntu/research_ws/ur10_pick_place_ws/install/ur_simulation_gazebo/share/ur_simulation_gazebo/hook/cmake_prefix_path.dsv'
[1.328s] colcon.colcon_core.shell INFO Creating environment hook '/home/ubuntu/research_ws/ur10_pick_place_ws/install/ur_simulation_gazebo/share/ur_simulation_gazebo/hook/cmake_prefix_path.sh'
[1.329s] colcon.colcon_core.environment Level 1 checking '/home/ubuntu/research_ws/ur10_pick_place_ws/install/ur_simulation_gazebo/bin'
[1.329s] colcon.colcon_core.environment Level 1 checking '/home/ubuntu/research_ws/ur10_pick_place_ws/install/ur_simulation_gazebo/lib/pkgconfig/ur_simulation_gazebo.pc'
[1.330s] colcon.colcon_core.environment Level 1 checking '/home/ubuntu/research_ws/ur10_pick_place_ws/install/ur_simulation_gazebo/lib/python3.10/site-packages'
[1.331s] colcon.colcon_core.environment Level 1 checking '/home/ubuntu/research_ws/ur10_pick_place_ws/install/ur_simulation_gazebo/bin'
[1.331s] colcon.colcon_core.shell INFO Creating package script '/home/ubuntu/research_ws/ur10_pick_place_ws/install/ur_simulation_gazebo/share/ur_simulation_gazebo/package.ps1'
[1.333s] colcon.colcon_core.shell INFO Creating package descriptor '/home/ubuntu/research_ws/ur10_pick_place_ws/install/ur_simulation_gazebo/share/ur_simulation_gazebo/package.dsv'
[1.333s] colcon.colcon_core.shell INFO Creating package script '/home/ubuntu/research_ws/ur10_pick_place_ws/install/ur_simulation_gazebo/share/ur_simulation_gazebo/package.sh'
[1.334s] colcon.colcon_core.shell INFO Creating package script '/home/ubuntu/research_ws/ur10_pick_place_ws/install/ur_simulation_gazebo/share/ur_simulation_gazebo/package.bash'
[1.335s] colcon.colcon_core.shell INFO Creating package script '/home/ubuntu/research_ws/ur10_pick_place_ws/install/ur_simulation_gazebo/share/ur_simulation_gazebo/package.zsh'
[1.336s] colcon.colcon_core.environment Level 1 create_file_with_runtime_dependencies(/home/ubuntu/research_ws/ur10_pick_place_ws/install/ur_simulation_gazebo/share/colcon-core/packages/ur_simulation_gazebo)
[1.337s] colcon.colcon_core.environment Level 1 create_environment_scripts_only(ur_simulation_gazebo)
[1.338s] colcon.colcon_core.environment Level 1 checking '/home/ubuntu/research_ws/ur10_pick_place_ws/install/ur_simulation_gazebo' for CMake module files
[1.339s] colcon.colcon_core.environment Level 1 checking '/home/ubuntu/research_ws/ur10_pick_place_ws/install/ur_simulation_gazebo' for CMake config files
[1.340s] colcon.colcon_core.shell Level 1 create_environment_hook('ur_simulation_gazebo', 'cmake_prefix_path')
[1.340s] colcon.colcon_core.shell INFO Creating environment hook '/home/ubuntu/research_ws/ur10_pick_place_ws/install/ur_simulation_gazebo/share/ur_simulation_gazebo/hook/cmake_prefix_path.ps1'
[1.341s] colcon.colcon_core.shell INFO Creating environment descriptor '/home/ubuntu/research_ws/ur10_pick_place_ws/install/ur_simulation_gazebo/share/ur_simulation_gazebo/hook/cmake_prefix_path.dsv'
[1.343s] colcon.colcon_core.shell INFO Creating environment hook '/home/ubuntu/research_ws/ur10_pick_place_ws/install/ur_simulation_gazebo/share/ur_simulation_gazebo/hook/cmake_prefix_path.sh'
[1.344s] colcon.colcon_core.environment Level 1 checking '/home/ubuntu/research_ws/ur10_pick_place_ws/install/ur_simulation_gazebo/bin'
[1.344s] colcon.colcon_core.environment Level 1 checking '/home/ubuntu/research_ws/ur10_pick_place_ws/install/ur_simulation_gazebo/lib/pkgconfig/ur_simulation_gazebo.pc'
[1.345s] colcon.colcon_core.environment Level 1 checking '/home/ubuntu/research_ws/ur10_pick_place_ws/install/ur_simulation_gazebo/lib/python3.10/site-packages'
[1.345s] colcon.colcon_core.environment Level 1 checking '/home/ubuntu/research_ws/ur10_pick_place_ws/install/ur_simulation_gazebo/bin'
[1.346s] colcon.colcon_core.shell INFO Creating package script '/home/ubuntu/research_ws/ur10_pick_place_ws/install/ur_simulation_gazebo/share/ur_simulation_gazebo/package.ps1'
[1.347s] colcon.colcon_core.shell INFO Creating package descriptor '/home/ubuntu/research_ws/ur10_pick_place_ws/install/ur_simulation_gazebo/share/ur_simulation_gazebo/package.dsv'
[1.348s] colcon.colcon_core.shell INFO Creating package script '/home/ubuntu/research_ws/ur10_pick_place_ws/install/ur_simulation_gazebo/share/ur_simulation_gazebo/package.sh'
[1.349s] colcon.colcon_core.shell INFO Creating package script '/home/ubuntu/research_ws/ur10_pick_place_ws/install/ur_simulation_gazebo/share/ur_simulation_gazebo/package.bash'
[1.350s] colcon.colcon_core.shell INFO Creating package script '/home/ubuntu/research_ws/ur10_pick_place_ws/install/ur_simulation_gazebo/share/ur_simulation_gazebo/package.zsh'
[1.351s] colcon.colcon_core.environment Level 1 create_file_with_runtime_dependencies(/home/ubuntu/research_ws/ur10_pick_place_ws/install/ur_simulation_gazebo/share/colcon-core/packages/ur_simulation_gazebo)
[1.355s] colcon.colcon_core.event_handler.log_command DEBUG Invoked command in '/home/ubuntu/research_ws/ur10_pick_place_ws/build/robotiq_controllers' returned '0': CMAKE_PREFIX_PATH=${CMAKE_PREFIX_PATH}:/home/ubuntu/ur_camera_ws/install/pick_place:/home/ubuntu/ur_camera_ws/install/easy_handeye2:/opt/ros/humble /usr/bin/cmake --build /home/ubuntu/research_ws/ur10_pick_place_ws/build/robotiq_controllers -- -j12 -l12
[1.357s] colcon.colcon_core.event_handler.log_command DEBUG Invoking command in '/home/ubuntu/research_ws/ur10_pick_place_ws/build/robotiq_controllers': CMAKE_PREFIX_PATH=${CMAKE_PREFIX_PATH}:/home/ubuntu/ur_camera_ws/install/pick_place:/home/ubuntu/ur_camera_ws/install/easy_handeye2:/opt/ros/humble /usr/bin/cmake --install /home/ubuntu/research_ws/ur10_pick_place_ws/build/robotiq_controllers
[1.386s] colcon.colcon_core.environment Level 1 create_environment_scripts_only(robotiq_controllers)
[1.387s] colcon.colcon_core.environment Level 1 checking '/home/ubuntu/research_ws/ur10_pick_place_ws/install/robotiq_controllers' for CMake module files
[1.388s] colcon.colcon_core.event_handler.log_command DEBUG Invoked command in '/home/ubuntu/research_ws/ur10_pick_place_ws/build/robotiq_controllers' returned '0': CMAKE_PREFIX_PATH=${CMAKE_PREFIX_PATH}:/home/ubuntu/ur_camera_ws/install/pick_place:/home/ubuntu/ur_camera_ws/install/easy_handeye2:/opt/ros/humble /usr/bin/cmake --install /home/ubuntu/research_ws/ur10_pick_place_ws/build/robotiq_controllers
[1.388s] colcon.colcon_core.environment Level 1 checking '/home/ubuntu/research_ws/ur10_pick_place_ws/install/robotiq_controllers' for CMake config files
[1.389s] colcon.colcon_core.shell Level 1 create_environment_hook('robotiq_controllers', 'cmake_prefix_path')
[1.389s] colcon.colcon_core.shell INFO Creating environment hook '/home/ubuntu/research_ws/ur10_pick_place_ws/install/robotiq_controllers/share/robotiq_controllers/hook/cmake_prefix_path.ps1'
[1.391s] colcon.colcon_core.shell INFO Creating environment descriptor '/home/ubuntu/research_ws/ur10_pick_place_ws/install/robotiq_controllers/share/robotiq_controllers/hook/cmake_prefix_path.dsv'
[1.392s] colcon.colcon_core.shell INFO Creating environment hook '/home/ubuntu/research_ws/ur10_pick_place_ws/install/robotiq_controllers/share/robotiq_controllers/hook/cmake_prefix_path.sh'
[1.393s] colcon.colcon_core.environment Level 1 checking '/home/ubuntu/research_ws/ur10_pick_place_ws/install/robotiq_controllers/lib'
[1.394s] colcon.colcon_core.shell Level 1 create_environment_hook('robotiq_controllers', 'ld_library_path_lib')
[1.394s] colcon.colcon_core.shell INFO Creating environment hook '/home/ubuntu/research_ws/ur10_pick_place_ws/install/robotiq_controllers/share/robotiq_controllers/hook/ld_library_path_lib.ps1'
[1.395s] colcon.colcon_core.shell INFO Creating environment descriptor '/home/ubuntu/research_ws/ur10_pick_place_ws/install/robotiq_controllers/share/robotiq_controllers/hook/ld_library_path_lib.dsv'
[1.396s] colcon.colcon_core.shell INFO Creating environment hook '/home/ubuntu/research_ws/ur10_pick_place_ws/install/robotiq_controllers/share/robotiq_controllers/hook/ld_library_path_lib.sh'
[1.397s] colcon.colcon_core.environment Level 1 checking '/home/ubuntu/research_ws/ur10_pick_place_ws/install/robotiq_controllers/bin'
[1.397s] colcon.colcon_core.environment Level 1 checking '/home/ubuntu/research_ws/ur10_pick_place_ws/install/robotiq_controllers/lib/pkgconfig/robotiq_controllers.pc'
[1.397s] colcon.colcon_core.environment Level 1 checking '/home/ubuntu/research_ws/ur10_pick_place_ws/install/robotiq_controllers/lib/python3.10/site-packages'
[1.398s] colcon.colcon_core.environment Level 1 checking '/home/ubuntu/research_ws/ur10_pick_place_ws/install/robotiq_controllers/bin'
[1.399s] colcon.colcon_core.shell INFO Creating package script '/home/ubuntu/research_ws/ur10_pick_place_ws/install/robotiq_controllers/share/robotiq_controllers/package.ps1'
[1.401s] colcon.colcon_core.shell INFO Creating package descriptor '/home/ubuntu/research_ws/ur10_pick_place_ws/install/robotiq_controllers/share/robotiq_controllers/package.dsv'
[1.402s] colcon.colcon_core.shell INFO Creating package script '/home/ubuntu/research_ws/ur10_pick_place_ws/install/robotiq_controllers/share/robotiq_controllers/package.sh'
[1.403s] colcon.colcon_core.shell INFO Creating package script '/home/ubuntu/research_ws/ur10_pick_place_ws/install/robotiq_controllers/share/robotiq_controllers/package.bash'
[1.404s] colcon.colcon_core.shell INFO Creating package script '/home/ubuntu/research_ws/ur10_pick_place_ws/install/robotiq_controllers/share/robotiq_controllers/package.zsh'
[1.404s] colcon.colcon_core.environment Level 1 create_file_with_runtime_dependencies(/home/ubuntu/research_ws/ur10_pick_place_ws/install/robotiq_controllers/share/colcon-core/packages/robotiq_controllers)
[1.406s] colcon.colcon_core.environment Level 1 create_environment_scripts_only(robotiq_controllers)
[1.406s] colcon.colcon_core.environment Level 1 checking '/home/ubuntu/research_ws/ur10_pick_place_ws/install/robotiq_controllers' for CMake module files
[1.407s] colcon.colcon_core.environment Level 1 checking '/home/ubuntu/research_ws/ur10_pick_place_ws/install/robotiq_controllers' for CMake config files
[1.408s] colcon.colcon_core.shell Level 1 create_environment_hook('robotiq_controllers', 'cmake_prefix_path')
[1.408s] colcon.colcon_core.shell INFO Creating environment hook '/home/ubuntu/research_ws/ur10_pick_place_ws/install/robotiq_controllers/share/robotiq_controllers/hook/cmake_prefix_path.ps1'
[1.410s] colcon.colcon_core.shell INFO Creating environment descriptor '/home/ubuntu/research_ws/ur10_pick_place_ws/install/robotiq_controllers/share/robotiq_controllers/hook/cmake_prefix_path.dsv'
[1.410s] colcon.colcon_core.shell INFO Creating environment hook '/home/ubuntu/research_ws/ur10_pick_place_ws/install/robotiq_controllers/share/robotiq_controllers/hook/cmake_prefix_path.sh'
[1.412s] colcon.colcon_core.environment Level 1 checking '/home/ubuntu/research_ws/ur10_pick_place_ws/install/robotiq_controllers/lib'
[1.412s] colcon.colcon_core.shell Level 1 create_environment_hook('robotiq_controllers', 'ld_library_path_lib')
[1.412s] colcon.colcon_core.shell INFO Creating environment hook '/home/ubuntu/research_ws/ur10_pick_place_ws/install/robotiq_controllers/share/robotiq_controllers/hook/ld_library_path_lib.ps1'
[1.413s] colcon.colcon_core.shell INFO Creating environment descriptor '/home/ubuntu/research_ws/ur10_pick_place_ws/install/robotiq_controllers/share/robotiq_controllers/hook/ld_library_path_lib.dsv'
[1.414s] colcon.colcon_core.shell INFO Creating environment hook '/home/ubuntu/research_ws/ur10_pick_place_ws/install/robotiq_controllers/share/robotiq_controllers/hook/ld_library_path_lib.sh'
[1.415s] colcon.colcon_core.environment Level 1 checking '/home/ubuntu/research_ws/ur10_pick_place_ws/install/robotiq_controllers/bin'
[1.415s] colcon.colcon_core.environment Level 1 checking '/home/ubuntu/research_ws/ur10_pick_place_ws/install/robotiq_controllers/lib/pkgconfig/robotiq_controllers.pc'
[1.416s] colcon.colcon_core.environment Level 1 checking '/home/ubuntu/research_ws/ur10_pick_place_ws/install/robotiq_controllers/lib/python3.10/site-packages'
[1.416s] colcon.colcon_core.environment Level 1 checking '/home/ubuntu/research_ws/ur10_pick_place_ws/install/robotiq_controllers/bin'
[1.417s] colcon.colcon_core.shell INFO Creating package script '/home/ubuntu/research_ws/ur10_pick_place_ws/install/robotiq_controllers/share/robotiq_controllers/package.ps1'
[1.418s] colcon.colcon_core.shell INFO Creating package descriptor '/home/ubuntu/research_ws/ur10_pick_place_ws/install/robotiq_controllers/share/robotiq_controllers/package.dsv'
[1.419s] colcon.colcon_core.shell INFO Creating package script '/home/ubuntu/research_ws/ur10_pick_place_ws/install/robotiq_controllers/share/robotiq_controllers/package.sh'
[1.420s] colcon.colcon_core.shell INFO Creating package script '/home/ubuntu/research_ws/ur10_pick_place_ws/install/robotiq_controllers/share/robotiq_controllers/package.bash'
[1.421s] colcon.colcon_core.shell INFO Creating package script '/home/ubuntu/research_ws/ur10_pick_place_ws/install/robotiq_controllers/share/robotiq_controllers/package.zsh'
[1.422s] colcon.colcon_core.environment Level 1 create_file_with_runtime_dependencies(/home/ubuntu/research_ws/ur10_pick_place_ws/install/robotiq_controllers/share/colcon-core/packages/robotiq_controllers)
[1.986s] colcon.colcon_core.event_handler.log_command DEBUG Invoked command in '/home/ubuntu/research_ws/ur10_pick_place_ws/build/linkattacher_msgs' returned '0': CMAKE_PREFIX_PATH=${CMAKE_PREFIX_PATH}:/home/ubuntu/ur_camera_ws/install/pick_place:/home/ubuntu/ur_camera_ws/install/easy_handeye2:/opt/ros/humble /usr/bin/cmake --build /home/ubuntu/research_ws/ur10_pick_place_ws/build/linkattacher_msgs -- -j12 -l12
[1.990s] colcon.colcon_core.event_handler.log_command DEBUG Invoking command in '/home/ubuntu/research_ws/ur10_pick_place_ws/build/linkattacher_msgs': CMAKE_PREFIX_PATH=${CMAKE_PREFIX_PATH}:/home/ubuntu/ur_camera_ws/install/pick_place:/home/ubuntu/ur_camera_ws/install/easy_handeye2:/opt/ros/humble /usr/bin/cmake --install /home/ubuntu/research_ws/ur10_pick_place_ws/build/linkattacher_msgs
[2.003s] colcon.colcon_core.event_handler.log_command DEBUG Invoked command in '/home/ubuntu/research_ws/ur10_pick_place_ws/build/robotiq_3f_interfaces' returned '0': CMAKE_PREFIX_PATH=${CMAKE_PREFIX_PATH}:/home/ubuntu/ur_camera_ws/install/pick_place:/home/ubuntu/ur_camera_ws/install/easy_handeye2:/opt/ros/humble /usr/bin/cmake --build /home/ubuntu/research_ws/ur10_pick_place_ws/build/robotiq_3f_interfaces -- -j12 -l12
[2.005s] colcon.colcon_core.event_handler.log_command DEBUG Invoking command in '/home/ubuntu/research_ws/ur10_pick_place_ws/build/robotiq_3f_interfaces': CMAKE_PREFIX_PATH=${CMAKE_PREFIX_PATH}:/home/ubuntu/ur_camera_ws/install/pick_place:/home/ubuntu/ur_camera_ws/install/easy_handeye2:/opt/ros/humble /usr/bin/cmake --install /home/ubuntu/research_ws/ur10_pick_place_ws/build/robotiq_3f_interfaces
[2.117s] colcon.colcon_core.environment Level 1 create_environment_scripts_only(linkattacher_msgs)
[2.117s] colcon.colcon_core.environment Level 1 checking '/home/ubuntu/research_ws/ur10_pick_place_ws/install/linkattacher_msgs' for CMake module files
[2.125s] colcon.colcon_core.environment Level 1 checking '/home/ubuntu/research_ws/ur10_pick_place_ws/install/linkattacher_msgs' for CMake config files
[2.128s] colcon.colcon_core.event_handler.log_command DEBUG Invoked command in '/home/ubuntu/research_ws/ur10_pick_place_ws/build/linkattacher_msgs' returned '0': CMAKE_PREFIX_PATH=${CMAKE_PREFIX_PATH}:/home/ubuntu/ur_camera_ws/install/pick_place:/home/ubuntu/ur_camera_ws/install/easy_handeye2:/opt/ros/humble /usr/bin/cmake --install /home/ubuntu/research_ws/ur10_pick_place_ws/build/linkattacher_msgs
[2.131s] colcon.colcon_core.shell Level 1 create_environment_hook('linkattacher_msgs', 'cmake_prefix_path')
[2.132s] colcon.colcon_core.shell INFO Creating environment hook '/home/ubuntu/research_ws/ur10_pick_place_ws/install/linkattacher_msgs/share/linkattacher_msgs/hook/cmake_prefix_path.ps1'
[2.134s] colcon.colcon_core.shell INFO Creating environment descriptor '/home/ubuntu/research_ws/ur10_pick_place_ws/install/linkattacher_msgs/share/linkattacher_msgs/hook/cmake_prefix_path.dsv'
[2.135s] colcon.colcon_core.shell INFO Creating environment hook '/home/ubuntu/research_ws/ur10_pick_place_ws/install/linkattacher_msgs/share/linkattacher_msgs/hook/cmake_prefix_path.sh'
[2.137s] colcon.colcon_core.environment Level 1 checking '/home/ubuntu/research_ws/ur10_pick_place_ws/install/linkattacher_msgs/lib'
[2.138s] colcon.colcon_core.shell Level 1 create_environment_hook('linkattacher_msgs', 'ld_library_path_lib')
[2.138s] colcon.colcon_core.shell INFO Creating environment hook '/home/ubuntu/research_ws/ur10_pick_place_ws/install/linkattacher_msgs/share/linkattacher_msgs/hook/ld_library_path_lib.ps1'
[2.140s] colcon.colcon_core.shell INFO Creating environment descriptor '/home/ubuntu/research_ws/ur10_pick_place_ws/install/linkattacher_msgs/share/linkattacher_msgs/hook/ld_library_path_lib.dsv'
[2.141s] colcon.colcon_core.shell INFO Creating environment hook '/home/ubuntu/research_ws/ur10_pick_place_ws/install/linkattacher_msgs/share/linkattacher_msgs/hook/ld_library_path_lib.sh'
[2.143s] colcon.colcon_core.environment Level 1 checking '/home/ubuntu/research_ws/ur10_pick_place_ws/install/linkattacher_msgs/bin'
[2.143s] colcon.colcon_core.environment Level 1 checking '/home/ubuntu/research_ws/ur10_pick_place_ws/install/linkattacher_msgs/lib/pkgconfig/linkattacher_msgs.pc'
[2.144s] colcon.colcon_core.environment Level 1 checking '/home/ubuntu/research_ws/ur10_pick_place_ws/install/linkattacher_msgs/lib/python3.10/site-packages'
[2.146s] colcon.colcon_core.environment Level 1 checking '/home/ubuntu/research_ws/ur10_pick_place_ws/install/linkattacher_msgs/bin'
[2.147s] colcon.colcon_core.shell INFO Creating package script '/home/ubuntu/research_ws/ur10_pick_place_ws/install/linkattacher_msgs/share/linkattacher_msgs/package.ps1'
[2.149s] colcon.colcon_core.shell INFO Creating package descriptor '/home/ubuntu/research_ws/ur10_pick_place_ws/install/linkattacher_msgs/share/linkattacher_msgs/package.dsv'
[2.151s] colcon.colcon_core.shell INFO Creating package script '/home/ubuntu/research_ws/ur10_pick_place_ws/install/linkattacher_msgs/share/linkattacher_msgs/package.sh'
[2.152s] colcon.colcon_core.shell INFO Creating package script '/home/ubuntu/research_ws/ur10_pick_place_ws/install/linkattacher_msgs/share/linkattacher_msgs/package.bash'
[2.154s] colcon.colcon_core.shell INFO Creating package script '/home/ubuntu/research_ws/ur10_pick_place_ws/install/linkattacher_msgs/share/linkattacher_msgs/package.zsh'
[2.155s] colcon.colcon_core.environment Level 1 create_file_with_runtime_dependencies(/home/ubuntu/research_ws/ur10_pick_place_ws/install/linkattacher_msgs/share/colcon-core/packages/linkattacher_msgs)
[2.157s] colcon.colcon_core.environment Level 1 create_environment_scripts_only(linkattacher_msgs)
[2.158s] colcon.colcon_core.environment Level 1 checking '/home/ubuntu/research_ws/ur10_pick_place_ws/install/linkattacher_msgs' for CMake module files
[2.160s] colcon.colcon_core.environment Level 1 checking '/home/ubuntu/research_ws/ur10_pick_place_ws/install/linkattacher_msgs' for CMake config files
[2.162s] colcon.colcon_core.shell Level 1 create_environment_hook('linkattacher_msgs', 'cmake_prefix_path')
[2.163s] colcon.colcon_core.shell INFO Creating environment hook '/home/ubuntu/research_ws/ur10_pick_place_ws/install/linkattacher_msgs/share/linkattacher_msgs/hook/cmake_prefix_path.ps1'
[2.165s] colcon.colcon_core.shell INFO Creating environment descriptor '/home/ubuntu/research_ws/ur10_pick_place_ws/install/linkattacher_msgs/share/linkattacher_msgs/hook/cmake_prefix_path.dsv'
[2.166s] colcon.colcon_core.shell INFO Creating environment hook '/home/ubuntu/research_ws/ur10_pick_place_ws/install/linkattacher_msgs/share/linkattacher_msgs/hook/cmake_prefix_path.sh'
[2.167s] colcon.colcon_core.environment Level 1 checking '/home/ubuntu/research_ws/ur10_pick_place_ws/install/linkattacher_msgs/lib'
[2.168s] colcon.colcon_core.shell Level 1 create_environment_hook('linkattacher_msgs', 'ld_library_path_lib')
[2.168s] colcon.colcon_core.shell INFO Creating environment hook '/home/ubuntu/research_ws/ur10_pick_place_ws/install/linkattacher_msgs/share/linkattacher_msgs/hook/ld_library_path_lib.ps1'
[2.170s] colcon.colcon_core.shell INFO Creating environment descriptor '/home/ubuntu/research_ws/ur10_pick_place_ws/install/linkattacher_msgs/share/linkattacher_msgs/hook/ld_library_path_lib.dsv'
[2.171s] colcon.colcon_core.shell INFO Creating environment hook '/home/ubuntu/research_ws/ur10_pick_place_ws/install/linkattacher_msgs/share/linkattacher_msgs/hook/ld_library_path_lib.sh'
[2.172s] colcon.colcon_core.environment Level 1 checking '/home/ubuntu/research_ws/ur10_pick_place_ws/install/linkattacher_msgs/bin'
[2.172s] colcon.colcon_core.environment Level 1 checking '/home/ubuntu/research_ws/ur10_pick_place_ws/install/linkattacher_msgs/lib/pkgconfig/linkattacher_msgs.pc'
[2.173s] colcon.colcon_core.environment Level 1 checking '/home/ubuntu/research_ws/ur10_pick_place_ws/install/linkattacher_msgs/lib/python3.10/site-packages'
[2.174s] colcon.colcon_core.environment Level 1 checking '/home/ubuntu/research_ws/ur10_pick_place_ws/install/linkattacher_msgs/bin'
[2.175s] colcon.colcon_core.shell INFO Creating package script '/home/ubuntu/research_ws/ur10_pick_place_ws/install/linkattacher_msgs/share/linkattacher_msgs/package.ps1'
[2.176s] colcon.colcon_core.shell INFO Creating package descriptor '/home/ubuntu/research_ws/ur10_pick_place_ws/install/linkattacher_msgs/share/linkattacher_msgs/package.dsv'
[2.178s] colcon.colcon_core.shell INFO Creating package script '/home/ubuntu/research_ws/ur10_pick_place_ws/install/linkattacher_msgs/share/linkattacher_msgs/package.sh'
[2.179s] colcon.colcon_core.shell INFO Creating package script '/home/ubuntu/research_ws/ur10_pick_place_ws/install/linkattacher_msgs/share/linkattacher_msgs/package.bash'
[2.180s] colcon.colcon_core.shell INFO Creating package script '/home/ubuntu/research_ws/ur10_pick_place_ws/install/linkattacher_msgs/share/linkattacher_msgs/package.zsh'
[2.181s] colcon.colcon_core.environment Level 1 create_file_with_runtime_dependencies(/home/ubuntu/research_ws/ur10_pick_place_ws/install/linkattacher_msgs/share/colcon-core/packages/linkattacher_msgs)
[2.182s] colcon.colcon_ros.task.ament_cmake.build INFO Building ROS package in '/home/ubuntu/research_ws/ur10_pick_place_ws/src/ur_yt_sim' with build type 'ament_cmake'
[2.183s] colcon.colcon_cmake.task.cmake.build INFO Building CMake package in '/home/ubuntu/research_ws/ur10_pick_place_ws/src/ur_yt_sim'
[2.184s] colcon.colcon_core.shell INFO Skip shell extension 'powershell' for command environment: Not usable outside of PowerShell
[2.184s] colcon.colcon_core.shell DEBUG Skip shell extension 'dsv' for command environment
[2.199s] colcon.colcon_ros.task.ament_cmake.build INFO Building ROS package in '/home/ubuntu/research_ws/ur10_pick_place_ws/src/linkattacher_plugin' with build type 'ament_cmake'
[2.199s] colcon.colcon_cmake.task.cmake.build INFO Building CMake package in '/home/ubuntu/research_ws/ur10_pick_place_ws/src/linkattacher_plugin'
[2.200s] colcon.colcon_core.shell INFO Skip shell extension 'powershell' for command environment: Not usable outside of PowerShell
[2.200s] colcon.colcon_core.shell DEBUG Skip shell extension 'dsv' for command environment
[2.215s] colcon.colcon_core.environment Level 1 create_environment_scripts_only(robotiq_3f_interfaces)
[2.215s] colcon.colcon_core.environment Level 1 checking '/home/ubuntu/research_ws/ur10_pick_place_ws/install/robotiq_3f_interfaces' for CMake module files
[2.220s] colcon.colcon_core.environment Level 1 checking '/home/ubuntu/research_ws/ur10_pick_place_ws/install/robotiq_3f_interfaces' for CMake config files
[2.232s] colcon.colcon_core.shell Level 1 create_environment_hook('robotiq_3f_interfaces', 'cmake_prefix_path')
[2.233s] colcon.colcon_core.shell INFO Creating environment hook '/home/ubuntu/research_ws/ur10_pick_place_ws/install/robotiq_3f_interfaces/share/robotiq_3f_interfaces/hook/cmake_prefix_path.ps1'
[2.236s] colcon.colcon_core.shell INFO Creating environment descriptor '/home/ubuntu/research_ws/ur10_pick_place_ws/install/robotiq_3f_interfaces/share/robotiq_3f_interfaces/hook/cmake_prefix_path.dsv'
[2.238s] colcon.colcon_core.shell INFO Creating environment hook '/home/ubuntu/research_ws/ur10_pick_place_ws/install/robotiq_3f_interfaces/share/robotiq_3f_interfaces/hook/cmake_prefix_path.sh'
[2.241s] colcon.colcon_core.environment Level 1 checking '/home/ubuntu/research_ws/ur10_pick_place_ws/install/robotiq_3f_interfaces/lib'
[2.242s] colcon.colcon_core.shell Level 1 create_environment_hook('robotiq_3f_interfaces', 'ld_library_path_lib')
[2.242s] colcon.colcon_core.shell INFO Creating environment hook '/home/ubuntu/research_ws/ur10_pick_place_ws/install/robotiq_3f_interfaces/share/robotiq_3f_interfaces/hook/ld_library_path_lib.ps1'
[2.245s] colcon.colcon_core.shell INFO Creating environment descriptor '/home/ubuntu/research_ws/ur10_pick_place_ws/install/robotiq_3f_interfaces/share/robotiq_3f_interfaces/hook/ld_library_path_lib.dsv'
[2.247s] colcon.colcon_core.shell INFO Creating environment hook '/home/ubuntu/research_ws/ur10_pick_place_ws/install/robotiq_3f_interfaces/share/robotiq_3f_interfaces/hook/ld_library_path_lib.sh'
[2.249s] colcon.colcon_core.environment Level 1 checking '/home/ubuntu/research_ws/ur10_pick_place_ws/install/robotiq_3f_interfaces/bin'
[2.250s] colcon.colcon_core.environment Level 1 checking '/home/ubuntu/research_ws/ur10_pick_place_ws/install/robotiq_3f_interfaces/lib/pkgconfig/robotiq_3f_interfaces.pc'
[2.251s] colcon.colcon_core.environment Level 1 checking '/home/ubuntu/research_ws/ur10_pick_place_ws/install/robotiq_3f_interfaces/lib/python3.10/site-packages'
[2.252s] colcon.colcon_core.environment Level 1 checking '/home/ubuntu/research_ws/ur10_pick_place_ws/install/robotiq_3f_interfaces/bin'
[2.254s] colcon.colcon_core.shell INFO Creating package script '/home/ubuntu/research_ws/ur10_pick_place_ws/install/robotiq_3f_interfaces/share/robotiq_3f_interfaces/package.ps1'
[2.257s] colcon.colcon_core.event_handler.log_command DEBUG Invoked command in '/home/ubuntu/research_ws/ur10_pick_place_ws/build/robotiq_3f_interfaces' returned '0': CMAKE_PREFIX_PATH=${CMAKE_PREFIX_PATH}:/home/ubuntu/ur_camera_ws/install/pick_place:/home/ubuntu/ur_camera_ws/install/easy_handeye2:/opt/ros/humble /usr/bin/cmake --install /home/ubuntu/research_ws/ur10_pick_place_ws/build/robotiq_3f_interfaces
[2.257s] colcon.colcon_core.shell INFO Creating package descriptor '/home/ubuntu/research_ws/ur10_pick_place_ws/install/robotiq_3f_interfaces/share/robotiq_3f_interfaces/package.dsv'
[2.259s] colcon.colcon_core.shell INFO Creating package script '/home/ubuntu/research_ws/ur10_pick_place_ws/install/robotiq_3f_interfaces/share/robotiq_3f_interfaces/package.sh'
[2.261s] colcon.colcon_core.shell INFO Creating package script '/home/ubuntu/research_ws/ur10_pick_place_ws/install/robotiq_3f_interfaces/share/robotiq_3f_interfaces/package.bash'
[2.262s] colcon.colcon_core.shell INFO Creating package script '/home/ubuntu/research_ws/ur10_pick_place_ws/install/robotiq_3f_interfaces/share/robotiq_3f_interfaces/package.zsh'
[2.264s] colcon.colcon_core.environment Level 1 create_file_with_runtime_dependencies(/home/ubuntu/research_ws/ur10_pick_place_ws/install/robotiq_3f_interfaces/share/colcon-core/packages/robotiq_3f_interfaces)
[2.267s] colcon.colcon_core.environment Level 1 create_environment_scripts_only(robotiq_3f_interfaces)
[2.267s] colcon.colcon_core.environment Level 1 checking '/home/ubuntu/research_ws/ur10_pick_place_ws/install/robotiq_3f_interfaces' for CMake module files
[2.269s] colcon.colcon_core.environment Level 1 checking '/home/ubuntu/research_ws/ur10_pick_place_ws/install/robotiq_3f_interfaces' for CMake config files
[2.272s] colcon.colcon_core.shell Level 1 create_environment_hook('robotiq_3f_interfaces', 'cmake_prefix_path')
[2.273s] colcon.colcon_core.shell INFO Creating environment hook '/home/ubuntu/research_ws/ur10_pick_place_ws/install/robotiq_3f_interfaces/share/robotiq_3f_interfaces/hook/cmake_prefix_path.ps1'
[2.274s] colcon.colcon_core.shell INFO Creating environment descriptor '/home/ubuntu/research_ws/ur10_pick_place_ws/install/robotiq_3f_interfaces/share/robotiq_3f_interfaces/hook/cmake_prefix_path.dsv'
[2.275s] colcon.colcon_core.shell INFO Creating environment hook '/home/ubuntu/research_ws/ur10_pick_place_ws/install/robotiq_3f_interfaces/share/robotiq_3f_interfaces/hook/cmake_prefix_path.sh'
[2.277s] colcon.colcon_core.environment Level 1 checking '/home/ubuntu/research_ws/ur10_pick_place_ws/install/robotiq_3f_interfaces/lib'
[2.277s] colcon.colcon_core.shell Level 1 create_environment_hook('robotiq_3f_interfaces', 'ld_library_path_lib')
[2.278s] colcon.colcon_core.shell INFO Creating environment hook '/home/ubuntu/research_ws/ur10_pick_place_ws/install/robotiq_3f_interfaces/share/robotiq_3f_interfaces/hook/ld_library_path_lib.ps1'
[2.279s] colcon.colcon_core.shell INFO Creating environment descriptor '/home/ubuntu/research_ws/ur10_pick_place_ws/install/robotiq_3f_interfaces/share/robotiq_3f_interfaces/hook/ld_library_path_lib.dsv'
[2.280s] colcon.colcon_core.shell INFO Creating environment hook '/home/ubuntu/research_ws/ur10_pick_place_ws/install/robotiq_3f_interfaces/share/robotiq_3f_interfaces/hook/ld_library_path_lib.sh'
[2.281s] colcon.colcon_core.environment Level 1 checking '/home/ubuntu/research_ws/ur10_pick_place_ws/install/robotiq_3f_interfaces/bin'
[2.281s] colcon.colcon_core.environment Level 1 checking '/home/ubuntu/research_ws/ur10_pick_place_ws/install/robotiq_3f_interfaces/lib/pkgconfig/robotiq_3f_interfaces.pc'
[2.282s] colcon.colcon_core.environment Level 1 checking '/home/ubuntu/research_ws/ur10_pick_place_ws/install/robotiq_3f_interfaces/lib/python3.10/site-packages'
[2.283s] colcon.colcon_core.environment Level 1 checking '/home/ubuntu/research_ws/ur10_pick_place_ws/install/robotiq_3f_interfaces/bin'
[2.283s] colcon.colcon_core.shell INFO Creating package script '/home/ubuntu/research_ws/ur10_pick_place_ws/install/robotiq_3f_interfaces/share/robotiq_3f_interfaces/package.ps1'
[2.285s] colcon.colcon_core.shell INFO Creating package descriptor '/home/ubuntu/research_ws/ur10_pick_place_ws/install/robotiq_3f_interfaces/share/robotiq_3f_interfaces/package.dsv'
[2.286s] colcon.colcon_core.shell INFO Creating package script '/home/ubuntu/research_ws/ur10_pick_place_ws/install/robotiq_3f_interfaces/share/robotiq_3f_interfaces/package.sh'
[2.287s] colcon.colcon_core.shell INFO Creating package script '/home/ubuntu/research_ws/ur10_pick_place_ws/install/robotiq_3f_interfaces/share/robotiq_3f_interfaces/package.bash'
[2.288s] colcon.colcon_core.shell INFO Creating package script '/home/ubuntu/research_ws/ur10_pick_place_ws/install/robotiq_3f_interfaces/share/robotiq_3f_interfaces/package.zsh'
[2.289s] colcon.colcon_core.environment Level 1 create_file_with_runtime_dependencies(/home/ubuntu/research_ws/ur10_pick_place_ws/install/robotiq_3f_interfaces/share/colcon-core/packages/robotiq_3f_interfaces)
[2.299s] colcon.colcon_core.event_handler.log_command DEBUG Invoking command in '/home/ubuntu/research_ws/ur10_pick_place_ws/build/ur_yt_sim': AMENT_PREFIX_PATH=/home/ubuntu/research_ws/ur10_pick_place_ws/install/linkattacher_msgs:${AMENT_PREFIX_PATH} CMAKE_PREFIX_PATH=/home/ubuntu/research_ws/ur10_pick_place_ws/install/linkattacher_msgs:/home/ubuntu/ur_camera_ws/install/ur_moveit_config:/home/ubuntu/ur_camera_ws/install/easy_handeye2_msgs:/home/ubuntu/ur_camera_ws/install/depthai-ros:/home/ubuntu/ur_camera_ws/install/depthai_ros_driver:/home/ubuntu/ur_camera_ws/install/depthai_filters:/home/ubuntu/ur_camera_ws/install/depthai_examples:/home/ubuntu/ur_camera_ws/install/depthai_bridge:/home/ubuntu/ur_camera_ws/install/depthai_ros_msgs:/home/ubuntu/ur_camera_ws/install/depthai_descriptions:/home/ubuntu/ur_camera_ws/install/pick_place:/home/ubuntu/ur_camera_ws/install/easy_handeye2:/opt/ros/humble LD_LIBRARY_PATH=/home/ubuntu/research_ws/ur10_pick_place_ws/install/linkattacher_msgs/lib:${LD_LIBRARY_PATH} PYTHONPATH=/home/ubuntu/research_ws/ur10_pick_place_ws/install/linkattacher_msgs/local/lib/python3.10/dist-packages:${PYTHONPATH} /usr/bin/cmake --build /home/ubuntu/research_ws/ur10_pick_place_ws/build/ur_yt_sim -- -j12 -l12
[2.304s] colcon.colcon_core.event_handler.log_command DEBUG Invoking command in '/home/ubuntu/research_ws/ur10_pick_place_ws/build/ros2_linkattacher': AMENT_PREFIX_PATH=/home/ubuntu/research_ws/ur10_pick_place_ws/install/linkattacher_msgs:${AMENT_PREFIX_PATH} CMAKE_PREFIX_PATH=/home/ubuntu/research_ws/ur10_pick_place_ws/install/linkattacher_msgs:/home/ubuntu/ur_camera_ws/install/ur_moveit_config:/home/ubuntu/ur_camera_ws/install/easy_handeye2_msgs:/home/ubuntu/ur_camera_ws/install/depthai-ros:/home/ubuntu/ur_camera_ws/install/depthai_ros_driver:/home/ubuntu/ur_camera_ws/install/depthai_filters:/home/ubuntu/ur_camera_ws/install/depthai_examples:/home/ubuntu/ur_camera_ws/install/depthai_bridge:/home/ubuntu/ur_camera_ws/install/depthai_ros_msgs:/home/ubuntu/ur_camera_ws/install/depthai_descriptions:/home/ubuntu/ur_camera_ws/install/pick_place:/home/ubuntu/ur_camera_ws/install/easy_handeye2:/opt/ros/humble LD_LIBRARY_PATH=/home/ubuntu/research_ws/ur10_pick_place_ws/install/linkattacher_msgs/lib:${LD_LIBRARY_PATH} PYTHONPATH=/home/ubuntu/research_ws/ur10_pick_place_ws/install/linkattacher_msgs/local/lib/python3.10/dist-packages:${PYTHONPATH} /usr/bin/cmake /home/ubuntu/research_ws/ur10_pick_place_ws/src/linkattacher_plugin -DCMAKE_BUILD_TYPE=Release -DCMAKE_INSTALL_PREFIX=/home/ubuntu/research_ws/ur10_pick_place_ws/install/ros2_linkattacher
[2.872s] colcon.colcon_core.event_handler.log_command DEBUG Invoked command in '/home/ubuntu/research_ws/ur10_pick_place_ws/build/ros2_linkattacher' returned '0': AMENT_PREFIX_PATH=/home/ubuntu/research_ws/ur10_pick_place_ws/install/linkattacher_msgs:${AMENT_PREFIX_PATH} CMAKE_PREFIX_PATH=/home/ubuntu/research_ws/ur10_pick_place_ws/install/linkattacher_msgs:/home/ubuntu/ur_camera_ws/install/ur_moveit_config:/home/ubuntu/ur_camera_ws/install/easy_handeye2_msgs:/home/ubuntu/ur_camera_ws/install/depthai-ros:/home/ubuntu/ur_camera_ws/install/depthai_ros_driver:/home/ubuntu/ur_camera_ws/install/depthai_filters:/home/ubuntu/ur_camera_ws/install/depthai_examples:/home/ubuntu/ur_camera_ws/install/depthai_bridge:/home/ubuntu/ur_camera_ws/install/depthai_ros_msgs:/home/ubuntu/ur_camera_ws/install/depthai_descriptions:/home/ubuntu/ur_camera_ws/install/pick_place:/home/ubuntu/ur_camera_ws/install/easy_handeye2:/opt/ros/humble LD_LIBRARY_PATH=/home/ubuntu/research_ws/ur10_pick_place_ws/install/linkattacher_msgs/lib:${LD_LIBRARY_PATH} PYTHONPATH=/home/ubuntu/research_ws/ur10_pick_place_ws/install/linkattacher_msgs/local/lib/python3.10/dist-packages:${PYTHONPATH} /usr/bin/cmake /home/ubuntu/research_ws/ur10_pick_place_ws/src/linkattacher_plugin -DCMAKE_BUILD_TYPE=Release -DCMAKE_INSTALL_PREFIX=/home/ubuntu/research_ws/ur10_pick_place_ws/install/ros2_linkattacher
[2.874s] colcon.colcon_core.event_handler.log_command DEBUG Invoking command in '/home/ubuntu/research_ws/ur10_pick_place_ws/build/ros2_linkattacher': AMENT_PREFIX_PATH=/home/ubuntu/research_ws/ur10_pick_place_ws/install/linkattacher_msgs:${AMENT_PREFIX_PATH} CMAKE_PREFIX_PATH=/home/ubuntu/research_ws/ur10_pick_place_ws/install/linkattacher_msgs:/home/ubuntu/ur_camera_ws/install/ur_moveit_config:/home/ubuntu/ur_camera_ws/install/easy_handeye2_msgs:/home/ubuntu/ur_camera_ws/install/depthai-ros:/home/ubuntu/ur_camera_ws/install/depthai_ros_driver:/home/ubuntu/ur_camera_ws/install/depthai_filters:/home/ubuntu/ur_camera_ws/install/depthai_examples:/home/ubuntu/ur_camera_ws/install/depthai_bridge:/home/ubuntu/ur_camera_ws/install/depthai_ros_msgs:/home/ubuntu/ur_camera_ws/install/depthai_descriptions:/home/ubuntu/ur_camera_ws/install/pick_place:/home/ubuntu/ur_camera_ws/install/easy_handeye2:/opt/ros/humble LD_LIBRARY_PATH=/home/ubuntu/research_ws/ur10_pick_place_ws/install/linkattacher_msgs/lib:${LD_LIBRARY_PATH} PYTHONPATH=/home/ubuntu/research_ws/ur10_pick_place_ws/install/linkattacher_msgs/local/lib/python3.10/dist-packages:${PYTHONPATH} /usr/bin/cmake --build /home/ubuntu/research_ws/ur10_pick_place_ws/build/ros2_linkattacher -- -j12 -l12
[2.952s] colcon.colcon_core.event_handler.log_command DEBUG Invoked command in '/home/ubuntu/research_ws/ur10_pick_place_ws/build/ros2_linkattacher' returned '0': AMENT_PREFIX_PATH=/home/ubuntu/research_ws/ur10_pick_place_ws/install/linkattacher_msgs:${AMENT_PREFIX_PATH} CMAKE_PREFIX_PATH=/home/ubuntu/research_ws/ur10_pick_place_ws/install/linkattacher_msgs:/home/ubuntu/ur_camera_ws/install/ur_moveit_config:/home/ubuntu/ur_camera_ws/install/easy_handeye2_msgs:/home/ubuntu/ur_camera_ws/install/depthai-ros:/home/ubuntu/ur_camera_ws/install/depthai_ros_driver:/home/ubuntu/ur_camera_ws/install/depthai_filters:/home/ubuntu/ur_camera_ws/install/depthai_examples:/home/ubuntu/ur_camera_ws/install/depthai_bridge:/home/ubuntu/ur_camera_ws/install/depthai_ros_msgs:/home/ubuntu/ur_camera_ws/install/depthai_descriptions:/home/ubuntu/ur_camera_ws/install/pick_place:/home/ubuntu/ur_camera_ws/install/easy_handeye2:/opt/ros/humble LD_LIBRARY_PATH=/home/ubuntu/research_ws/ur10_pick_place_ws/install/linkattacher_msgs/lib:${LD_LIBRARY_PATH} PYTHONPATH=/home/ubuntu/research_ws/ur10_pick_place_ws/install/linkattacher_msgs/local/lib/python3.10/dist-packages:${PYTHONPATH} /usr/bin/cmake --build /home/ubuntu/research_ws/ur10_pick_place_ws/build/ros2_linkattacher -- -j12 -l12
[2.953s] colcon.colcon_core.event_handler.log_command DEBUG Invoking command in '/home/ubuntu/research_ws/ur10_pick_place_ws/build/ros2_linkattacher': AMENT_PREFIX_PATH=/home/ubuntu/research_ws/ur10_pick_place_ws/install/linkattacher_msgs:${AMENT_PREFIX_PATH} CMAKE_PREFIX_PATH=/home/ubuntu/research_ws/ur10_pick_place_ws/install/linkattacher_msgs:/home/ubuntu/ur_camera_ws/install/ur_moveit_config:/home/ubuntu/ur_camera_ws/install/easy_handeye2_msgs:/home/ubuntu/ur_camera_ws/install/depthai-ros:/home/ubuntu/ur_camera_ws/install/depthai_ros_driver:/home/ubuntu/ur_camera_ws/install/depthai_filters:/home/ubuntu/ur_camera_ws/install/depthai_examples:/home/ubuntu/ur_camera_ws/install/depthai_bridge:/home/ubuntu/ur_camera_ws/install/depthai_ros_msgs:/home/ubuntu/ur_camera_ws/install/depthai_descriptions:/home/ubuntu/ur_camera_ws/install/pick_place:/home/ubuntu/ur_camera_ws/install/easy_handeye2:/opt/ros/humble LD_LIBRARY_PATH=/home/ubuntu/research_ws/ur10_pick_place_ws/install/linkattacher_msgs/lib:${LD_LIBRARY_PATH} PYTHONPATH=/home/ubuntu/research_ws/ur10_pick_place_ws/install/linkattacher_msgs/local/lib/python3.10/dist-packages:${PYTHONPATH} /usr/bin/cmake --install /home/ubuntu/research_ws/ur10_pick_place_ws/build/ros2_linkattacher
[2.978s] colcon.colcon_core.environment Level 1 create_environment_scripts_only(ros2_linkattacher)
[2.979s] colcon.colcon_core.environment Level 1 checking '/home/ubuntu/research_ws/ur10_pick_place_ws/install/ros2_linkattacher' for CMake module files
[2.980s] colcon.colcon_core.event_handler.log_command DEBUG Invoked command in '/home/ubuntu/research_ws/ur10_pick_place_ws/build/ros2_linkattacher' returned '0': AMENT_PREFIX_PATH=/home/ubuntu/research_ws/ur10_pick_place_ws/install/linkattacher_msgs:${AMENT_PREFIX_PATH} CMAKE_PREFIX_PATH=/home/ubuntu/research_ws/ur10_pick_place_ws/install/linkattacher_msgs:/home/ubuntu/ur_camera_ws/install/ur_moveit_config:/home/ubuntu/ur_camera_ws/install/easy_handeye2_msgs:/home/ubuntu/ur_camera_ws/install/depthai-ros:/home/ubuntu/ur_camera_ws/install/depthai_ros_driver:/home/ubuntu/ur_camera_ws/install/depthai_filters:/home/ubuntu/ur_camera_ws/install/depthai_examples:/home/ubuntu/ur_camera_ws/install/depthai_bridge:/home/ubuntu/ur_camera_ws/install/depthai_ros_msgs:/home/ubuntu/ur_camera_ws/install/depthai_descriptions:/home/ubuntu/ur_camera_ws/install/pick_place:/home/ubuntu/ur_camera_ws/install/easy_handeye2:/opt/ros/humble LD_LIBRARY_PATH=/home/ubuntu/research_ws/ur10_pick_place_ws/install/linkattacher_msgs/lib:${LD_LIBRARY_PATH} PYTHONPATH=/home/ubuntu/research_ws/ur10_pick_place_ws/install/linkattacher_msgs/local/lib/python3.10/dist-packages:${PYTHONPATH} /usr/bin/cmake --install /home/ubuntu/research_ws/ur10_pick_place_ws/build/ros2_linkattacher
[2.981s] colcon.colcon_core.environment Level 1 checking '/home/ubuntu/research_ws/ur10_pick_place_ws/install/ros2_linkattacher' for CMake config files
[2.981s] colcon.colcon_core.shell Level 1 create_environment_hook('ros2_linkattacher', 'cmake_prefix_path')
[2.981s] colcon.colcon_core.shell INFO Creating environment hook '/home/ubuntu/research_ws/ur10_pick_place_ws/install/ros2_linkattacher/share/ros2_linkattacher/hook/cmake_prefix_path.ps1'
[2.983s] colcon.colcon_core.shell INFO Creating environment descriptor '/home/ubuntu/research_ws/ur10_pick_place_ws/install/ros2_linkattacher/share/ros2_linkattacher/hook/cmake_prefix_path.dsv'
[2.983s] colcon.colcon_core.shell INFO Creating environment hook '/home/ubuntu/research_ws/ur10_pick_place_ws/install/ros2_linkattacher/share/ros2_linkattacher/hook/cmake_prefix_path.sh'
[2.984s] colcon.colcon_core.environment Level 1 checking '/home/ubuntu/research_ws/ur10_pick_place_ws/install/ros2_linkattacher/bin'
[2.985s] colcon.colcon_core.environment Level 1 checking '/home/ubuntu/research_ws/ur10_pick_place_ws/install/ros2_linkattacher/lib/pkgconfig/ros2_linkattacher.pc'
[2.985s] colcon.colcon_core.environment Level 1 checking '/home/ubuntu/research_ws/ur10_pick_place_ws/install/ros2_linkattacher/lib/python3.10/site-packages'
[2.986s] colcon.colcon_core.environment Level 1 checking '/home/ubuntu/research_ws/ur10_pick_place_ws/install/ros2_linkattacher/bin'
[2.986s] colcon.colcon_core.shell INFO Creating package script '/home/ubuntu/research_ws/ur10_pick_place_ws/install/ros2_linkattacher/share/ros2_linkattacher/package.ps1'
[2.988s] colcon.colcon_core.shell INFO Creating package descriptor '/home/ubuntu/research_ws/ur10_pick_place_ws/install/ros2_linkattacher/share/ros2_linkattacher/package.dsv'
[2.988s] colcon.colcon_core.shell INFO Creating package script '/home/ubuntu/research_ws/ur10_pick_place_ws/install/ros2_linkattacher/share/ros2_linkattacher/package.sh'
[2.989s] colcon.colcon_core.shell INFO Creating package script '/home/ubuntu/research_ws/ur10_pick_place_ws/install/ros2_linkattacher/share/ros2_linkattacher/package.bash'
[2.990s] colcon.colcon_core.shell INFO Creating package script '/home/ubuntu/research_ws/ur10_pick_place_ws/install/ros2_linkattacher/share/ros2_linkattacher/package.zsh'
[2.991s] colcon.colcon_core.environment Level 1 create_file_with_runtime_dependencies(/home/ubuntu/research_ws/ur10_pick_place_ws/install/ros2_linkattacher/share/colcon-core/packages/ros2_linkattacher)
[2.992s] colcon.colcon_core.environment Level 1 create_environment_scripts_only(ros2_linkattacher)
[2.993s] colcon.colcon_core.environment Level 1 checking '/home/ubuntu/research_ws/ur10_pick_place_ws/install/ros2_linkattacher' for CMake module files
[2.994s] colcon.colcon_core.environment Level 1 checking '/home/ubuntu/research_ws/ur10_pick_place_ws/install/ros2_linkattacher' for CMake config files
[2.994s] colcon.colcon_core.shell Level 1 create_environment_hook('ros2_linkattacher', 'cmake_prefix_path')
[2.995s] colcon.colcon_core.shell INFO Creating environment hook '/home/ubuntu/research_ws/ur10_pick_place_ws/install/ros2_linkattacher/share/ros2_linkattacher/hook/cmake_prefix_path.ps1'
[2.996s] colcon.colcon_core.shell INFO Creating environment descriptor '/home/ubuntu/research_ws/ur10_pick_place_ws/install/ros2_linkattacher/share/ros2_linkattacher/hook/cmake_prefix_path.dsv'
[2.996s] colcon.colcon_core.shell INFO Creating environment hook '/home/ubuntu/research_ws/ur10_pick_place_ws/install/ros2_linkattacher/share/ros2_linkattacher/hook/cmake_prefix_path.sh'
[2.998s] colcon.colcon_core.environment Level 1 checking '/home/ubuntu/research_ws/ur10_pick_place_ws/install/ros2_linkattacher/bin'
[2.998s] colcon.colcon_core.environment Level 1 checking '/home/ubuntu/research_ws/ur10_pick_place_ws/install/ros2_linkattacher/lib/pkgconfig/ros2_linkattacher.pc'
[2.998s] colcon.colcon_core.environment Level 1 checking '/home/ubuntu/research_ws/ur10_pick_place_ws/install/ros2_linkattacher/lib/python3.10/site-packages'
[2.999s] colcon.colcon_core.environment Level 1 checking '/home/ubuntu/research_ws/ur10_pick_place_ws/install/ros2_linkattacher/bin'
[3.000s] colcon.colcon_core.shell INFO Creating package script '/home/ubuntu/research_ws/ur10_pick_place_ws/install/ros2_linkattacher/share/ros2_linkattacher/package.ps1'
[3.001s] colcon.colcon_core.shell INFO Creating package descriptor '/home/ubuntu/research_ws/ur10_pick_place_ws/install/ros2_linkattacher/share/ros2_linkattacher/package.dsv'
[3.002s] colcon.colcon_core.shell INFO Creating package script '/home/ubuntu/research_ws/ur10_pick_place_ws/install/ros2_linkattacher/share/ros2_linkattacher/package.sh'
[3.003s] colcon.colcon_core.shell INFO Creating package script '/home/ubuntu/research_ws/ur10_pick_place_ws/install/ros2_linkattacher/share/ros2_linkattacher/package.bash'
[3.004s] colcon.colcon_core.shell INFO Creating package script '/home/ubuntu/research_ws/ur10_pick_place_ws/install/ros2_linkattacher/share/ros2_linkattacher/package.zsh'
[3.005s] colcon.colcon_core.environment Level 1 create_file_with_runtime_dependencies(/home/ubuntu/research_ws/ur10_pick_place_ws/install/ros2_linkattacher/share/colcon-core/packages/ros2_linkattacher)
[27.982s] colcon.colcon_core.event_handler.log_command DEBUG Invoked command in '/home/ubuntu/research_ws/ur10_pick_place_ws/build/ur_yt_sim' returned '0': AMENT_PREFIX_PATH=/home/ubuntu/research_ws/ur10_pick_place_ws/install/linkattacher_msgs:${AMENT_PREFIX_PATH} CMAKE_PREFIX_PATH=/home/ubuntu/research_ws/ur10_pick_place_ws/install/linkattacher_msgs:/home/ubuntu/ur_camera_ws/install/ur_moveit_config:/home/ubuntu/ur_camera_ws/install/easy_handeye2_msgs:/home/ubuntu/ur_camera_ws/install/depthai-ros:/home/ubuntu/ur_camera_ws/install/depthai_ros_driver:/home/ubuntu/ur_camera_ws/install/depthai_filters:/home/ubuntu/ur_camera_ws/install/depthai_examples:/home/ubuntu/ur_camera_ws/install/depthai_bridge:/home/ubuntu/ur_camera_ws/install/depthai_ros_msgs:/home/ubuntu/ur_camera_ws/install/depthai_descriptions:/home/ubuntu/ur_camera_ws/install/pick_place:/home/ubuntu/ur_camera_ws/install/easy_handeye2:/opt/ros/humble LD_LIBRARY_PATH=/home/ubuntu/research_ws/ur10_pick_place_ws/install/linkattacher_msgs/lib:${LD_LIBRARY_PATH} PYTHONPATH=/home/ubuntu/research_ws/ur10_pick_place_ws/install/linkattacher_msgs/local/lib/python3.10/dist-packages:${PYTHONPATH} /usr/bin/cmake --build /home/ubuntu/research_ws/ur10_pick_place_ws/build/ur_yt_sim -- -j12 -l12
[27.987s] colcon.colcon_core.event_handler.log_command DEBUG Invoking command in '/home/ubuntu/research_ws/ur10_pick_place_ws/build/ur_yt_sim': AMENT_PREFIX_PATH=/home/ubuntu/research_ws/ur10_pick_place_ws/install/linkattacher_msgs:${AMENT_PREFIX_PATH} CMAKE_PREFIX_PATH=/home/ubuntu/research_ws/ur10_pick_place_ws/install/linkattacher_msgs:/home/ubuntu/ur_camera_ws/install/ur_moveit_config:/home/ubuntu/ur_camera_ws/install/easy_handeye2_msgs:/home/ubuntu/ur_camera_ws/install/depthai-ros:/home/ubuntu/ur_camera_ws/install/depthai_ros_driver:/home/ubuntu/ur_camera_ws/install/depthai_filters:/home/ubuntu/ur_camera_ws/install/depthai_examples:/home/ubuntu/ur_camera_ws/install/depthai_bridge:/home/ubuntu/ur_camera_ws/install/depthai_ros_msgs:/home/ubuntu/ur_camera_ws/install/depthai_descriptions:/home/ubuntu/ur_camera_ws/install/pick_place:/home/ubuntu/ur_camera_ws/install/easy_handeye2:/opt/ros/humble LD_LIBRARY_PATH=/home/ubuntu/research_ws/ur10_pick_place_ws/install/linkattacher_msgs/lib:${LD_LIBRARY_PATH} PYTHONPATH=/home/ubuntu/research_ws/ur10_pick_place_ws/install/linkattacher_msgs/local/lib/python3.10/dist-packages:${PYTHONPATH} /usr/bin/cmake --install /home/ubuntu/research_ws/ur10_pick_place_ws/build/ur_yt_sim
[28.072s] colcon.colcon_core.environment Level 1 create_environment_scripts_only(ur_yt_sim)
[28.074s] colcon.colcon_core.environment Level 1 checking '/home/ubuntu/research_ws/ur10_pick_place_ws/install/ur_yt_sim' for CMake module files
[28.075s] colcon.colcon_core.event_handler.log_command DEBUG Invoked command in '/home/ubuntu/research_ws/ur10_pick_place_ws/build/ur_yt_sim' returned '0': AMENT_PREFIX_PATH=/home/ubuntu/research_ws/ur10_pick_place_ws/install/linkattacher_msgs:${AMENT_PREFIX_PATH} CMAKE_PREFIX_PATH=/home/ubuntu/research_ws/ur10_pick_place_ws/install/linkattacher_msgs:/home/ubuntu/ur_camera_ws/install/ur_moveit_config:/home/ubuntu/ur_camera_ws/install/easy_handeye2_msgs:/home/ubuntu/ur_camera_ws/install/depthai-ros:/home/ubuntu/ur_camera_ws/install/depthai_ros_driver:/home/ubuntu/ur_camera_ws/install/depthai_filters:/home/ubuntu/ur_camera_ws/install/depthai_examples:/home/ubuntu/ur_camera_ws/install/depthai_bridge:/home/ubuntu/ur_camera_ws/install/depthai_ros_msgs:/home/ubuntu/ur_camera_ws/install/depthai_descriptions:/home/ubuntu/ur_camera_ws/install/pick_place:/home/ubuntu/ur_camera_ws/install/easy_handeye2:/opt/ros/humble LD_LIBRARY_PATH=/home/ubuntu/research_ws/ur10_pick_place_ws/install/linkattacher_msgs/lib:${LD_LIBRARY_PATH} PYTHONPATH=/home/ubuntu/research_ws/ur10_pick_place_ws/install/linkattacher_msgs/local/lib/python3.10/dist-packages:${PYTHONPATH} /usr/bin/cmake --install /home/ubuntu/research_ws/ur10_pick_place_ws/build/ur_yt_sim
[28.077s] colcon.colcon_core.environment Level 1 checking '/home/ubuntu/research_ws/ur10_pick_place_ws/install/ur_yt_sim' for CMake config files
[28.079s] colcon.colcon_core.shell Level 1 create_environment_hook('ur_yt_sim', 'cmake_prefix_path')
[28.080s] colcon.colcon_core.shell INFO Creating environment hook '/home/ubuntu/research_ws/ur10_pick_place_ws/install/ur_yt_sim/share/ur_yt_sim/hook/cmake_prefix_path.ps1'
[28.082s] colcon.colcon_core.shell INFO Creating environment descriptor '/home/ubuntu/research_ws/ur10_pick_place_ws/install/ur_yt_sim/share/ur_yt_sim/hook/cmake_prefix_path.dsv'
[28.083s] colcon.colcon_core.shell INFO Creating environment hook '/home/ubuntu/research_ws/ur10_pick_place_ws/install/ur_yt_sim/share/ur_yt_sim/hook/cmake_prefix_path.sh'
[28.085s] colcon.colcon_core.environment Level 1 checking '/home/ubuntu/research_ws/ur10_pick_place_ws/install/ur_yt_sim/lib'
[28.086s] colcon.colcon_core.environment Level 1 checking '/home/ubuntu/research_ws/ur10_pick_place_ws/install/ur_yt_sim/bin'
[28.086s] colcon.colcon_core.environment Level 1 checking '/home/ubuntu/research_ws/ur10_pick_place_ws/install/ur_yt_sim/lib/pkgconfig/ur_yt_sim.pc'
[28.087s] colcon.colcon_core.environment Level 1 checking '/home/ubuntu/research_ws/ur10_pick_place_ws/install/ur_yt_sim/lib/python3.10/site-packages'
[28.088s] colcon.colcon_core.environment Level 1 checking '/home/ubuntu/research_ws/ur10_pick_place_ws/install/ur_yt_sim/bin'
[28.090s] colcon.colcon_core.shell INFO Creating package script '/home/ubuntu/research_ws/ur10_pick_place_ws/install/ur_yt_sim/share/ur_yt_sim/package.ps1'
[28.092s] colcon.colcon_core.shell INFO Creating package descriptor '/home/ubuntu/research_ws/ur10_pick_place_ws/install/ur_yt_sim/share/ur_yt_sim/package.dsv'
[28.094s] colcon.colcon_core.shell INFO Creating package script '/home/ubuntu/research_ws/ur10_pick_place_ws/install/ur_yt_sim/share/ur_yt_sim/package.sh'
[28.096s] colcon.colcon_core.shell INFO Creating package script '/home/ubuntu/research_ws/ur10_pick_place_ws/install/ur_yt_sim/share/ur_yt_sim/package.bash'
[28.097s] colcon.colcon_core.shell INFO Creating package script '/home/ubuntu/research_ws/ur10_pick_place_ws/install/ur_yt_sim/share/ur_yt_sim/package.zsh'
[28.098s] colcon.colcon_core.environment Level 1 create_file_with_runtime_dependencies(/home/ubuntu/research_ws/ur10_pick_place_ws/install/ur_yt_sim/share/colcon-core/packages/ur_yt_sim)
[28.101s] colcon.colcon_core.environment Level 1 create_environment_scripts_only(ur_yt_sim)
[28.102s] colcon.colcon_core.environment Level 1 checking '/home/ubuntu/research_ws/ur10_pick_place_ws/install/ur_yt_sim' for CMake module files
[28.104s] colcon.colcon_core.environment Level 1 checking '/home/ubuntu/research_ws/ur10_pick_place_ws/install/ur_yt_sim' for CMake config files
[28.106s] colcon.colcon_core.shell Level 1 create_environment_hook('ur_yt_sim', 'cmake_prefix_path')
[28.107s] colcon.colcon_core.shell INFO Creating environment hook '/home/ubuntu/research_ws/ur10_pick_place_ws/install/ur_yt_sim/share/ur_yt_sim/hook/cmake_prefix_path.ps1'
[28.109s] colcon.colcon_core.shell INFO Creating environment descriptor '/home/ubuntu/research_ws/ur10_pick_place_ws/install/ur_yt_sim/share/ur_yt_sim/hook/cmake_prefix_path.dsv'
[28.110s] colcon.colcon_core.shell INFO Creating environment hook '/home/ubuntu/research_ws/ur10_pick_place_ws/install/ur_yt_sim/share/ur_yt_sim/hook/cmake_prefix_path.sh'
[28.112s] colcon.colcon_core.environment Level 1 checking '/home/ubuntu/research_ws/ur10_pick_place_ws/install/ur_yt_sim/lib'
[28.113s] colcon.colcon_core.environment Level 1 checking '/home/ubuntu/research_ws/ur10_pick_place_ws/install/ur_yt_sim/bin'
[28.113s] colcon.colcon_core.environment Level 1 checking '/home/ubuntu/research_ws/ur10_pick_place_ws/install/ur_yt_sim/lib/pkgconfig/ur_yt_sim.pc'
[28.114s] colcon.colcon_core.environment Level 1 checking '/home/ubuntu/research_ws/ur10_pick_place_ws/install/ur_yt_sim/lib/python3.10/site-packages'
[28.116s] colcon.colcon_core.environment Level 1 checking '/home/ubuntu/research_ws/ur10_pick_place_ws/install/ur_yt_sim/bin'
[28.117s] colcon.colcon_core.shell INFO Creating package script '/home/ubuntu/research_ws/ur10_pick_place_ws/install/ur_yt_sim/share/ur_yt_sim/package.ps1'
[28.119s] colcon.colcon_core.shell INFO Creating package descriptor '/home/ubuntu/research_ws/ur10_pick_place_ws/install/ur_yt_sim/share/ur_yt_sim/package.dsv'
[28.120s] colcon.colcon_core.shell INFO Creating package script '/home/ubuntu/research_ws/ur10_pick_place_ws/install/ur_yt_sim/share/ur_yt_sim/package.sh'
[28.122s] colcon.colcon_core.shell INFO Creating package script '/home/ubuntu/research_ws/ur10_pick_place_ws/install/ur_yt_sim/share/ur_yt_sim/package.bash'
[28.123s] colcon.colcon_core.shell INFO Creating package script '/home/ubuntu/research_ws/ur10_pick_place_ws/install/ur_yt_sim/share/ur_yt_sim/package.zsh'
[28.125s] colcon.colcon_core.environment Level 1 create_file_with_runtime_dependencies(/home/ubuntu/research_ws/ur10_pick_place_ws/install/ur_yt_sim/share/colcon-core/packages/ur_yt_sim)
[28.127s] colcon.colcon_ros.task.ament_cmake.build INFO Building ROS package in '/home/ubuntu/research_ws/ur10_pick_place_ws/src/ur10_camera_gripper_moveit_config' with build type 'ament_cmake'
[28.127s] colcon.colcon_cmake.task.cmake.build INFO Building CMake package in '/home/ubuntu/research_ws/ur10_pick_place_ws/src/ur10_camera_gripper_moveit_config'
[28.128s] colcon.colcon_core.shell INFO Skip shell extension 'powershell' for command environment: Not usable outside of PowerShell
[28.129s] colcon.colcon_core.shell DEBUG Skip shell extension 'dsv' for command environment
[28.167s] colcon.colcon_core.event_handler.log_command DEBUG Invoking command in '/home/ubuntu/research_ws/ur10_pick_place_ws/build/ur10_camera_gripper_moveit_config': AMENT_PREFIX_PATH=/home/ubuntu/research_ws/ur10_pick_place_ws/install/ur_yt_sim:/home/ubuntu/research_ws/ur10_pick_place_ws/install/linkattacher_msgs:${AMENT_PREFIX_PATH} CMAKE_PREFIX_PATH=/home/ubuntu/research_ws/ur10_pick_place_ws/install/ur_yt_sim:/home/ubuntu/research_ws/ur10_pick_place_ws/install/linkattacher_msgs:/home/ubuntu/ur_camera_ws/install/ur_moveit_config:/home/ubuntu/ur_camera_ws/install/easy_handeye2_msgs:/home/ubuntu/ur_camera_ws/install/depthai-ros:/home/ubuntu/ur_camera_ws/install/depthai_ros_driver:/home/ubuntu/ur_camera_ws/install/depthai_filters:/home/ubuntu/ur_camera_ws/install/depthai_examples:/home/ubuntu/ur_camera_ws/install/depthai_bridge:/home/ubuntu/ur_camera_ws/install/depthai_ros_msgs:/home/ubuntu/ur_camera_ws/install/depthai_descriptions:/home/ubuntu/ur_camera_ws/install/pick_place:/home/ubuntu/ur_camera_ws/install/easy_handeye2:/opt/ros/humble LD_LIBRARY_PATH=/home/ubuntu/research_ws/ur10_pick_place_ws/install/linkattacher_msgs/lib:${LD_LIBRARY_PATH} PYTHONPATH=/home/ubuntu/research_ws/ur10_pick_place_ws/install/linkattacher_msgs/local/lib/python3.10/dist-packages:${PYTHONPATH} /usr/bin/cmake /home/ubuntu/research_ws/ur10_pick_place_ws/src/ur10_camera_gripper_moveit_config -DCMAKE_BUILD_TYPE=Release -DCMAKE_INSTALL_PREFIX=/home/ubuntu/research_ws/ur10_pick_place_ws/install/ur10_camera_gripper_moveit_config
[29.769s] colcon.colcon_core.event_handler.log_command DEBUG Invoked command in '/home/ubuntu/research_ws/ur10_pick_place_ws/build/ur10_camera_gripper_moveit_config' returned '0': AMENT_PREFIX_PATH=/home/ubuntu/research_ws/ur10_pick_place_ws/install/ur_yt_sim:/home/ubuntu/research_ws/ur10_pick_place_ws/install/linkattacher_msgs:${AMENT_PREFIX_PATH} CMAKE_PREFIX_PATH=/home/ubuntu/research_ws/ur10_pick_place_ws/install/ur_yt_sim:/home/ubuntu/research_ws/ur10_pick_place_ws/install/linkattacher_msgs:/home/ubuntu/ur_camera_ws/install/ur_moveit_config:/home/ubuntu/ur_camera_ws/install/easy_handeye2_msgs:/home/ubuntu/ur_camera_ws/install/depthai-ros:/home/ubuntu/ur_camera_ws/install/depthai_ros_driver:/home/ubuntu/ur_camera_ws/install/depthai_filters:/home/ubuntu/ur_camera_ws/install/depthai_examples:/home/ubuntu/ur_camera_ws/install/depthai_bridge:/home/ubuntu/ur_camera_ws/install/depthai_ros_msgs:/home/ubuntu/ur_camera_ws/install/depthai_descriptions:/home/ubuntu/ur_camera_ws/install/pick_place:/home/ubuntu/ur_camera_ws/install/easy_handeye2:/opt/ros/humble LD_LIBRARY_PATH=/home/ubuntu/research_ws/ur10_pick_place_ws/install/linkattacher_msgs/lib:${LD_LIBRARY_PATH} PYTHONPATH=/home/ubuntu/research_ws/ur10_pick_place_ws/install/linkattacher_msgs/local/lib/python3.10/dist-packages:${PYTHONPATH} /usr/bin/cmake /home/ubuntu/research_ws/ur10_pick_place_ws/src/ur10_camera_gripper_moveit_config -DCMAKE_BUILD_TYPE=Release -DCMAKE_INSTALL_PREFIX=/home/ubuntu/research_ws/ur10_pick_place_ws/install/ur10_camera_gripper_moveit_config
[29.774s] colcon.colcon_core.event_handler.log_command DEBUG Invoking command in '/home/ubuntu/research_ws/ur10_pick_place_ws/build/ur10_camera_gripper_moveit_config': AMENT_PREFIX_PATH=/home/ubuntu/research_ws/ur10_pick_place_ws/install/ur_yt_sim:/home/ubuntu/research_ws/ur10_pick_place_ws/install/linkattacher_msgs:${AMENT_PREFIX_PATH} CMAKE_PREFIX_PATH=/home/ubuntu/research_ws/ur10_pick_place_ws/install/ur_yt_sim:/home/ubuntu/research_ws/ur10_pick_place_ws/install/linkattacher_msgs:/home/ubuntu/ur_camera_ws/install/ur_moveit_config:/home/ubuntu/ur_camera_ws/install/easy_handeye2_msgs:/home/ubuntu/ur_camera_ws/install/depthai-ros:/home/ubuntu/ur_camera_ws/install/depthai_ros_driver:/home/ubuntu/ur_camera_ws/install/depthai_filters:/home/ubuntu/ur_camera_ws/install/depthai_examples:/home/ubuntu/ur_camera_ws/install/depthai_bridge:/home/ubuntu/ur_camera_ws/install/depthai_ros_msgs:/home/ubuntu/ur_camera_ws/install/depthai_descriptions:/home/ubuntu/ur_camera_ws/install/pick_place:/home/ubuntu/ur_camera_ws/install/easy_handeye2:/opt/ros/humble LD_LIBRARY_PATH=/home/ubuntu/research_ws/ur10_pick_place_ws/install/linkattacher_msgs/lib:${LD_LIBRARY_PATH} PYTHONPATH=/home/ubuntu/research_ws/ur10_pick_place_ws/install/linkattacher_msgs/local/lib/python3.10/dist-packages:${PYTHONPATH} /usr/bin/cmake --build /home/ubuntu/research_ws/ur10_pick_place_ws/build/ur10_camera_gripper_moveit_config -- -j12 -l12
[29.874s] colcon.colcon_core.event_handler.log_command DEBUG Invoked command in '/home/ubuntu/research_ws/ur10_pick_place_ws/build/ur10_camera_gripper_moveit_config' returned '0': AMENT_PREFIX_PATH=/home/ubuntu/research_ws/ur10_pick_place_ws/install/ur_yt_sim:/home/ubuntu/research_ws/ur10_pick_place_ws/install/linkattacher_msgs:${AMENT_PREFIX_PATH} CMAKE_PREFIX_PATH=/home/ubuntu/research_ws/ur10_pick_place_ws/install/ur_yt_sim:/home/ubuntu/research_ws/ur10_pick_place_ws/install/linkattacher_msgs:/home/ubuntu/ur_camera_ws/install/ur_moveit_config:/home/ubuntu/ur_camera_ws/install/easy_handeye2_msgs:/home/ubuntu/ur_camera_ws/install/depthai-ros:/home/ubuntu/ur_camera_ws/install/depthai_ros_driver:/home/ubuntu/ur_camera_ws/install/depthai_filters:/home/ubuntu/ur_camera_ws/install/depthai_examples:/home/ubuntu/ur_camera_ws/install/depthai_bridge:/home/ubuntu/ur_camera_ws/install/depthai_ros_msgs:/home/ubuntu/ur_camera_ws/install/depthai_descriptions:/home/ubuntu/ur_camera_ws/install/pick_place:/home/ubuntu/ur_camera_ws/install/easy_handeye2:/opt/ros/humble LD_LIBRARY_PATH=/home/ubuntu/research_ws/ur10_pick_place_ws/install/linkattacher_msgs/lib:${LD_LIBRARY_PATH} PYTHONPATH=/home/ubuntu/research_ws/ur10_pick_place_ws/install/linkattacher_msgs/local/lib/python3.10/dist-packages:${PYTHONPATH} /usr/bin/cmake --build /home/ubuntu/research_ws/ur10_pick_place_ws/build/ur10_camera_gripper_moveit_config -- -j12 -l12
[29.876s] colcon.colcon_core.event_handler.log_command DEBUG Invoking command in '/home/ubuntu/research_ws/ur10_pick_place_ws/build/ur10_camera_gripper_moveit_config': AMENT_PREFIX_PATH=/home/ubuntu/research_ws/ur10_pick_place_ws/install/ur_yt_sim:/home/ubuntu/research_ws/ur10_pick_place_ws/install/linkattacher_msgs:${AMENT_PREFIX_PATH} CMAKE_PREFIX_PATH=/home/ubuntu/research_ws/ur10_pick_place_ws/install/ur_yt_sim:/home/ubuntu/research_ws/ur10_pick_place_ws/install/linkattacher_msgs:/home/ubuntu/ur_camera_ws/install/ur_moveit_config:/home/ubuntu/ur_camera_ws/install/easy_handeye2_msgs:/home/ubuntu/ur_camera_ws/install/depthai-ros:/home/ubuntu/ur_camera_ws/install/depthai_ros_driver:/home/ubuntu/ur_camera_ws/install/depthai_filters:/home/ubuntu/ur_camera_ws/install/depthai_examples:/home/ubuntu/ur_camera_ws/install/depthai_bridge:/home/ubuntu/ur_camera_ws/install/depthai_ros_msgs:/home/ubuntu/ur_camera_ws/install/depthai_descriptions:/home/ubuntu/ur_camera_ws/install/pick_place:/home/ubuntu/ur_camera_ws/install/easy_handeye2:/opt/ros/humble LD_LIBRARY_PATH=/home/ubuntu/research_ws/ur10_pick_place_ws/install/linkattacher_msgs/lib:${LD_LIBRARY_PATH} PYTHONPATH=/home/ubuntu/research_ws/ur10_pick_place_ws/install/linkattacher_msgs/local/lib/python3.10/dist-packages:${PYTHONPATH} /usr/bin/cmake --install /home/ubuntu/research_ws/ur10_pick_place_ws/build/ur10_camera_gripper_moveit_config
[29.941s] colcon.colcon_core.environment Level 1 create_environment_scripts_only(ur10_camera_gripper_moveit_config)
[29.942s] colcon.colcon_core.environment Level 1 checking '/home/ubuntu/research_ws/ur10_pick_place_ws/install/ur10_camera_gripper_moveit_config' for CMake module files
[29.944s] colcon.colcon_core.event_handler.log_command DEBUG Invoked command in '/home/ubuntu/research_ws/ur10_pick_place_ws/build/ur10_camera_gripper_moveit_config' returned '0': AMENT_PREFIX_PATH=/home/ubuntu/research_ws/ur10_pick_place_ws/install/ur_yt_sim:/home/ubuntu/research_ws/ur10_pick_place_ws/install/linkattacher_msgs:${AMENT_PREFIX_PATH} CMAKE_PREFIX_PATH=/home/ubuntu/research_ws/ur10_pick_place_ws/install/ur_yt_sim:/home/ubuntu/research_ws/ur10_pick_place_ws/install/linkattacher_msgs:/home/ubuntu/ur_camera_ws/install/ur_moveit_config:/home/ubuntu/ur_camera_ws/install/easy_handeye2_msgs:/home/ubuntu/ur_camera_ws/install/depthai-ros:/home/ubuntu/ur_camera_ws/install/depthai_ros_driver:/home/ubuntu/ur_camera_ws/install/depthai_filters:/home/ubuntu/ur_camera_ws/install/depthai_examples:/home/ubuntu/ur_camera_ws/install/depthai_bridge:/home/ubuntu/ur_camera_ws/install/depthai_ros_msgs:/home/ubuntu/ur_camera_ws/install/depthai_descriptions:/home/ubuntu/ur_camera_ws/install/pick_place:/home/ubuntu/ur_camera_ws/install/easy_handeye2:/opt/ros/humble LD_LIBRARY_PATH=/home/ubuntu/research_ws/ur10_pick_place_ws/install/linkattacher_msgs/lib:${LD_LIBRARY_PATH} PYTHONPATH=/home/ubuntu/research_ws/ur10_pick_place_ws/install/linkattacher_msgs/local/lib/python3.10/dist-packages:${PYTHONPATH} /usr/bin/cmake --install /home/ubuntu/research_ws/ur10_pick_place_ws/build/ur10_camera_gripper_moveit_config
[29.945s] colcon.colcon_core.environment Level 1 checking '/home/ubuntu/research_ws/ur10_pick_place_ws/install/ur10_camera_gripper_moveit_config' for CMake config files
[29.947s] colcon.colcon_core.shell Level 1 create_environment_hook('ur10_camera_gripper_moveit_config', 'cmake_prefix_path')
[29.948s] colcon.colcon_core.shell INFO Creating environment hook '/home/ubuntu/research_ws/ur10_pick_place_ws/install/ur10_camera_gripper_moveit_config/share/ur10_camera_gripper_moveit_config/hook/cmake_prefix_path.ps1'
[29.950s] colcon.colcon_core.shell INFO Creating environment descriptor '/home/ubuntu/research_ws/ur10_pick_place_ws/install/ur10_camera_gripper_moveit_config/share/ur10_camera_gripper_moveit_config/hook/cmake_prefix_path.dsv'
[29.951s] colcon.colcon_core.shell INFO Creating environment hook '/home/ubuntu/research_ws/ur10_pick_place_ws/install/ur10_camera_gripper_moveit_config/share/ur10_camera_gripper_moveit_config/hook/cmake_prefix_path.sh'
[29.953s] colcon.colcon_core.environment Level 1 checking '/home/ubuntu/research_ws/ur10_pick_place_ws/install/ur10_camera_gripper_moveit_config/bin'
[29.953s] colcon.colcon_core.environment Level 1 checking '/home/ubuntu/research_ws/ur10_pick_place_ws/install/ur10_camera_gripper_moveit_config/lib/pkgconfig/ur10_camera_gripper_moveit_config.pc'
[29.954s] colcon.colcon_core.environment Level 1 checking '/home/ubuntu/research_ws/ur10_pick_place_ws/install/ur10_camera_gripper_moveit_config/lib/python3.10/site-packages'
[29.956s] colcon.colcon_core.environment Level 1 checking '/home/ubuntu/research_ws/ur10_pick_place_ws/install/ur10_camera_gripper_moveit_config/bin'
[29.957s] colcon.colcon_core.shell INFO Creating package script '/home/ubuntu/research_ws/ur10_pick_place_ws/install/ur10_camera_gripper_moveit_config/share/ur10_camera_gripper_moveit_config/package.ps1'
[29.959s] colcon.colcon_core.shell INFO Creating package descriptor '/home/ubuntu/research_ws/ur10_pick_place_ws/install/ur10_camera_gripper_moveit_config/share/ur10_camera_gripper_moveit_config/package.dsv'
[29.960s] colcon.colcon_core.shell INFO Creating package script '/home/ubuntu/research_ws/ur10_pick_place_ws/install/ur10_camera_gripper_moveit_config/share/ur10_camera_gripper_moveit_config/package.sh'
[29.963s] colcon.colcon_core.shell INFO Creating package script '/home/ubuntu/research_ws/ur10_pick_place_ws/install/ur10_camera_gripper_moveit_config/share/ur10_camera_gripper_moveit_config/package.bash'
[29.964s] colcon.colcon_core.shell INFO Creating package script '/home/ubuntu/research_ws/ur10_pick_place_ws/install/ur10_camera_gripper_moveit_config/share/ur10_camera_gripper_moveit_config/package.zsh'
[29.966s] colcon.colcon_core.environment Level 1 create_file_with_runtime_dependencies(/home/ubuntu/research_ws/ur10_pick_place_ws/install/ur10_camera_gripper_moveit_config/share/colcon-core/packages/ur10_camera_gripper_moveit_config)
[29.968s] colcon.colcon_core.environment Level 1 create_environment_scripts_only(ur10_camera_gripper_moveit_config)
[29.969s] colcon.colcon_core.environment Level 1 checking '/home/ubuntu/research_ws/ur10_pick_place_ws/install/ur10_camera_gripper_moveit_config' for CMake module files
[29.971s] colcon.colcon_core.environment Level 1 checking '/home/ubuntu/research_ws/ur10_pick_place_ws/install/ur10_camera_gripper_moveit_config' for CMake config files
[29.972s] colcon.colcon_core.shell Level 1 create_environment_hook('ur10_camera_gripper_moveit_config', 'cmake_prefix_path')
[29.973s] colcon.colcon_core.shell INFO Creating environment hook '/home/ubuntu/research_ws/ur10_pick_place_ws/install/ur10_camera_gripper_moveit_config/share/ur10_camera_gripper_moveit_config/hook/cmake_prefix_path.ps1'
[29.974s] colcon.colcon_core.shell INFO Creating environment descriptor '/home/ubuntu/research_ws/ur10_pick_place_ws/install/ur10_camera_gripper_moveit_config/share/ur10_camera_gripper_moveit_config/hook/cmake_prefix_path.dsv'
[29.976s] colcon.colcon_core.shell INFO Creating environment hook '/home/ubuntu/research_ws/ur10_pick_place_ws/install/ur10_camera_gripper_moveit_config/share/ur10_camera_gripper_moveit_config/hook/cmake_prefix_path.sh'
[29.978s] colcon.colcon_core.environment Level 1 checking '/home/ubuntu/research_ws/ur10_pick_place_ws/install/ur10_camera_gripper_moveit_config/bin'
[29.978s] colcon.colcon_core.environment Level 1 checking '/home/ubuntu/research_ws/ur10_pick_place_ws/install/ur10_camera_gripper_moveit_config/lib/pkgconfig/ur10_camera_gripper_moveit_config.pc'
[29.979s] colcon.colcon_core.environment Level 1 checking '/home/ubuntu/research_ws/ur10_pick_place_ws/install/ur10_camera_gripper_moveit_config/lib/python3.10/site-packages'
[29.980s] colcon.colcon_core.environment Level 1 checking '/home/ubuntu/research_ws/ur10_pick_place_ws/install/ur10_camera_gripper_moveit_config/bin'
[29.981s] colcon.colcon_core.shell INFO Creating package script '/home/ubuntu/research_ws/ur10_pick_place_ws/install/ur10_camera_gripper_moveit_config/share/ur10_camera_gripper_moveit_config/package.ps1'
[29.983s] colcon.colcon_core.shell INFO Creating package descriptor '/home/ubuntu/research_ws/ur10_pick_place_ws/install/ur10_camera_gripper_moveit_config/share/ur10_camera_gripper_moveit_config/package.dsv'
[29.985s] colcon.colcon_core.shell INFO Creating package script '/home/ubuntu/research_ws/ur10_pick_place_ws/install/ur10_camera_gripper_moveit_config/share/ur10_camera_gripper_moveit_config/package.sh'
[29.987s] colcon.colcon_core.shell INFO Creating package script '/home/ubuntu/research_ws/ur10_pick_place_ws/install/ur10_camera_gripper_moveit_config/share/ur10_camera_gripper_moveit_config/package.bash'
[29.988s] colcon.colcon_core.shell INFO Creating package script '/home/ubuntu/research_ws/ur10_pick_place_ws/install/ur10_camera_gripper_moveit_config/share/ur10_camera_gripper_moveit_config/package.zsh'
[29.990s] colcon.colcon_core.environment Level 1 create_file_with_runtime_dependencies(/home/ubuntu/research_ws/ur10_pick_place_ws/install/ur10_camera_gripper_moveit_config/share/colcon-core/packages/ur10_camera_gripper_moveit_config)
[29.991s] colcon.colcon_parallel_executor.executor.parallel DEBUG closing loop
[29.992s] colcon.colcon_parallel_executor.executor.parallel DEBUG loop closed
[29.992s] colcon.colcon_parallel_executor.executor.parallel DEBUG run_until_complete finished with '0'
[29.993s] colcon.colcon_core.event_reactor DEBUG joining thread
[30.013s] colcon.colcon_core.plugin_system INFO Skipping extension 'colcon_notification.desktop_notification.terminal_notifier': Not used on non-Darwin systems
[30.013s] colcon.colcon_core.plugin_system INFO Skipping extension 'colcon_notification.desktop_notification.win32': Not used on non-Windows systems
[30.014s] colcon.colcon_notification.desktop_notification INFO Sending desktop notification using 'notify2'
[30.053s] colcon.colcon_core.event_reactor DEBUG joined thread
[30.054s] colcon.colcon_core.shell INFO Creating prefix script '/home/ubuntu/research_ws/ur10_pick_place_ws/install/local_setup.ps1'
[30.056s] colcon.colcon_core.shell INFO Creating prefix util module '/home/ubuntu/research_ws/ur10_pick_place_ws/install/_local_setup_util_ps1.py'
[30.059s] colcon.colcon_core.shell INFO Creating prefix chain script '/home/ubuntu/research_ws/ur10_pick_place_ws/install/setup.ps1'
[30.062s] colcon.colcon_core.shell INFO Creating prefix script '/home/ubuntu/research_ws/ur10_pick_place_ws/install/local_setup.sh'
[30.064s] colcon.colcon_core.shell INFO Creating prefix util module '/home/ubuntu/research_ws/ur10_pick_place_ws/install/_local_setup_util_sh.py'
[30.065s] colcon.colcon_core.shell INFO Creating prefix chain script '/home/ubuntu/research_ws/ur10_pick_place_ws/install/setup.sh'
[30.068s] colcon.colcon_core.shell INFO Creating prefix script '/home/ubuntu/research_ws/ur10_pick_place_ws/install/local_setup.bash'
[30.069s] colcon.colcon_core.shell INFO Creating prefix chain script '/home/ubuntu/research_ws/ur10_pick_place_ws/install/setup.bash'
[30.074s] colcon.colcon_core.shell INFO Creating prefix script '/home/ubuntu/research_ws/ur10_pick_place_ws/install/local_setup.zsh'
[30.075s] colcon.colcon_core.shell INFO Creating prefix chain script '/home/ubuntu/research_ws/ur10_pick_place_ws/install/setup.zsh'
