[0.284s] colcon DEBUG Command line arguments: ['/usr/bin/colcon', 'build', '--cmake-args', '-DCMAKE_BUILD_TYPE=Release']
[0.284s] colcon DEBUG Parsed command line arguments: Namespace(log_base=None, log_level=None, verb_name='build', build_base='build', install_base='install', merge_install=False, symlink_install=False, test_result_base=None, continue_on_error=False, executor='parallel', parallel_workers=12, event_handlers=None, ignore_user_meta=False, metas=['./colcon.meta'], base_paths=['.'], packages_ignore=None, packages_ignore_regex=None, paths=None, packages_up_to=None, packages_up_to_regex=None, packages_above=None, packages_above_and_dependencies=None, packages_above_depth=None, packages_select_by_dep=None, packages_skip_by_dep=None, packages_skip_up_to=None, packages_select_build_failed=False, packages_skip_build_finished=False, packages_select_test_failures=False, packages_skip_test_passed=False, packages_select=None, packages_skip=None, packages_select_regex=None, packages_skip_regex=None, packages_start=None, packages_end=None, allow_overriding=[], cmake_args=['-DCMAKE_BUILD_TYPE=Release'], cmake_target=None, cmake_target_skip_unavailable=False, cmake_clean_cache=False, cmake_clean_first=False, cmake_force_configure=False, ament_cmake_args=None, catkin_cmake_args=None, catkin_skip_building_tests=False, mixin_files=None, mixin=None, verb_parser=<colcon_mixin.mixin.mixin_argument.MixinArgumentDecorator object at 0xffffa38b4640>, verb_extension=<colcon_core.verb.build.BuildVerb object at 0xffffa38b4070>, main=<bound method BuildVerb.main of <colcon_core.verb.build.BuildVerb object at 0xffffa38b4070>>, mixin_verb=('build',))
[0.760s] colcon.colcon_core.package_discovery Level 1 discover_packages(colcon_meta) check parameters
[0.761s] colcon.colcon_core.package_discovery Level 1 discover_packages(recursive) check parameters
[0.761s] colcon.colcon_core.package_discovery Level 1 discover_packages(ignore) check parameters
[0.761s] colcon.colcon_core.package_discovery Level 1 discover_packages(path) check parameters
[0.761s] colcon.colcon_core.package_discovery Level 1 discover_packages(colcon_meta) discover
[0.761s] colcon.colcon_core.package_discovery Level 1 discover_packages(recursive) discover
[0.761s] colcon.colcon_core.package_discovery INFO Crawling recursively for packages in '/home/ubuntu/research_ws/ur10_pick_place_ws'
[0.762s] colcon.colcon_core.package_identification Level 1 _identify(.) by extensions ['ignore', 'ignore_ament_install']
[0.762s] colcon.colcon_core.package_identification Level 1 _identify(.) by extension 'ignore'
[0.762s] colcon.colcon_core.package_identification Level 1 _identify(.) by extension 'ignore_ament_install'
[0.762s] colcon.colcon_core.package_identification Level 1 _identify(.) by extensions ['colcon_pkg']
[0.762s] colcon.colcon_core.package_identification Level 1 _identify(.) by extension 'colcon_pkg'
[0.762s] colcon.colcon_core.package_identification Level 1 _identify(.) by extensions ['colcon_meta']
[0.762s] colcon.colcon_core.package_identification Level 1 _identify(.) by extension 'colcon_meta'
[0.763s] colcon.colcon_core.package_identification Level 1 _identify(.) by extensions ['ros']
[0.763s] colcon.colcon_core.package_identification Level 1 _identify(.) by extension 'ros'
[0.785s] colcon.colcon_core.package_identification Level 1 _identify(.) by extensions ['cmake', 'python']
[0.786s] colcon.colcon_core.package_identification Level 1 _identify(.) by extension 'cmake'
[0.786s] colcon.colcon_core.package_identification Level 1 _identify(.) by extension 'python'
[0.786s] colcon.colcon_core.package_identification Level 1 _identify(.) by extensions ['python_setup_py']
[0.786s] colcon.colcon_core.package_identification Level 1 _identify(.) by extension 'python_setup_py'
[0.786s] colcon.colcon_core.package_identification Level 1 _identify(build) by extensions ['ignore', 'ignore_ament_install']
[0.787s] colcon.colcon_core.package_identification Level 1 _identify(build) by extension 'ignore'
[0.787s] colcon.colcon_core.package_identification Level 1 _identify(build) ignored
[0.787s] colcon.colcon_core.package_identification Level 1 _identify(install) by extensions ['ignore', 'ignore_ament_install']
[0.787s] colcon.colcon_core.package_identification Level 1 _identify(install) by extension 'ignore'
[0.787s] colcon.colcon_core.package_identification Level 1 _identify(install) ignored
[0.788s] colcon.colcon_core.package_identification Level 1 _identify(log) by extensions ['ignore', 'ignore_ament_install']
[0.788s] colcon.colcon_core.package_identification Level 1 _identify(log) by extension 'ignore'
[0.788s] colcon.colcon_core.package_identification Level 1 _identify(log) ignored
[0.788s] colcon.colcon_core.package_identification Level 1 _identify(src) by extensions ['ignore', 'ignore_ament_install']
[0.788s] colcon.colcon_core.package_identification Level 1 _identify(src) by extension 'ignore'
[0.788s] colcon.colcon_core.package_identification Level 1 _identify(src) by extension 'ignore_ament_install'
[0.788s] colcon.colcon_core.package_identification Level 1 _identify(src) by extensions ['colcon_pkg']
[0.789s] colcon.colcon_core.package_identification Level 1 _identify(src) by extension 'colcon_pkg'
[0.789s] colcon.colcon_core.package_identification Level 1 _identify(src) by extensions ['colcon_meta']
[0.789s] colcon.colcon_core.package_identification Level 1 _identify(src) by extension 'colcon_meta'
[0.789s] colcon.colcon_core.package_identification Level 1 _identify(src) by extensions ['ros']
[0.789s] colcon.colcon_core.package_identification Level 1 _identify(src) by extension 'ros'
[0.789s] colcon.colcon_core.package_identification Level 1 _identify(src) by extensions ['cmake', 'python']
[0.789s] colcon.colcon_core.package_identification Level 1 _identify(src) by extension 'cmake'
[0.789s] colcon.colcon_core.package_identification Level 1 _identify(src) by extension 'python'
[0.789s] colcon.colcon_core.package_identification Level 1 _identify(src) by extensions ['python_setup_py']
[0.789s] colcon.colcon_core.package_identification Level 1 _identify(src) by extension 'python_setup_py'
[0.790s] colcon.colcon_core.package_identification Level 1 _identify(src/Universal_Robots_ROS2_Gazebo_Simulation) by extensions ['ignore', 'ignore_ament_install']
[0.790s] colcon.colcon_core.package_identification Level 1 _identify(src/Universal_Robots_ROS2_Gazebo_Simulation) by extension 'ignore'
[0.790s] colcon.colcon_core.package_identification Level 1 _identify(src/Universal_Robots_ROS2_Gazebo_Simulation) by extension 'ignore_ament_install'
[0.790s] colcon.colcon_core.package_identification Level 1 _identify(src/Universal_Robots_ROS2_Gazebo_Simulation) by extensions ['colcon_pkg']
[0.790s] colcon.colcon_core.package_identification Level 1 _identify(src/Universal_Robots_ROS2_Gazebo_Simulation) by extension 'colcon_pkg'
[0.790s] colcon.colcon_core.package_identification Level 1 _identify(src/Universal_Robots_ROS2_Gazebo_Simulation) by extensions ['colcon_meta']
[0.790s] colcon.colcon_core.package_identification Level 1 _identify(src/Universal_Robots_ROS2_Gazebo_Simulation) by extension 'colcon_meta'
[0.790s] colcon.colcon_core.package_identification Level 1 _identify(src/Universal_Robots_ROS2_Gazebo_Simulation) by extensions ['ros']
[0.790s] colcon.colcon_core.package_identification Level 1 _identify(src/Universal_Robots_ROS2_Gazebo_Simulation) by extension 'ros'
[0.790s] colcon.colcon_core.package_identification Level 1 _identify(src/Universal_Robots_ROS2_Gazebo_Simulation) by extensions ['cmake', 'python']
[0.791s] colcon.colcon_core.package_identification Level 1 _identify(src/Universal_Robots_ROS2_Gazebo_Simulation) by extension 'cmake'
[0.791s] colcon.colcon_core.package_identification Level 1 _identify(src/Universal_Robots_ROS2_Gazebo_Simulation) by extension 'python'
[0.791s] colcon.colcon_core.package_identification Level 1 _identify(src/Universal_Robots_ROS2_Gazebo_Simulation) by extensions ['python_setup_py']
[0.791s] colcon.colcon_core.package_identification Level 1 _identify(src/Universal_Robots_ROS2_Gazebo_Simulation) by extension 'python_setup_py'
[0.791s] colcon.colcon_core.package_identification Level 1 _identify(src/Universal_Robots_ROS2_Gazebo_Simulation/ur_simulation_gazebo) by extensions ['ignore', 'ignore_ament_install']
[0.791s] colcon.colcon_core.package_identification Level 1 _identify(src/Universal_Robots_ROS2_Gazebo_Simulation/ur_simulation_gazebo) by extension 'ignore'
[0.791s] colcon.colcon_core.package_identification Level 1 _identify(src/Universal_Robots_ROS2_Gazebo_Simulation/ur_simulation_gazebo) by extension 'ignore_ament_install'
[0.791s] colcon.colcon_core.package_identification Level 1 _identify(src/Universal_Robots_ROS2_Gazebo_Simulation/ur_simulation_gazebo) by extensions ['colcon_pkg']
[0.792s] colcon.colcon_core.package_identification Level 1 _identify(src/Universal_Robots_ROS2_Gazebo_Simulation/ur_simulation_gazebo) by extension 'colcon_pkg'
[0.792s] colcon.colcon_core.package_identification Level 1 _identify(src/Universal_Robots_ROS2_Gazebo_Simulation/ur_simulation_gazebo) by extensions ['colcon_meta']
[0.792s] colcon.colcon_core.package_identification Level 1 _identify(src/Universal_Robots_ROS2_Gazebo_Simulation/ur_simulation_gazebo) by extension 'colcon_meta'
[0.792s] colcon.colcon_core.package_identification Level 1 _identify(src/Universal_Robots_ROS2_Gazebo_Simulation/ur_simulation_gazebo) by extensions ['ros']
[0.792s] colcon.colcon_core.package_identification Level 1 _identify(src/Universal_Robots_ROS2_Gazebo_Simulation/ur_simulation_gazebo) by extension 'ros'
[0.800s] colcon.colcon_core.package_identification DEBUG Package 'src/Universal_Robots_ROS2_Gazebo_Simulation/ur_simulation_gazebo' with type 'ros.ament_cmake' and name 'ur_simulation_gazebo'
[0.800s] colcon.colcon_core.package_identification Level 1 _identify(src/grasp_executor) by extensions ['ignore', 'ignore_ament_install']
[0.800s] colcon.colcon_core.package_identification Level 1 _identify(src/grasp_executor) by extension 'ignore'
[0.800s] colcon.colcon_core.package_identification Level 1 _identify(src/grasp_executor) by extension 'ignore_ament_install'
[0.800s] colcon.colcon_core.package_identification Level 1 _identify(src/grasp_executor) by extensions ['colcon_pkg']
[0.801s] colcon.colcon_core.package_identification Level 1 _identify(src/grasp_executor) by extension 'colcon_pkg'
[0.801s] colcon.colcon_core.package_identification Level 1 _identify(src/grasp_executor) by extensions ['colcon_meta']
[0.801s] colcon.colcon_core.package_identification Level 1 _identify(src/grasp_executor) by extension 'colcon_meta'
[0.801s] colcon.colcon_core.package_identification Level 1 _identify(src/grasp_executor) by extensions ['ros']
[0.801s] colcon.colcon_core.package_identification Level 1 _identify(src/grasp_executor) by extension 'ros'
[0.802s] colcon.colcon_core.package_identification DEBUG Package 'src/grasp_executor' with type 'ros.ament_python' and name 'grasp_executor'
[0.803s] colcon.colcon_core.package_identification Level 1 _identify(src/linkattacher_msgs) by extensions ['ignore', 'ignore_ament_install']
[0.803s] colcon.colcon_core.package_identification Level 1 _identify(src/linkattacher_msgs) by extension 'ignore'
[0.803s] colcon.colcon_core.package_identification Level 1 _identify(src/linkattacher_msgs) by extension 'ignore_ament_install'
[0.803s] colcon.colcon_core.package_identification Level 1 _identify(src/linkattacher_msgs) by extensions ['colcon_pkg']
[0.803s] colcon.colcon_core.package_identification Level 1 _identify(src/linkattacher_msgs) by extension 'colcon_pkg'
[0.803s] colcon.colcon_core.package_identification Level 1 _identify(src/linkattacher_msgs) by extensions ['colcon_meta']
[0.803s] colcon.colcon_core.package_identification Level 1 _identify(src/linkattacher_msgs) by extension 'colcon_meta'
[0.803s] colcon.colcon_core.package_identification Level 1 _identify(src/linkattacher_msgs) by extensions ['ros']
[0.803s] colcon.colcon_core.package_identification Level 1 _identify(src/linkattacher_msgs) by extension 'ros'
[0.804s] colcon.colcon_core.package_identification DEBUG Package 'src/linkattacher_msgs' with type 'ros.ament_cmake' and name 'linkattacher_msgs'
[0.805s] colcon.colcon_core.package_identification Level 1 _identify(src/linkattacher_plugin) by extensions ['ignore', 'ignore_ament_install']
[0.805s] colcon.colcon_core.package_identification Level 1 _identify(src/linkattacher_plugin) by extension 'ignore'
[0.805s] colcon.colcon_core.package_identification Level 1 _identify(src/linkattacher_plugin) by extension 'ignore_ament_install'
[0.805s] colcon.colcon_core.package_identification Level 1 _identify(src/linkattacher_plugin) by extensions ['colcon_pkg']
[0.805s] colcon.colcon_core.package_identification Level 1 _identify(src/linkattacher_plugin) by extension 'colcon_pkg'
[0.805s] colcon.colcon_core.package_identification Level 1 _identify(src/linkattacher_plugin) by extensions ['colcon_meta']
[0.805s] colcon.colcon_core.package_identification Level 1 _identify(src/linkattacher_plugin) by extension 'colcon_meta'
[0.805s] colcon.colcon_core.package_identification Level 1 _identify(src/linkattacher_plugin) by extensions ['ros']
[0.806s] colcon.colcon_core.package_identification Level 1 _identify(src/linkattacher_plugin) by extension 'ros'
[0.807s] colcon.colcon_core.package_identification DEBUG Package 'src/linkattacher_plugin' with type 'ros.ament_cmake' and name 'ros2_linkattacher'
[0.807s] colcon.colcon_core.package_identification Level 1 _identify(src/ros2_robotiq_3f_gripper) by extensions ['ignore', 'ignore_ament_install']
[0.807s] colcon.colcon_core.package_identification Level 1 _identify(src/ros2_robotiq_3f_gripper) by extension 'ignore'
[0.808s] colcon.colcon_core.package_identification Level 1 _identify(src/ros2_robotiq_3f_gripper) by extension 'ignore_ament_install'
[0.808s] colcon.colcon_core.package_identification Level 1 _identify(src/ros2_robotiq_3f_gripper) by extensions ['colcon_pkg']
[0.808s] colcon.colcon_core.package_identification Level 1 _identify(src/ros2_robotiq_3f_gripper) by extension 'colcon_pkg'
[0.808s] colcon.colcon_core.package_identification Level 1 _identify(src/ros2_robotiq_3f_gripper) by extensions ['colcon_meta']
[0.808s] colcon.colcon_core.package_identification Level 1 _identify(src/ros2_robotiq_3f_gripper) by extension 'colcon_meta'
[0.808s] colcon.colcon_core.package_identification Level 1 _identify(src/ros2_robotiq_3f_gripper) by extensions ['ros']
[0.808s] colcon.colcon_core.package_identification Level 1 _identify(src/ros2_robotiq_3f_gripper) by extension 'ros'
[0.808s] colcon.colcon_core.package_identification Level 1 _identify(src/ros2_robotiq_3f_gripper) by extensions ['cmake', 'python']
[0.808s] colcon.colcon_core.package_identification Level 1 _identify(src/ros2_robotiq_3f_gripper) by extension 'cmake'
[0.809s] colcon.colcon_core.package_identification Level 1 _identify(src/ros2_robotiq_3f_gripper) by extension 'python'
[0.809s] colcon.colcon_core.package_identification Level 1 _identify(src/ros2_robotiq_3f_gripper) by extensions ['python_setup_py']
[0.809s] colcon.colcon_core.package_identification Level 1 _identify(src/ros2_robotiq_3f_gripper) by extension 'python_setup_py'
[0.809s] colcon.colcon_core.package_identification Level 1 _identify(src/ros2_robotiq_3f_gripper/robotiq_3f_description) by extensions ['ignore', 'ignore_ament_install']
[0.809s] colcon.colcon_core.package_identification Level 1 _identify(src/ros2_robotiq_3f_gripper/robotiq_3f_description) by extension 'ignore'
[0.809s] colcon.colcon_core.package_identification Level 1 _identify(src/ros2_robotiq_3f_gripper/robotiq_3f_description) by extension 'ignore_ament_install'
[0.809s] colcon.colcon_core.package_identification Level 1 _identify(src/ros2_robotiq_3f_gripper/robotiq_3f_description) by extensions ['colcon_pkg']
[0.809s] colcon.colcon_core.package_identification Level 1 _identify(src/ros2_robotiq_3f_gripper/robotiq_3f_description) by extension 'colcon_pkg'
[0.809s] colcon.colcon_core.package_identification Level 1 _identify(src/ros2_robotiq_3f_gripper/robotiq_3f_description) by extensions ['colcon_meta']
[0.810s] colcon.colcon_core.package_identification Level 1 _identify(src/ros2_robotiq_3f_gripper/robotiq_3f_description) by extension 'colcon_meta'
[0.810s] colcon.colcon_core.package_identification Level 1 _identify(src/ros2_robotiq_3f_gripper/robotiq_3f_description) by extensions ['ros']
[0.810s] colcon.colcon_core.package_identification Level 1 _identify(src/ros2_robotiq_3f_gripper/robotiq_3f_description) by extension 'ros'
[0.811s] colcon.colcon_core.package_identification DEBUG Package 'src/ros2_robotiq_3f_gripper/robotiq_3f_description' with type 'ros.ament_cmake' and name 'robotiq_3f_description'
[0.811s] colcon.colcon_core.package_identification Level 1 _identify(src/ros2_robotiq_3f_gripper/robotiq_3f_driver) by extensions ['ignore', 'ignore_ament_install']
[0.811s] colcon.colcon_core.package_identification Level 1 _identify(src/ros2_robotiq_3f_gripper/robotiq_3f_driver) by extension 'ignore'
[0.811s] colcon.colcon_core.package_identification Level 1 _identify(src/ros2_robotiq_3f_gripper/robotiq_3f_driver) ignored
[0.811s] colcon.colcon_core.package_identification Level 1 _identify(src/ros2_robotiq_3f_gripper/robotiq_3f_hardware_tests) by extensions ['ignore', 'ignore_ament_install']
[0.812s] colcon.colcon_core.package_identification Level 1 _identify(src/ros2_robotiq_3f_gripper/robotiq_3f_hardware_tests) by extension 'ignore'
[0.812s] colcon.colcon_core.package_identification Level 1 _identify(src/ros2_robotiq_3f_gripper/robotiq_3f_hardware_tests) ignored
[0.812s] colcon.colcon_core.package_identification Level 1 _identify(src/ros2_robotiq_3f_gripper/robotiq_3f_interfaces) by extensions ['ignore', 'ignore_ament_install']
[0.812s] colcon.colcon_core.package_identification Level 1 _identify(src/ros2_robotiq_3f_gripper/robotiq_3f_interfaces) by extension 'ignore'
[0.812s] colcon.colcon_core.package_identification Level 1 _identify(src/ros2_robotiq_3f_gripper/robotiq_3f_interfaces) by extension 'ignore_ament_install'
[0.812s] colcon.colcon_core.package_identification Level 1 _identify(src/ros2_robotiq_3f_gripper/robotiq_3f_interfaces) by extensions ['colcon_pkg']
[0.812s] colcon.colcon_core.package_identification Level 1 _identify(src/ros2_robotiq_3f_gripper/robotiq_3f_interfaces) by extension 'colcon_pkg'
[0.812s] colcon.colcon_core.package_identification Level 1 _identify(src/ros2_robotiq_3f_gripper/robotiq_3f_interfaces) by extensions ['colcon_meta']
[0.813s] colcon.colcon_core.package_identification Level 1 _identify(src/ros2_robotiq_3f_gripper/robotiq_3f_interfaces) by extension 'colcon_meta'
[0.813s] colcon.colcon_core.package_identification Level 1 _identify(src/ros2_robotiq_3f_gripper/robotiq_3f_interfaces) by extensions ['ros']
[0.813s] colcon.colcon_core.package_identification Level 1 _identify(src/ros2_robotiq_3f_gripper/robotiq_3f_interfaces) by extension 'ros'
[0.814s] colcon.colcon_core.package_identification DEBUG Package 'src/ros2_robotiq_3f_gripper/robotiq_3f_interfaces' with type 'ros.ament_cmake' and name 'robotiq_3f_interfaces'
[0.814s] colcon.colcon_core.package_identification Level 1 _identify(src/ros2_robotiq_3f_gripper/robotiq_3f_transmission_plugins) by extensions ['ignore', 'ignore_ament_install']
[0.814s] colcon.colcon_core.package_identification Level 1 _identify(src/ros2_robotiq_3f_gripper/robotiq_3f_transmission_plugins) by extension 'ignore'
[0.814s] colcon.colcon_core.package_identification Level 1 _identify(src/ros2_robotiq_3f_gripper/robotiq_3f_transmission_plugins) ignored
[0.815s] colcon.colcon_core.package_identification Level 1 _identify(src/ros2_robotiq_gripper) by extensions ['ignore', 'ignore_ament_install']
[0.815s] colcon.colcon_core.package_identification Level 1 _identify(src/ros2_robotiq_gripper) by extension 'ignore'
[0.815s] colcon.colcon_core.package_identification Level 1 _identify(src/ros2_robotiq_gripper) by extension 'ignore_ament_install'
[0.815s] colcon.colcon_core.package_identification Level 1 _identify(src/ros2_robotiq_gripper) by extensions ['colcon_pkg']
[0.815s] colcon.colcon_core.package_identification Level 1 _identify(src/ros2_robotiq_gripper) by extension 'colcon_pkg'
[0.815s] colcon.colcon_core.package_identification Level 1 _identify(src/ros2_robotiq_gripper) by extensions ['colcon_meta']
[0.815s] colcon.colcon_core.package_identification Level 1 _identify(src/ros2_robotiq_gripper) by extension 'colcon_meta'
[0.815s] colcon.colcon_core.package_identification Level 1 _identify(src/ros2_robotiq_gripper) by extensions ['ros']
[0.816s] colcon.colcon_core.package_identification Level 1 _identify(src/ros2_robotiq_gripper) by extension 'ros'
[0.816s] colcon.colcon_core.package_identification Level 1 _identify(src/ros2_robotiq_gripper) by extensions ['cmake', 'python']
[0.816s] colcon.colcon_core.package_identification Level 1 _identify(src/ros2_robotiq_gripper) by extension 'cmake'
[0.816s] colcon.colcon_core.package_identification Level 1 _identify(src/ros2_robotiq_gripper) by extension 'python'
[0.816s] colcon.colcon_core.package_identification Level 1 _identify(src/ros2_robotiq_gripper) by extensions ['python_setup_py']
[0.816s] colcon.colcon_core.package_identification Level 1 _identify(src/ros2_robotiq_gripper) by extension 'python_setup_py'
[0.816s] colcon.colcon_core.package_identification Level 1 _identify(src/ros2_robotiq_gripper/robotiq_controllers) by extensions ['ignore', 'ignore_ament_install']
[0.816s] colcon.colcon_core.package_identification Level 1 _identify(src/ros2_robotiq_gripper/robotiq_controllers) by extension 'ignore'
[0.817s] colcon.colcon_core.package_identification Level 1 _identify(src/ros2_robotiq_gripper/robotiq_controllers) by extension 'ignore_ament_install'
[0.817s] colcon.colcon_core.package_identification Level 1 _identify(src/ros2_robotiq_gripper/robotiq_controllers) by extensions ['colcon_pkg']
[0.817s] colcon.colcon_core.package_identification Level 1 _identify(src/ros2_robotiq_gripper/robotiq_controllers) by extension 'colcon_pkg'
[0.817s] colcon.colcon_core.package_identification Level 1 _identify(src/ros2_robotiq_gripper/robotiq_controllers) by extensions ['colcon_meta']
[0.817s] colcon.colcon_core.package_identification Level 1 _identify(src/ros2_robotiq_gripper/robotiq_controllers) by extension 'colcon_meta'
[0.817s] colcon.colcon_core.package_identification Level 1 _identify(src/ros2_robotiq_gripper/robotiq_controllers) by extensions ['ros']
[0.817s] colcon.colcon_core.package_identification Level 1 _identify(src/ros2_robotiq_gripper/robotiq_controllers) by extension 'ros'
[0.818s] colcon.colcon_core.package_identification DEBUG Package 'src/ros2_robotiq_gripper/robotiq_controllers' with type 'ros.ament_cmake' and name 'robotiq_controllers'
[0.819s] colcon.colcon_core.package_identification Level 1 _identify(src/ros2_robotiq_gripper/robotiq_description) by extensions ['ignore', 'ignore_ament_install']
[0.819s] colcon.colcon_core.package_identification Level 1 _identify(src/ros2_robotiq_gripper/robotiq_description) by extension 'ignore'
[0.819s] colcon.colcon_core.package_identification Level 1 _identify(src/ros2_robotiq_gripper/robotiq_description) by extension 'ignore_ament_install'
[0.819s] colcon.colcon_core.package_identification Level 1 _identify(src/ros2_robotiq_gripper/robotiq_description) by extensions ['colcon_pkg']
[0.819s] colcon.colcon_core.package_identification Level 1 _identify(src/ros2_robotiq_gripper/robotiq_description) by extension 'colcon_pkg'
[0.819s] colcon.colcon_core.package_identification Level 1 _identify(src/ros2_robotiq_gripper/robotiq_description) by extensions ['colcon_meta']
[0.819s] colcon.colcon_core.package_identification Level 1 _identify(src/ros2_robotiq_gripper/robotiq_description) by extension 'colcon_meta'
[0.819s] colcon.colcon_core.package_identification Level 1 _identify(src/ros2_robotiq_gripper/robotiq_description) by extensions ['ros']
[0.819s] colcon.colcon_core.package_identification Level 1 _identify(src/ros2_robotiq_gripper/robotiq_description) by extension 'ros'
[0.821s] colcon.colcon_core.package_identification DEBUG Package 'src/ros2_robotiq_gripper/robotiq_description' with type 'ros.ament_cmake' and name 'robotiq_description'
[0.821s] colcon.colcon_core.package_identification Level 1 _identify(src/ur10_camera_gripper_moveit_config) by extensions ['ignore', 'ignore_ament_install']
[0.821s] colcon.colcon_core.package_identification Level 1 _identify(src/ur10_camera_gripper_moveit_config) by extension 'ignore'
[0.821s] colcon.colcon_core.package_identification Level 1 _identify(src/ur10_camera_gripper_moveit_config) by extension 'ignore_ament_install'
[0.822s] colcon.colcon_core.package_identification Level 1 _identify(src/ur10_camera_gripper_moveit_config) by extensions ['colcon_pkg']
[0.822s] colcon.colcon_core.package_identification Level 1 _identify(src/ur10_camera_gripper_moveit_config) by extension 'colcon_pkg'
[0.822s] colcon.colcon_core.package_identification Level 1 _identify(src/ur10_camera_gripper_moveit_config) by extensions ['colcon_meta']
[0.822s] colcon.colcon_core.package_identification Level 1 _identify(src/ur10_camera_gripper_moveit_config) by extension 'colcon_meta'
[0.822s] colcon.colcon_core.package_identification Level 1 _identify(src/ur10_camera_gripper_moveit_config) by extensions ['ros']
[0.822s] colcon.colcon_core.package_identification Level 1 _identify(src/ur10_camera_gripper_moveit_config) by extension 'ros'
[0.824s] colcon.colcon_core.package_identification DEBUG Package 'src/ur10_camera_gripper_moveit_config' with type 'ros.ament_cmake' and name 'ur10_camera_gripper_moveit_config'
[0.824s] colcon.colcon_core.package_identification Level 1 _identify(src/ur10_camera_moveit_config) by extensions ['ignore', 'ignore_ament_install']
[0.824s] colcon.colcon_core.package_identification Level 1 _identify(src/ur10_camera_moveit_config) by extension 'ignore'
[0.824s] colcon.colcon_core.package_identification Level 1 _identify(src/ur10_camera_moveit_config) ignored
[0.824s] colcon.colcon_core.package_identification Level 1 _identify(src/ur10_pick_place) by extensions ['ignore', 'ignore_ament_install']
[0.825s] colcon.colcon_core.package_identification Level 1 _identify(src/ur10_pick_place) by extension 'ignore'
[0.825s] colcon.colcon_core.package_identification Level 1 _identify(src/ur10_pick_place) by extension 'ignore_ament_install'
[0.825s] colcon.colcon_core.package_identification Level 1 _identify(src/ur10_pick_place) by extensions ['colcon_pkg']
[0.825s] colcon.colcon_core.package_identification Level 1 _identify(src/ur10_pick_place) by extension 'colcon_pkg'
[0.825s] colcon.colcon_core.package_identification Level 1 _identify(src/ur10_pick_place) by extensions ['colcon_meta']
[0.825s] colcon.colcon_core.package_identification Level 1 _identify(src/ur10_pick_place) by extension 'colcon_meta'
[0.825s] colcon.colcon_core.package_identification Level 1 _identify(src/ur10_pick_place) by extensions ['ros']
[0.825s] colcon.colcon_core.package_identification Level 1 _identify(src/ur10_pick_place) by extension 'ros'
[0.826s] colcon.colcon_core.package_identification DEBUG Package 'src/ur10_pick_place' with type 'ros.ament_cmake' and name 'ur10_pick_place'
[0.827s] colcon.colcon_core.package_identification Level 1 _identify(src/ur_yt_sim) by extensions ['ignore', 'ignore_ament_install']
[0.827s] colcon.colcon_core.package_identification Level 1 _identify(src/ur_yt_sim) by extension 'ignore'
[0.827s] colcon.colcon_core.package_identification Level 1 _identify(src/ur_yt_sim) by extension 'ignore_ament_install'
[0.827s] colcon.colcon_core.package_identification Level 1 _identify(src/ur_yt_sim) by extensions ['colcon_pkg']
[0.827s] colcon.colcon_core.package_identification Level 1 _identify(src/ur_yt_sim) by extension 'colcon_pkg'
[0.827s] colcon.colcon_core.package_identification Level 1 _identify(src/ur_yt_sim) by extensions ['colcon_meta']
[0.827s] colcon.colcon_core.package_identification Level 1 _identify(src/ur_yt_sim) by extension 'colcon_meta'
[0.827s] colcon.colcon_core.package_identification Level 1 _identify(src/ur_yt_sim) by extensions ['ros']
[0.827s] colcon.colcon_core.package_identification Level 1 _identify(src/ur_yt_sim) by extension 'ros'
[0.829s] colcon.colcon_core.package_identification DEBUG Package 'src/ur_yt_sim' with type 'ros.ament_cmake' and name 'ur_yt_sim'
[0.829s] colcon.colcon_core.package_discovery Level 1 discover_packages(recursive) using defaults
[0.829s] colcon.colcon_core.package_discovery Level 1 discover_packages(ignore) discover
[0.829s] colcon.colcon_core.package_discovery Level 1 discover_packages(ignore) using defaults
[0.829s] colcon.colcon_core.package_discovery Level 1 discover_packages(path) discover
[0.830s] colcon.colcon_core.package_discovery Level 1 discover_packages(path) using defaults
[0.867s] colcon.colcon_core.package_discovery Level 1 discover_packages(prefix_path) check parameters
[0.867s] colcon.colcon_core.package_discovery Level 1 discover_packages(prefix_path) discover
[0.872s] colcon.colcon_installed_package_information.package_discovery DEBUG Found 11 installed packages in /home/ubuntu/ur_camera_ws/install
[0.873s] colcon.colcon_installed_package_information.package_discovery DEBUG Found 0 installed packages in /home/ubuntu/ur10_sim_ws/install
[0.876s] colcon.colcon_installed_package_information.package_discovery DEBUG Found 450 installed packages in /opt/ros/humble
[0.882s] colcon.colcon_core.package_discovery Level 1 discover_packages(prefix_path) using defaults
[1.001s] colcon.colcon_core.verb Level 5 set package 'grasp_executor' build argument 'cmake_args' from command line to '['-DCMAKE_BUILD_TYPE=Release']'
[1.001s] colcon.colcon_core.verb Level 5 set package 'grasp_executor' build argument 'cmake_target' from command line to 'None'
[1.001s] colcon.colcon_core.verb Level 5 set package 'grasp_executor' build argument 'cmake_target_skip_unavailable' from command line to 'False'
[1.001s] colcon.colcon_core.verb Level 5 set package 'grasp_executor' build argument 'cmake_clean_cache' from command line to 'False'
[1.001s] colcon.colcon_core.verb Level 5 set package 'grasp_executor' build argument 'cmake_clean_first' from command line to 'False'
[1.001s] colcon.colcon_core.verb Level 5 set package 'grasp_executor' build argument 'cmake_force_configure' from command line to 'False'
[1.002s] colcon.colcon_core.verb Level 5 set package 'grasp_executor' build argument 'ament_cmake_args' from command line to 'None'
[1.002s] colcon.colcon_core.verb Level 5 set package 'grasp_executor' build argument 'catkin_cmake_args' from command line to 'None'
[1.002s] colcon.colcon_core.verb Level 5 set package 'grasp_executor' build argument 'catkin_skip_building_tests' from command line to 'False'
[1.002s] colcon.colcon_core.verb DEBUG Building package 'grasp_executor' with the following arguments: {'ament_cmake_args': None, 'build_base': '/home/ubuntu/research_ws/ur10_pick_place_ws/build/grasp_executor', 'catkin_cmake_args': None, 'catkin_skip_building_tests': False, 'cmake_args': ['-DCMAKE_BUILD_TYPE=Release'], 'cmake_clean_cache': False, 'cmake_clean_first': False, 'cmake_force_configure': False, 'cmake_target': None, 'cmake_target_skip_unavailable': False, 'install_base': '/home/ubuntu/research_ws/ur10_pick_place_ws/install/grasp_executor', 'merge_install': False, 'path': '/home/ubuntu/research_ws/ur10_pick_place_ws/src/grasp_executor', 'symlink_install': False, 'test_result_base': None}
[1.002s] colcon.colcon_core.verb Level 5 set package 'linkattacher_msgs' build argument 'cmake_args' from command line to '['-DCMAKE_BUILD_TYPE=Release']'
[1.003s] colcon.colcon_core.verb Level 5 set package 'linkattacher_msgs' build argument 'cmake_target' from command line to 'None'
[1.003s] colcon.colcon_core.verb Level 5 set package 'linkattacher_msgs' build argument 'cmake_target_skip_unavailable' from command line to 'False'
[1.003s] colcon.colcon_core.verb Level 5 set package 'linkattacher_msgs' build argument 'cmake_clean_cache' from command line to 'False'
[1.003s] colcon.colcon_core.verb Level 5 set package 'linkattacher_msgs' build argument 'cmake_clean_first' from command line to 'False'
[1.003s] colcon.colcon_core.verb Level 5 set package 'linkattacher_msgs' build argument 'cmake_force_configure' from command line to 'False'
[1.003s] colcon.colcon_core.verb Level 5 set package 'linkattacher_msgs' build argument 'ament_cmake_args' from command line to 'None'
[1.003s] colcon.colcon_core.verb Level 5 set package 'linkattacher_msgs' build argument 'catkin_cmake_args' from command line to 'None'
[1.003s] colcon.colcon_core.verb Level 5 set package 'linkattacher_msgs' build argument 'catkin_skip_building_tests' from command line to 'False'
[1.003s] colcon.colcon_core.verb DEBUG Building package 'linkattacher_msgs' with the following arguments: {'ament_cmake_args': None, 'build_base': '/home/ubuntu/research_ws/ur10_pick_place_ws/build/linkattacher_msgs', 'catkin_cmake_args': None, 'catkin_skip_building_tests': False, 'cmake_args': ['-DCMAKE_BUILD_TYPE=Release'], 'cmake_clean_cache': False, 'cmake_clean_first': False, 'cmake_force_configure': False, 'cmake_target': None, 'cmake_target_skip_unavailable': False, 'install_base': '/home/ubuntu/research_ws/ur10_pick_place_ws/install/linkattacher_msgs', 'merge_install': False, 'path': '/home/ubuntu/research_ws/ur10_pick_place_ws/src/linkattacher_msgs', 'symlink_install': False, 'test_result_base': None}
[1.004s] colcon.colcon_core.verb Level 5 set package 'robotiq_3f_description' build argument 'cmake_args' from command line to '['-DCMAKE_BUILD_TYPE=Release']'
[1.004s] colcon.colcon_core.verb Level 5 set package 'robotiq_3f_description' build argument 'cmake_target' from command line to 'None'
[1.004s] colcon.colcon_core.verb Level 5 set package 'robotiq_3f_description' build argument 'cmake_target_skip_unavailable' from command line to 'False'
[1.004s] colcon.colcon_core.verb Level 5 set package 'robotiq_3f_description' build argument 'cmake_clean_cache' from command line to 'False'
[1.004s] colcon.colcon_core.verb Level 5 set package 'robotiq_3f_description' build argument 'cmake_clean_first' from command line to 'False'
[1.004s] colcon.colcon_core.verb Level 5 set package 'robotiq_3f_description' build argument 'cmake_force_configure' from command line to 'False'
[1.004s] colcon.colcon_core.verb Level 5 set package 'robotiq_3f_description' build argument 'ament_cmake_args' from command line to 'None'
[1.004s] colcon.colcon_core.verb Level 5 set package 'robotiq_3f_description' build argument 'catkin_cmake_args' from command line to 'None'
[1.004s] colcon.colcon_core.verb Level 5 set package 'robotiq_3f_description' build argument 'catkin_skip_building_tests' from command line to 'False'
[1.004s] colcon.colcon_core.verb DEBUG Building package 'robotiq_3f_description' with the following arguments: {'ament_cmake_args': None, 'build_base': '/home/ubuntu/research_ws/ur10_pick_place_ws/build/robotiq_3f_description', 'catkin_cmake_args': None, 'catkin_skip_building_tests': False, 'cmake_args': ['-DCMAKE_BUILD_TYPE=Release'], 'cmake_clean_cache': False, 'cmake_clean_first': False, 'cmake_force_configure': False, 'cmake_target': None, 'cmake_target_skip_unavailable': False, 'install_base': '/home/ubuntu/research_ws/ur10_pick_place_ws/install/robotiq_3f_description', 'merge_install': False, 'path': '/home/ubuntu/research_ws/ur10_pick_place_ws/src/ros2_robotiq_3f_gripper/robotiq_3f_description', 'symlink_install': False, 'test_result_base': None}
[1.005s] colcon.colcon_core.verb Level 5 set package 'robotiq_3f_interfaces' build argument 'cmake_args' from command line to '['-DCMAKE_BUILD_TYPE=Release']'
[1.005s] colcon.colcon_core.verb Level 5 set package 'robotiq_3f_interfaces' build argument 'cmake_target' from command line to 'None'
[1.005s] colcon.colcon_core.verb Level 5 set package 'robotiq_3f_interfaces' build argument 'cmake_target_skip_unavailable' from command line to 'False'
[1.005s] colcon.colcon_core.verb Level 5 set package 'robotiq_3f_interfaces' build argument 'cmake_clean_cache' from command line to 'False'
[1.005s] colcon.colcon_core.verb Level 5 set package 'robotiq_3f_interfaces' build argument 'cmake_clean_first' from command line to 'False'
[1.005s] colcon.colcon_core.verb Level 5 set package 'robotiq_3f_interfaces' build argument 'cmake_force_configure' from command line to 'False'
[1.005s] colcon.colcon_core.verb Level 5 set package 'robotiq_3f_interfaces' build argument 'ament_cmake_args' from command line to 'None'
[1.005s] colcon.colcon_core.verb Level 5 set package 'robotiq_3f_interfaces' build argument 'catkin_cmake_args' from command line to 'None'
[1.005s] colcon.colcon_core.verb Level 5 set package 'robotiq_3f_interfaces' build argument 'catkin_skip_building_tests' from command line to 'False'
[1.005s] colcon.colcon_core.verb DEBUG Building package 'robotiq_3f_interfaces' with the following arguments: {'ament_cmake_args': None, 'build_base': '/home/ubuntu/research_ws/ur10_pick_place_ws/build/robotiq_3f_interfaces', 'catkin_cmake_args': None, 'catkin_skip_building_tests': False, 'cmake_args': ['-DCMAKE_BUILD_TYPE=Release'], 'cmake_clean_cache': False, 'cmake_clean_first': False, 'cmake_force_configure': False, 'cmake_target': None, 'cmake_target_skip_unavailable': False, 'install_base': '/home/ubuntu/research_ws/ur10_pick_place_ws/install/robotiq_3f_interfaces', 'merge_install': False, 'path': '/home/ubuntu/research_ws/ur10_pick_place_ws/src/ros2_robotiq_3f_gripper/robotiq_3f_interfaces', 'symlink_install': False, 'test_result_base': None}
[1.006s] colcon.colcon_core.verb Level 5 set package 'robotiq_controllers' build argument 'cmake_args' from command line to '['-DCMAKE_BUILD_TYPE=Release']'
[1.006s] colcon.colcon_core.verb Level 5 set package 'robotiq_controllers' build argument 'cmake_target' from command line to 'None'
[1.006s] colcon.colcon_core.verb Level 5 set package 'robotiq_controllers' build argument 'cmake_target_skip_unavailable' from command line to 'False'
[1.006s] colcon.colcon_core.verb Level 5 set package 'robotiq_controllers' build argument 'cmake_clean_cache' from command line to 'False'
[1.006s] colcon.colcon_core.verb Level 5 set package 'robotiq_controllers' build argument 'cmake_clean_first' from command line to 'False'
[1.006s] colcon.colcon_core.verb Level 5 set package 'robotiq_controllers' build argument 'cmake_force_configure' from command line to 'False'
[1.006s] colcon.colcon_core.verb Level 5 set package 'robotiq_controllers' build argument 'ament_cmake_args' from command line to 'None'
[1.006s] colcon.colcon_core.verb Level 5 set package 'robotiq_controllers' build argument 'catkin_cmake_args' from command line to 'None'
[1.006s] colcon.colcon_core.verb Level 5 set package 'robotiq_controllers' build argument 'catkin_skip_building_tests' from command line to 'False'
[1.006s] colcon.colcon_core.verb DEBUG Building package 'robotiq_controllers' with the following arguments: {'ament_cmake_args': None, 'build_base': '/home/ubuntu/research_ws/ur10_pick_place_ws/build/robotiq_controllers', 'catkin_cmake_args': None, 'catkin_skip_building_tests': False, 'cmake_args': ['-DCMAKE_BUILD_TYPE=Release'], 'cmake_clean_cache': False, 'cmake_clean_first': False, 'cmake_force_configure': False, 'cmake_target': None, 'cmake_target_skip_unavailable': False, 'install_base': '/home/ubuntu/research_ws/ur10_pick_place_ws/install/robotiq_controllers', 'merge_install': False, 'path': '/home/ubuntu/research_ws/ur10_pick_place_ws/src/ros2_robotiq_gripper/robotiq_controllers', 'symlink_install': False, 'test_result_base': None}
[1.007s] colcon.colcon_core.verb Level 5 set package 'robotiq_description' build argument 'cmake_args' from command line to '['-DCMAKE_BUILD_TYPE=Release']'
[1.007s] colcon.colcon_core.verb Level 5 set package 'robotiq_description' build argument 'cmake_target' from command line to 'None'
[1.007s] colcon.colcon_core.verb Level 5 set package 'robotiq_description' build argument 'cmake_target_skip_unavailable' from command line to 'False'
[1.007s] colcon.colcon_core.verb Level 5 set package 'robotiq_description' build argument 'cmake_clean_cache' from command line to 'False'
[1.007s] colcon.colcon_core.verb Level 5 set package 'robotiq_description' build argument 'cmake_clean_first' from command line to 'False'
[1.007s] colcon.colcon_core.verb Level 5 set package 'robotiq_description' build argument 'cmake_force_configure' from command line to 'False'
[1.007s] colcon.colcon_core.verb Level 5 set package 'robotiq_description' build argument 'ament_cmake_args' from command line to 'None'
[1.007s] colcon.colcon_core.verb Level 5 set package 'robotiq_description' build argument 'catkin_cmake_args' from command line to 'None'
[1.008s] colcon.colcon_core.verb Level 5 set package 'robotiq_description' build argument 'catkin_skip_building_tests' from command line to 'False'
[1.008s] colcon.colcon_core.verb DEBUG Building package 'robotiq_description' with the following arguments: {'ament_cmake_args': None, 'build_base': '/home/ubuntu/research_ws/ur10_pick_place_ws/build/robotiq_description', 'catkin_cmake_args': None, 'catkin_skip_building_tests': False, 'cmake_args': ['-DCMAKE_BUILD_TYPE=Release'], 'cmake_clean_cache': False, 'cmake_clean_first': False, 'cmake_force_configure': False, 'cmake_target': None, 'cmake_target_skip_unavailable': False, 'install_base': '/home/ubuntu/research_ws/ur10_pick_place_ws/install/robotiq_description', 'merge_install': False, 'path': '/home/ubuntu/research_ws/ur10_pick_place_ws/src/ros2_robotiq_gripper/robotiq_description', 'symlink_install': False, 'test_result_base': None}
[1.008s] colcon.colcon_core.verb Level 5 set package 'ur_simulation_gazebo' build argument 'cmake_args' from command line to '['-DCMAKE_BUILD_TYPE=Release']'
[1.008s] colcon.colcon_core.verb Level 5 set package 'ur_simulation_gazebo' build argument 'cmake_target' from command line to 'None'
[1.008s] colcon.colcon_core.verb Level 5 set package 'ur_simulation_gazebo' build argument 'cmake_target_skip_unavailable' from command line to 'False'
[1.008s] colcon.colcon_core.verb Level 5 set package 'ur_simulation_gazebo' build argument 'cmake_clean_cache' from command line to 'False'
[1.008s] colcon.colcon_core.verb Level 5 set package 'ur_simulation_gazebo' build argument 'cmake_clean_first' from command line to 'False'
[1.009s] colcon.colcon_core.verb Level 5 set package 'ur_simulation_gazebo' build argument 'cmake_force_configure' from command line to 'False'
[1.009s] colcon.colcon_core.verb Level 5 set package 'ur_simulation_gazebo' build argument 'ament_cmake_args' from command line to 'None'
[1.009s] colcon.colcon_core.verb Level 5 set package 'ur_simulation_gazebo' build argument 'catkin_cmake_args' from command line to 'None'
[1.009s] colcon.colcon_core.verb Level 5 set package 'ur_simulation_gazebo' build argument 'catkin_skip_building_tests' from command line to 'False'
[1.009s] colcon.colcon_core.verb DEBUG Building package 'ur_simulation_gazebo' with the following arguments: {'ament_cmake_args': None, 'build_base': '/home/ubuntu/research_ws/ur10_pick_place_ws/build/ur_simulation_gazebo', 'catkin_cmake_args': None, 'catkin_skip_building_tests': False, 'cmake_args': ['-DCMAKE_BUILD_TYPE=Release'], 'cmake_clean_cache': False, 'cmake_clean_first': False, 'cmake_force_configure': False, 'cmake_target': None, 'cmake_target_skip_unavailable': False, 'install_base': '/home/ubuntu/research_ws/ur10_pick_place_ws/install/ur_simulation_gazebo', 'merge_install': False, 'path': '/home/ubuntu/research_ws/ur10_pick_place_ws/src/Universal_Robots_ROS2_Gazebo_Simulation/ur_simulation_gazebo', 'symlink_install': False, 'test_result_base': None}
[1.009s] colcon.colcon_core.verb Level 5 set package 'ros2_linkattacher' build argument 'cmake_args' from command line to '['-DCMAKE_BUILD_TYPE=Release']'
[1.009s] colcon.colcon_core.verb Level 5 set package 'ros2_linkattacher' build argument 'cmake_target' from command line to 'None'
[1.010s] colcon.colcon_core.verb Level 5 set package 'ros2_linkattacher' build argument 'cmake_target_skip_unavailable' from command line to 'False'
[1.010s] colcon.colcon_core.verb Level 5 set package 'ros2_linkattacher' build argument 'cmake_clean_cache' from command line to 'False'
[1.010s] colcon.colcon_core.verb Level 5 set package 'ros2_linkattacher' build argument 'cmake_clean_first' from command line to 'False'
[1.010s] colcon.colcon_core.verb Level 5 set package 'ros2_linkattacher' build argument 'cmake_force_configure' from command line to 'False'
[1.010s] colcon.colcon_core.verb Level 5 set package 'ros2_linkattacher' build argument 'ament_cmake_args' from command line to 'None'
[1.010s] colcon.colcon_core.verb Level 5 set package 'ros2_linkattacher' build argument 'catkin_cmake_args' from command line to 'None'
[1.010s] colcon.colcon_core.verb Level 5 set package 'ros2_linkattacher' build argument 'catkin_skip_building_tests' from command line to 'False'
[1.010s] colcon.colcon_core.verb DEBUG Building package 'ros2_linkattacher' with the following arguments: {'ament_cmake_args': None, 'build_base': '/home/ubuntu/research_ws/ur10_pick_place_ws/build/ros2_linkattacher', 'catkin_cmake_args': None, 'catkin_skip_building_tests': False, 'cmake_args': ['-DCMAKE_BUILD_TYPE=Release'], 'cmake_clean_cache': False, 'cmake_clean_first': False, 'cmake_force_configure': False, 'cmake_target': None, 'cmake_target_skip_unavailable': False, 'install_base': '/home/ubuntu/research_ws/ur10_pick_place_ws/install/ros2_linkattacher', 'merge_install': False, 'path': '/home/ubuntu/research_ws/ur10_pick_place_ws/src/linkattacher_plugin', 'symlink_install': False, 'test_result_base': None}
[1.011s] colcon.colcon_core.verb Level 5 set package 'ur_yt_sim' build argument 'cmake_args' from command line to '['-DCMAKE_BUILD_TYPE=Release']'
[1.011s] colcon.colcon_core.verb Level 5 set package 'ur_yt_sim' build argument 'cmake_target' from command line to 'None'
[1.011s] colcon.colcon_core.verb Level 5 set package 'ur_yt_sim' build argument 'cmake_target_skip_unavailable' from command line to 'False'
[1.011s] colcon.colcon_core.verb Level 5 set package 'ur_yt_sim' build argument 'cmake_clean_cache' from command line to 'False'
[1.011s] colcon.colcon_core.verb Level 5 set package 'ur_yt_sim' build argument 'cmake_clean_first' from command line to 'False'
[1.011s] colcon.colcon_core.verb Level 5 set package 'ur_yt_sim' build argument 'cmake_force_configure' from command line to 'False'
[1.011s] colcon.colcon_core.verb Level 5 set package 'ur_yt_sim' build argument 'ament_cmake_args' from command line to 'None'
[1.011s] colcon.colcon_core.verb Level 5 set package 'ur_yt_sim' build argument 'catkin_cmake_args' from command line to 'None'
[1.011s] colcon.colcon_core.verb Level 5 set package 'ur_yt_sim' build argument 'catkin_skip_building_tests' from command line to 'False'
[1.011s] colcon.colcon_core.verb DEBUG Building package 'ur_yt_sim' with the following arguments: {'ament_cmake_args': None, 'build_base': '/home/ubuntu/research_ws/ur10_pick_place_ws/build/ur_yt_sim', 'catkin_cmake_args': None, 'catkin_skip_building_tests': False, 'cmake_args': ['-DCMAKE_BUILD_TYPE=Release'], 'cmake_clean_cache': False, 'cmake_clean_first': False, 'cmake_force_configure': False, 'cmake_target': None, 'cmake_target_skip_unavailable': False, 'install_base': '/home/ubuntu/research_ws/ur10_pick_place_ws/install/ur_yt_sim', 'merge_install': False, 'path': '/home/ubuntu/research_ws/ur10_pick_place_ws/src/ur_yt_sim', 'symlink_install': False, 'test_result_base': None}
[1.012s] colcon.colcon_core.verb Level 5 set package 'ur10_camera_gripper_moveit_config' build argument 'cmake_args' from command line to '['-DCMAKE_BUILD_TYPE=Release']'
[1.012s] colcon.colcon_core.verb Level 5 set package 'ur10_camera_gripper_moveit_config' build argument 'cmake_target' from command line to 'None'
[1.012s] colcon.colcon_core.verb Level 5 set package 'ur10_camera_gripper_moveit_config' build argument 'cmake_target_skip_unavailable' from command line to 'False'
[1.012s] colcon.colcon_core.verb Level 5 set package 'ur10_camera_gripper_moveit_config' build argument 'cmake_clean_cache' from command line to 'False'
[1.012s] colcon.colcon_core.verb Level 5 set package 'ur10_camera_gripper_moveit_config' build argument 'cmake_clean_first' from command line to 'False'
[1.012s] colcon.colcon_core.verb Level 5 set package 'ur10_camera_gripper_moveit_config' build argument 'cmake_force_configure' from command line to 'False'
[1.012s] colcon.colcon_core.verb Level 5 set package 'ur10_camera_gripper_moveit_config' build argument 'ament_cmake_args' from command line to 'None'
[1.012s] colcon.colcon_core.verb Level 5 set package 'ur10_camera_gripper_moveit_config' build argument 'catkin_cmake_args' from command line to 'None'
[1.012s] colcon.colcon_core.verb Level 5 set package 'ur10_camera_gripper_moveit_config' build argument 'catkin_skip_building_tests' from command line to 'False'
[1.012s] colcon.colcon_core.verb DEBUG Building package 'ur10_camera_gripper_moveit_config' with the following arguments: {'ament_cmake_args': None, 'build_base': '/home/ubuntu/research_ws/ur10_pick_place_ws/build/ur10_camera_gripper_moveit_config', 'catkin_cmake_args': None, 'catkin_skip_building_tests': False, 'cmake_args': ['-DCMAKE_BUILD_TYPE=Release'], 'cmake_clean_cache': False, 'cmake_clean_first': False, 'cmake_force_configure': False, 'cmake_target': None, 'cmake_target_skip_unavailable': False, 'install_base': '/home/ubuntu/research_ws/ur10_pick_place_ws/install/ur10_camera_gripper_moveit_config', 'merge_install': False, 'path': '/home/ubuntu/research_ws/ur10_pick_place_ws/src/ur10_camera_gripper_moveit_config', 'symlink_install': False, 'test_result_base': None}
[1.013s] colcon.colcon_core.verb Level 5 set package 'ur10_pick_place' build argument 'cmake_args' from command line to '['-DCMAKE_BUILD_TYPE=Release']'
[1.013s] colcon.colcon_core.verb Level 5 set package 'ur10_pick_place' build argument 'cmake_target' from command line to 'None'
[1.013s] colcon.colcon_core.verb Level 5 set package 'ur10_pick_place' build argument 'cmake_target_skip_unavailable' from command line to 'False'
[1.013s] colcon.colcon_core.verb Level 5 set package 'ur10_pick_place' build argument 'cmake_clean_cache' from command line to 'False'
[1.013s] colcon.colcon_core.verb Level 5 set package 'ur10_pick_place' build argument 'cmake_clean_first' from command line to 'False'
[1.013s] colcon.colcon_core.verb Level 5 set package 'ur10_pick_place' build argument 'cmake_force_configure' from command line to 'False'
[1.013s] colcon.colcon_core.verb Level 5 set package 'ur10_pick_place' build argument 'ament_cmake_args' from command line to 'None'
[1.013s] colcon.colcon_core.verb Level 5 set package 'ur10_pick_place' build argument 'catkin_cmake_args' from command line to 'None'
[1.013s] colcon.colcon_core.verb Level 5 set package 'ur10_pick_place' build argument 'catkin_skip_building_tests' from command line to 'False'
[1.013s] colcon.colcon_core.verb DEBUG Building package 'ur10_pick_place' with the following arguments: {'ament_cmake_args': None, 'build_base': '/home/ubuntu/research_ws/ur10_pick_place_ws/build/ur10_pick_place', 'catkin_cmake_args': None, 'catkin_skip_building_tests': False, 'cmake_args': ['-DCMAKE_BUILD_TYPE=Release'], 'cmake_clean_cache': False, 'cmake_clean_first': False, 'cmake_force_configure': False, 'cmake_target': None, 'cmake_target_skip_unavailable': False, 'install_base': '/home/ubuntu/research_ws/ur10_pick_place_ws/install/ur10_pick_place', 'merge_install': False, 'path': '/home/ubuntu/research_ws/ur10_pick_place_ws/src/ur10_pick_place', 'symlink_install': False, 'test_result_base': None}
[1.014s] colcon.colcon_core.executor INFO Executing jobs using 'parallel' executor
[1.016s] colcon.colcon_parallel_executor.executor.parallel DEBUG run_until_complete
[1.017s] colcon.colcon_ros.task.ament_cmake.build INFO Building ROS package in '/home/ubuntu/research_ws/ur10_pick_place_ws/src/linkattacher_msgs' with build type 'ament_cmake'
[1.017s] colcon.colcon_cmake.task.cmake.build INFO Building CMake package in '/home/ubuntu/research_ws/ur10_pick_place_ws/src/linkattacher_msgs'
[1.022s] colcon.colcon_core.plugin_system INFO Skipping extension 'colcon_core.shell.bat': Not used on non-Windows systems
[1.023s] colcon.colcon_core.shell INFO Skip shell extension 'powershell' for command environment: Not usable outside of PowerShell
[1.023s] colcon.colcon_core.shell DEBUG Skip shell extension 'dsv' for command environment
[1.033s] colcon.colcon_ros.task.ament_cmake.build INFO Building ROS package in '/home/ubuntu/research_ws/ur10_pick_place_ws/src/ros2_robotiq_3f_gripper/robotiq_3f_description' with build type 'ament_cmake'
[1.033s] colcon.colcon_cmake.task.cmake.build INFO Building CMake package in '/home/ubuntu/research_ws/ur10_pick_place_ws/src/ros2_robotiq_3f_gripper/robotiq_3f_description'
[1.034s] colcon.colcon_core.shell INFO Skip shell extension 'powershell' for command environment: Not usable outside of PowerShell
[1.034s] colcon.colcon_core.shell DEBUG Skip shell extension 'dsv' for command environment
[1.043s] colcon.colcon_ros.task.ament_python.build INFO Building ROS package in '/home/ubuntu/research_ws/ur10_pick_place_ws/src/grasp_executor' with build type 'ament_python'
[1.044s] colcon.colcon_core.shell Level 1 create_environment_hook('grasp_executor', 'ament_prefix_path')
[1.044s] colcon.colcon_core.shell INFO Creating environment hook '/home/ubuntu/research_ws/ur10_pick_place_ws/install/grasp_executor/share/grasp_executor/hook/ament_prefix_path.ps1'
[1.046s] colcon.colcon_core.shell INFO Creating environment descriptor '/home/ubuntu/research_ws/ur10_pick_place_ws/install/grasp_executor/share/grasp_executor/hook/ament_prefix_path.dsv'
[1.046s] colcon.colcon_core.shell INFO Creating environment hook '/home/ubuntu/research_ws/ur10_pick_place_ws/install/grasp_executor/share/grasp_executor/hook/ament_prefix_path.sh'
[1.048s] colcon.colcon_core.shell INFO Skip shell extension 'powershell' for command environment: Not usable outside of PowerShell
[1.048s] colcon.colcon_core.shell DEBUG Skip shell extension 'dsv' for command environment
[1.057s] colcon.colcon_ros.task.ament_cmake.build INFO Building ROS package in '/home/ubuntu/research_ws/ur10_pick_place_ws/src/ros2_robotiq_3f_gripper/robotiq_3f_interfaces' with build type 'ament_cmake'
[1.057s] colcon.colcon_cmake.task.cmake.build INFO Building CMake package in '/home/ubuntu/research_ws/ur10_pick_place_ws/src/ros2_robotiq_3f_gripper/robotiq_3f_interfaces'
[1.058s] colcon.colcon_core.shell INFO Skip shell extension 'powershell' for command environment: Not usable outside of PowerShell
[1.058s] colcon.colcon_core.shell DEBUG Skip shell extension 'dsv' for command environment
[1.067s] colcon.colcon_ros.task.ament_cmake.build INFO Building ROS package in '/home/ubuntu/research_ws/ur10_pick_place_ws/src/ros2_robotiq_gripper/robotiq_controllers' with build type 'ament_cmake'
[1.068s] colcon.colcon_cmake.task.cmake.build INFO Building CMake package in '/home/ubuntu/research_ws/ur10_pick_place_ws/src/ros2_robotiq_gripper/robotiq_controllers'
[1.068s] colcon.colcon_core.shell INFO Skip shell extension 'powershell' for command environment: Not usable outside of PowerShell
[1.068s] colcon.colcon_core.shell DEBUG Skip shell extension 'dsv' for command environment
[1.078s] colcon.colcon_ros.task.ament_cmake.build INFO Building ROS package in '/home/ubuntu/research_ws/ur10_pick_place_ws/src/ros2_robotiq_gripper/robotiq_description' with build type 'ament_cmake'
[1.078s] colcon.colcon_cmake.task.cmake.build INFO Building CMake package in '/home/ubuntu/research_ws/ur10_pick_place_ws/src/ros2_robotiq_gripper/robotiq_description'
[1.078s] colcon.colcon_core.shell INFO Skip shell extension 'powershell' for command environment: Not usable outside of PowerShell
[1.079s] colcon.colcon_core.shell DEBUG Skip shell extension 'dsv' for command environment
[1.087s] colcon.colcon_ros.task.ament_cmake.build INFO Building ROS package in '/home/ubuntu/research_ws/ur10_pick_place_ws/src/Universal_Robots_ROS2_Gazebo_Simulation/ur_simulation_gazebo' with build type 'ament_cmake'
[1.088s] colcon.colcon_cmake.task.cmake.build INFO Building CMake package in '/home/ubuntu/research_ws/ur10_pick_place_ws/src/Universal_Robots_ROS2_Gazebo_Simulation/ur_simulation_gazebo'
[1.088s] colcon.colcon_core.shell INFO Skip shell extension 'powershell' for command environment: Not usable outside of PowerShell
[1.088s] colcon.colcon_core.shell DEBUG Skip shell extension 'dsv' for command environment
[1.107s] colcon.colcon_core.event_handler.log_command DEBUG Invoking command in '/home/ubuntu/research_ws/ur10_pick_place_ws/build/linkattacher_msgs': CMAKE_PREFIX_PATH=${CMAKE_PREFIX_PATH}:/home/ubuntu/ur_camera_ws/install/pick_place:/home/ubuntu/ur_camera_ws/install/easy_handeye2:/opt/ros/humble /usr/bin/cmake --build /home/ubuntu/research_ws/ur10_pick_place_ws/build/linkattacher_msgs -- -j12 -l12
[1.112s] colcon.colcon_core.event_handler.log_command DEBUG Invoking command in '/home/ubuntu/research_ws/ur10_pick_place_ws/build/robotiq_3f_description': CMAKE_PREFIX_PATH=${CMAKE_PREFIX_PATH}:/home/ubuntu/ur_camera_ws/install/pick_place:/home/ubuntu/ur_camera_ws/install/easy_handeye2:/opt/ros/humble /usr/bin/cmake --build /home/ubuntu/research_ws/ur10_pick_place_ws/build/robotiq_3f_description -- -j12 -l12
[1.801s] colcon.colcon_core.task.python.build INFO Building Python package in '/home/ubuntu/research_ws/ur10_pick_place_ws/src/grasp_executor'
[1.802s] colcon.colcon_core.shell INFO Skip shell extension 'powershell' for command environment: Not usable outside of PowerShell
[1.802s] colcon.colcon_core.shell DEBUG Skip shell extension 'dsv' for command environment
[1.819s] colcon.colcon_core.event_handler.log_command DEBUG Invoking command in '/home/ubuntu/research_ws/ur10_pick_place_ws/build/robotiq_3f_interfaces': CMAKE_PREFIX_PATH=${CMAKE_PREFIX_PATH}:/home/ubuntu/ur_camera_ws/install/pick_place:/home/ubuntu/ur_camera_ws/install/easy_handeye2:/opt/ros/humble /usr/bin/cmake --build /home/ubuntu/research_ws/ur10_pick_place_ws/build/robotiq_3f_interfaces -- -j12 -l12
[1.824s] colcon.colcon_core.event_handler.log_command DEBUG Invoking command in '/home/ubuntu/research_ws/ur10_pick_place_ws/build/robotiq_controllers': CMAKE_PREFIX_PATH=${CMAKE_PREFIX_PATH}:/home/ubuntu/ur_camera_ws/install/pick_place:/home/ubuntu/ur_camera_ws/install/easy_handeye2:/opt/ros/humble /usr/bin/cmake --build /home/ubuntu/research_ws/ur10_pick_place_ws/build/robotiq_controllers -- -j12 -l12
[1.829s] colcon.colcon_core.event_handler.log_command DEBUG Invoking command in '/home/ubuntu/research_ws/ur10_pick_place_ws/build/robotiq_description': CMAKE_PREFIX_PATH=${CMAKE_PREFIX_PATH}:/home/ubuntu/ur_camera_ws/install/pick_place:/home/ubuntu/ur_camera_ws/install/easy_handeye2:/opt/ros/humble /usr/bin/cmake --build /home/ubuntu/research_ws/ur10_pick_place_ws/build/robotiq_description -- -j12 -l12
[1.842s] colcon.colcon_core.event_handler.log_command DEBUG Invoking command in '/home/ubuntu/research_ws/ur10_pick_place_ws/build/ur_simulation_gazebo': CMAKE_PREFIX_PATH=${CMAKE_PREFIX_PATH}:/home/ubuntu/ur_camera_ws/install/pick_place:/home/ubuntu/ur_camera_ws/install/easy_handeye2:/opt/ros/humble /usr/bin/cmake --build /home/ubuntu/research_ws/ur10_pick_place_ws/build/ur_simulation_gazebo -- -j12 -l12
[1.842s] colcon.colcon_core.event_handler.log_command DEBUG Invoked command in '/home/ubuntu/research_ws/ur10_pick_place_ws/build/robotiq_3f_description' returned '0': CMAKE_PREFIX_PATH=${CMAKE_PREFIX_PATH}:/home/ubuntu/ur_camera_ws/install/pick_place:/home/ubuntu/ur_camera_ws/install/easy_handeye2:/opt/ros/humble /usr/bin/cmake --build /home/ubuntu/research_ws/ur10_pick_place_ws/build/robotiq_3f_description -- -j12 -l12
[1.860s] colcon.colcon_core.event_handler.log_command DEBUG Invoking command in '/home/ubuntu/research_ws/ur10_pick_place_ws/build/robotiq_3f_description': CMAKE_PREFIX_PATH=${CMAKE_PREFIX_PATH}:/home/ubuntu/ur_camera_ws/install/pick_place:/home/ubuntu/ur_camera_ws/install/easy_handeye2:/opt/ros/humble /usr/bin/cmake --install /home/ubuntu/research_ws/ur10_pick_place_ws/build/robotiq_3f_description
[1.887s] colcon.colcon_core.environment Level 1 create_environment_scripts_only(robotiq_3f_description)
[1.891s] colcon.colcon_core.event_handler.log_command DEBUG Invoked command in '/home/ubuntu/research_ws/ur10_pick_place_ws/build/robotiq_3f_description' returned '0': CMAKE_PREFIX_PATH=${CMAKE_PREFIX_PATH}:/home/ubuntu/ur_camera_ws/install/pick_place:/home/ubuntu/ur_camera_ws/install/easy_handeye2:/opt/ros/humble /usr/bin/cmake --install /home/ubuntu/research_ws/ur10_pick_place_ws/build/robotiq_3f_description
[1.895s] colcon.colcon_core.environment Level 1 checking '/home/ubuntu/research_ws/ur10_pick_place_ws/install/robotiq_3f_description' for CMake module files
[1.896s] colcon.colcon_core.environment Level 1 checking '/home/ubuntu/research_ws/ur10_pick_place_ws/install/robotiq_3f_description' for CMake config files
[1.897s] colcon.colcon_core.shell Level 1 create_environment_hook('robotiq_3f_description', 'cmake_prefix_path')
[1.898s] colcon.colcon_core.shell INFO Creating environment hook '/home/ubuntu/research_ws/ur10_pick_place_ws/install/robotiq_3f_description/share/robotiq_3f_description/hook/cmake_prefix_path.ps1'
[1.900s] colcon.colcon_core.shell INFO Creating environment descriptor '/home/ubuntu/research_ws/ur10_pick_place_ws/install/robotiq_3f_description/share/robotiq_3f_description/hook/cmake_prefix_path.dsv'
[1.901s] colcon.colcon_core.shell INFO Creating environment hook '/home/ubuntu/research_ws/ur10_pick_place_ws/install/robotiq_3f_description/share/robotiq_3f_description/hook/cmake_prefix_path.sh'
[1.903s] colcon.colcon_core.environment Level 1 checking '/home/ubuntu/research_ws/ur10_pick_place_ws/install/robotiq_3f_description/bin'
[1.903s] colcon.colcon_core.environment Level 1 checking '/home/ubuntu/research_ws/ur10_pick_place_ws/install/robotiq_3f_description/lib/pkgconfig/robotiq_3f_description.pc'
[1.904s] colcon.colcon_core.environment Level 1 checking '/home/ubuntu/research_ws/ur10_pick_place_ws/install/robotiq_3f_description/lib/python3.10/site-packages'
[1.904s] colcon.colcon_core.environment Level 1 checking '/home/ubuntu/research_ws/ur10_pick_place_ws/install/robotiq_3f_description/bin'
[1.905s] colcon.colcon_core.shell INFO Creating package script '/home/ubuntu/research_ws/ur10_pick_place_ws/install/robotiq_3f_description/share/robotiq_3f_description/package.ps1'
[1.908s] colcon.colcon_core.shell INFO Creating package descriptor '/home/ubuntu/research_ws/ur10_pick_place_ws/install/robotiq_3f_description/share/robotiq_3f_description/package.dsv'
[1.909s] colcon.colcon_core.shell INFO Creating package script '/home/ubuntu/research_ws/ur10_pick_place_ws/install/robotiq_3f_description/share/robotiq_3f_description/package.sh'
[1.911s] colcon.colcon_core.shell INFO Creating package script '/home/ubuntu/research_ws/ur10_pick_place_ws/install/robotiq_3f_description/share/robotiq_3f_description/package.bash'
[1.913s] colcon.colcon_core.shell INFO Creating package script '/home/ubuntu/research_ws/ur10_pick_place_ws/install/robotiq_3f_description/share/robotiq_3f_description/package.zsh'
[1.916s] colcon.colcon_core.environment Level 1 create_file_with_runtime_dependencies(/home/ubuntu/research_ws/ur10_pick_place_ws/install/robotiq_3f_description/share/colcon-core/packages/robotiq_3f_description)
[1.917s] colcon.colcon_core.environment Level 1 create_environment_scripts_only(robotiq_3f_description)
[1.918s] colcon.colcon_core.environment Level 1 checking '/home/ubuntu/research_ws/ur10_pick_place_ws/install/robotiq_3f_description' for CMake module files
[1.919s] colcon.colcon_core.environment Level 1 checking '/home/ubuntu/research_ws/ur10_pick_place_ws/install/robotiq_3f_description' for CMake config files
[1.920s] colcon.colcon_core.shell Level 1 create_environment_hook('robotiq_3f_description', 'cmake_prefix_path')
[1.921s] colcon.colcon_core.shell INFO Creating environment hook '/home/ubuntu/research_ws/ur10_pick_place_ws/install/robotiq_3f_description/share/robotiq_3f_description/hook/cmake_prefix_path.ps1'
[1.922s] colcon.colcon_core.shell INFO Creating environment descriptor '/home/ubuntu/research_ws/ur10_pick_place_ws/install/robotiq_3f_description/share/robotiq_3f_description/hook/cmake_prefix_path.dsv'
[1.923s] colcon.colcon_core.shell INFO Creating environment hook '/home/ubuntu/research_ws/ur10_pick_place_ws/install/robotiq_3f_description/share/robotiq_3f_description/hook/cmake_prefix_path.sh'
[1.925s] colcon.colcon_core.environment Level 1 checking '/home/ubuntu/research_ws/ur10_pick_place_ws/install/robotiq_3f_description/bin'
[1.925s] colcon.colcon_core.environment Level 1 checking '/home/ubuntu/research_ws/ur10_pick_place_ws/install/robotiq_3f_description/lib/pkgconfig/robotiq_3f_description.pc'
[1.926s] colcon.colcon_core.environment Level 1 checking '/home/ubuntu/research_ws/ur10_pick_place_ws/install/robotiq_3f_description/lib/python3.10/site-packages'
[1.927s] colcon.colcon_core.environment Level 1 checking '/home/ubuntu/research_ws/ur10_pick_place_ws/install/robotiq_3f_description/bin'
[1.928s] colcon.colcon_core.shell INFO Creating package script '/home/ubuntu/research_ws/ur10_pick_place_ws/install/robotiq_3f_description/share/robotiq_3f_description/package.ps1'
[1.929s] colcon.colcon_core.shell INFO Creating package descriptor '/home/ubuntu/research_ws/ur10_pick_place_ws/install/robotiq_3f_description/share/robotiq_3f_description/package.dsv'
[1.930s] colcon.colcon_core.shell INFO Creating package script '/home/ubuntu/research_ws/ur10_pick_place_ws/install/robotiq_3f_description/share/robotiq_3f_description/package.sh'
[1.931s] colcon.colcon_core.shell INFO Creating package script '/home/ubuntu/research_ws/ur10_pick_place_ws/install/robotiq_3f_description/share/robotiq_3f_description/package.bash'
[1.932s] colcon.colcon_core.shell INFO Creating package script '/home/ubuntu/research_ws/ur10_pick_place_ws/install/robotiq_3f_description/share/robotiq_3f_description/package.zsh'
[1.934s] colcon.colcon_core.environment Level 1 create_file_with_runtime_dependencies(/home/ubuntu/research_ws/ur10_pick_place_ws/install/robotiq_3f_description/share/colcon-core/packages/robotiq_3f_description)
[1.940s] colcon.colcon_core.event_handler.log_command DEBUG Invoked command in '/home/ubuntu/research_ws/ur10_pick_place_ws/build/robotiq_description' returned '0': CMAKE_PREFIX_PATH=${CMAKE_PREFIX_PATH}:/home/ubuntu/ur_camera_ws/install/pick_place:/home/ubuntu/ur_camera_ws/install/easy_handeye2:/opt/ros/humble /usr/bin/cmake --build /home/ubuntu/research_ws/ur10_pick_place_ws/build/robotiq_description -- -j12 -l12
[1.941s] colcon.colcon_core.event_handler.log_command DEBUG Invoking command in '/home/ubuntu/research_ws/ur10_pick_place_ws/build/robotiq_description': CMAKE_PREFIX_PATH=${CMAKE_PREFIX_PATH}:/home/ubuntu/ur_camera_ws/install/pick_place:/home/ubuntu/ur_camera_ws/install/easy_handeye2:/opt/ros/humble /usr/bin/cmake --install /home/ubuntu/research_ws/ur10_pick_place_ws/build/robotiq_description
[1.945s] colcon.colcon_core.event_handler.log_command DEBUG Invoked command in '/home/ubuntu/research_ws/ur10_pick_place_ws/build/ur_simulation_gazebo' returned '0': CMAKE_PREFIX_PATH=${CMAKE_PREFIX_PATH}:/home/ubuntu/ur_camera_ws/install/pick_place:/home/ubuntu/ur_camera_ws/install/easy_handeye2:/opt/ros/humble /usr/bin/cmake --build /home/ubuntu/research_ws/ur10_pick_place_ws/build/ur_simulation_gazebo -- -j12 -l12
[1.946s] colcon.colcon_core.event_handler.log_command DEBUG Invoking command in '/home/ubuntu/research_ws/ur10_pick_place_ws/build/ur_simulation_gazebo': CMAKE_PREFIX_PATH=${CMAKE_PREFIX_PATH}:/home/ubuntu/ur_camera_ws/install/pick_place:/home/ubuntu/ur_camera_ws/install/easy_handeye2:/opt/ros/humble /usr/bin/cmake --install /home/ubuntu/research_ws/ur10_pick_place_ws/build/ur_simulation_gazebo
[1.966s] colcon.colcon_core.environment Level 1 create_environment_scripts_only(ur_simulation_gazebo)
[1.967s] colcon.colcon_core.environment Level 1 checking '/home/ubuntu/research_ws/ur10_pick_place_ws/install/ur_simulation_gazebo' for CMake module files
[1.969s] colcon.colcon_core.environment Level 1 checking '/home/ubuntu/research_ws/ur10_pick_place_ws/install/ur_simulation_gazebo' for CMake config files
[1.969s] colcon.colcon_core.shell Level 1 create_environment_hook('ur_simulation_gazebo', 'cmake_prefix_path')
[1.970s] colcon.colcon_core.shell INFO Creating environment hook '/home/ubuntu/research_ws/ur10_pick_place_ws/install/ur_simulation_gazebo/share/ur_simulation_gazebo/hook/cmake_prefix_path.ps1'
[1.973s] colcon.colcon_core.shell INFO Creating environment descriptor '/home/ubuntu/research_ws/ur10_pick_place_ws/install/ur_simulation_gazebo/share/ur_simulation_gazebo/hook/cmake_prefix_path.dsv'
[1.975s] colcon.colcon_core.shell INFO Creating environment hook '/home/ubuntu/research_ws/ur10_pick_place_ws/install/ur_simulation_gazebo/share/ur_simulation_gazebo/hook/cmake_prefix_path.sh'
[1.979s] colcon.colcon_core.environment Level 1 checking '/home/ubuntu/research_ws/ur10_pick_place_ws/install/ur_simulation_gazebo/bin'
[1.979s] colcon.colcon_core.environment Level 1 checking '/home/ubuntu/research_ws/ur10_pick_place_ws/install/ur_simulation_gazebo/lib/pkgconfig/ur_simulation_gazebo.pc'
[1.980s] colcon.colcon_core.environment Level 1 checking '/home/ubuntu/research_ws/ur10_pick_place_ws/install/ur_simulation_gazebo/lib/python3.10/site-packages'
[1.980s] colcon.colcon_core.environment Level 1 checking '/home/ubuntu/research_ws/ur10_pick_place_ws/install/ur_simulation_gazebo/bin'
[1.982s] colcon.colcon_core.shell INFO Creating package script '/home/ubuntu/research_ws/ur10_pick_place_ws/install/ur_simulation_gazebo/share/ur_simulation_gazebo/package.ps1'
[1.986s] colcon.colcon_core.shell INFO Creating package descriptor '/home/ubuntu/research_ws/ur10_pick_place_ws/install/ur_simulation_gazebo/share/ur_simulation_gazebo/package.dsv'
[1.988s] colcon.colcon_core.shell INFO Creating package script '/home/ubuntu/research_ws/ur10_pick_place_ws/install/ur_simulation_gazebo/share/ur_simulation_gazebo/package.sh'
[1.990s] colcon.colcon_core.shell INFO Creating package script '/home/ubuntu/research_ws/ur10_pick_place_ws/install/ur_simulation_gazebo/share/ur_simulation_gazebo/package.bash'
[1.994s] colcon.colcon_core.event_handler.log_command DEBUG Invoked command in '/home/ubuntu/research_ws/ur10_pick_place_ws/build/ur_simulation_gazebo' returned '0': CMAKE_PREFIX_PATH=${CMAKE_PREFIX_PATH}:/home/ubuntu/ur_camera_ws/install/pick_place:/home/ubuntu/ur_camera_ws/install/easy_handeye2:/opt/ros/humble /usr/bin/cmake --install /home/ubuntu/research_ws/ur10_pick_place_ws/build/ur_simulation_gazebo
[1.994s] colcon.colcon_core.shell INFO Creating package script '/home/ubuntu/research_ws/ur10_pick_place_ws/install/ur_simulation_gazebo/share/ur_simulation_gazebo/package.zsh'
[1.995s] colcon.colcon_core.environment Level 1 create_file_with_runtime_dependencies(/home/ubuntu/research_ws/ur10_pick_place_ws/install/ur_simulation_gazebo/share/colcon-core/packages/ur_simulation_gazebo)
[1.997s] colcon.colcon_core.environment Level 1 create_environment_scripts_only(ur_simulation_gazebo)
[1.997s] colcon.colcon_core.environment Level 1 checking '/home/ubuntu/research_ws/ur10_pick_place_ws/install/ur_simulation_gazebo' for CMake module files
[1.998s] colcon.colcon_core.environment Level 1 checking '/home/ubuntu/research_ws/ur10_pick_place_ws/install/ur_simulation_gazebo' for CMake config files
[1.999s] colcon.colcon_core.shell Level 1 create_environment_hook('ur_simulation_gazebo', 'cmake_prefix_path')
[2.000s] colcon.colcon_core.shell INFO Creating environment hook '/home/ubuntu/research_ws/ur10_pick_place_ws/install/ur_simulation_gazebo/share/ur_simulation_gazebo/hook/cmake_prefix_path.ps1'
[2.001s] colcon.colcon_core.shell INFO Creating environment descriptor '/home/ubuntu/research_ws/ur10_pick_place_ws/install/ur_simulation_gazebo/share/ur_simulation_gazebo/hook/cmake_prefix_path.dsv'
[2.001s] colcon.colcon_core.shell INFO Creating environment hook '/home/ubuntu/research_ws/ur10_pick_place_ws/install/ur_simulation_gazebo/share/ur_simulation_gazebo/hook/cmake_prefix_path.sh'
[2.003s] colcon.colcon_core.environment Level 1 checking '/home/ubuntu/research_ws/ur10_pick_place_ws/install/ur_simulation_gazebo/bin'
[2.003s] colcon.colcon_core.environment Level 1 checking '/home/ubuntu/research_ws/ur10_pick_place_ws/install/ur_simulation_gazebo/lib/pkgconfig/ur_simulation_gazebo.pc'
[2.003s] colcon.colcon_core.environment Level 1 checking '/home/ubuntu/research_ws/ur10_pick_place_ws/install/ur_simulation_gazebo/lib/python3.10/site-packages'
[2.004s] colcon.colcon_core.environment Level 1 checking '/home/ubuntu/research_ws/ur10_pick_place_ws/install/ur_simulation_gazebo/bin'
[2.005s] colcon.colcon_core.shell INFO Creating package script '/home/ubuntu/research_ws/ur10_pick_place_ws/install/ur_simulation_gazebo/share/ur_simulation_gazebo/package.ps1'
[2.006s] colcon.colcon_core.shell INFO Creating package descriptor '/home/ubuntu/research_ws/ur10_pick_place_ws/install/ur_simulation_gazebo/share/ur_simulation_gazebo/package.dsv'
[2.007s] colcon.colcon_core.shell INFO Creating package script '/home/ubuntu/research_ws/ur10_pick_place_ws/install/ur_simulation_gazebo/share/ur_simulation_gazebo/package.sh'
[2.009s] colcon.colcon_core.shell INFO Creating package script '/home/ubuntu/research_ws/ur10_pick_place_ws/install/ur_simulation_gazebo/share/ur_simulation_gazebo/package.bash'
[2.010s] colcon.colcon_core.shell INFO Creating package script '/home/ubuntu/research_ws/ur10_pick_place_ws/install/ur_simulation_gazebo/share/ur_simulation_gazebo/package.zsh'
[2.011s] colcon.colcon_core.environment Level 1 create_file_with_runtime_dependencies(/home/ubuntu/research_ws/ur10_pick_place_ws/install/ur_simulation_gazebo/share/colcon-core/packages/ur_simulation_gazebo)
[2.014s] colcon.colcon_core.environment Level 1 create_environment_scripts_only(robotiq_description)
[2.014s] colcon.colcon_core.environment Level 1 checking '/home/ubuntu/research_ws/ur10_pick_place_ws/install/robotiq_description' for CMake module files
[2.017s] colcon.colcon_core.event_handler.log_command DEBUG Invoked command in '/home/ubuntu/research_ws/ur10_pick_place_ws/build/robotiq_description' returned '0': CMAKE_PREFIX_PATH=${CMAKE_PREFIX_PATH}:/home/ubuntu/ur_camera_ws/install/pick_place:/home/ubuntu/ur_camera_ws/install/easy_handeye2:/opt/ros/humble /usr/bin/cmake --install /home/ubuntu/research_ws/ur10_pick_place_ws/build/robotiq_description
[2.018s] colcon.colcon_core.environment Level 1 checking '/home/ubuntu/research_ws/ur10_pick_place_ws/install/robotiq_description' for CMake config files
[2.019s] colcon.colcon_core.shell Level 1 create_environment_hook('robotiq_description', 'cmake_prefix_path')
[2.019s] colcon.colcon_core.shell INFO Creating environment hook '/home/ubuntu/research_ws/ur10_pick_place_ws/install/robotiq_description/share/robotiq_description/hook/cmake_prefix_path.ps1'
[2.020s] colcon.colcon_core.shell INFO Creating environment descriptor '/home/ubuntu/research_ws/ur10_pick_place_ws/install/robotiq_description/share/robotiq_description/hook/cmake_prefix_path.dsv'
[2.021s] colcon.colcon_core.shell INFO Creating environment hook '/home/ubuntu/research_ws/ur10_pick_place_ws/install/robotiq_description/share/robotiq_description/hook/cmake_prefix_path.sh'
[2.022s] colcon.colcon_core.environment Level 1 checking '/home/ubuntu/research_ws/ur10_pick_place_ws/install/robotiq_description/bin'
[2.022s] colcon.colcon_core.environment Level 1 checking '/home/ubuntu/research_ws/ur10_pick_place_ws/install/robotiq_description/lib/pkgconfig/robotiq_description.pc'
[2.023s] colcon.colcon_core.environment Level 1 checking '/home/ubuntu/research_ws/ur10_pick_place_ws/install/robotiq_description/lib/python3.10/site-packages'
[2.024s] colcon.colcon_core.environment Level 1 checking '/home/ubuntu/research_ws/ur10_pick_place_ws/install/robotiq_description/bin'
[2.025s] colcon.colcon_core.shell INFO Creating package script '/home/ubuntu/research_ws/ur10_pick_place_ws/install/robotiq_description/share/robotiq_description/package.ps1'
[2.026s] colcon.colcon_core.shell INFO Creating package descriptor '/home/ubuntu/research_ws/ur10_pick_place_ws/install/robotiq_description/share/robotiq_description/package.dsv'
[2.027s] colcon.colcon_core.shell INFO Creating package script '/home/ubuntu/research_ws/ur10_pick_place_ws/install/robotiq_description/share/robotiq_description/package.sh'
[2.028s] colcon.colcon_core.shell INFO Creating package script '/home/ubuntu/research_ws/ur10_pick_place_ws/install/robotiq_description/share/robotiq_description/package.bash'
[2.028s] colcon.colcon_core.shell INFO Creating package script '/home/ubuntu/research_ws/ur10_pick_place_ws/install/robotiq_description/share/robotiq_description/package.zsh'
[2.029s] colcon.colcon_core.environment Level 1 create_file_with_runtime_dependencies(/home/ubuntu/research_ws/ur10_pick_place_ws/install/robotiq_description/share/colcon-core/packages/robotiq_description)
[2.030s] colcon.colcon_core.environment Level 1 create_environment_scripts_only(robotiq_description)
[2.031s] colcon.colcon_core.environment Level 1 checking '/home/ubuntu/research_ws/ur10_pick_place_ws/install/robotiq_description' for CMake module files
[2.032s] colcon.colcon_core.environment Level 1 checking '/home/ubuntu/research_ws/ur10_pick_place_ws/install/robotiq_description' for CMake config files
[2.033s] colcon.colcon_core.shell Level 1 create_environment_hook('robotiq_description', 'cmake_prefix_path')
[2.033s] colcon.colcon_core.shell INFO Creating environment hook '/home/ubuntu/research_ws/ur10_pick_place_ws/install/robotiq_description/share/robotiq_description/hook/cmake_prefix_path.ps1'
[2.034s] colcon.colcon_core.shell INFO Creating environment descriptor '/home/ubuntu/research_ws/ur10_pick_place_ws/install/robotiq_description/share/robotiq_description/hook/cmake_prefix_path.dsv'
[2.035s] colcon.colcon_core.shell INFO Creating environment hook '/home/ubuntu/research_ws/ur10_pick_place_ws/install/robotiq_description/share/robotiq_description/hook/cmake_prefix_path.sh'
[2.036s] colcon.colcon_core.environment Level 1 checking '/home/ubuntu/research_ws/ur10_pick_place_ws/install/robotiq_description/bin'
[2.037s] colcon.colcon_core.environment Level 1 checking '/home/ubuntu/research_ws/ur10_pick_place_ws/install/robotiq_description/lib/pkgconfig/robotiq_description.pc'
[2.037s] colcon.colcon_core.environment Level 1 checking '/home/ubuntu/research_ws/ur10_pick_place_ws/install/robotiq_description/lib/python3.10/site-packages'
[2.038s] colcon.colcon_core.environment Level 1 checking '/home/ubuntu/research_ws/ur10_pick_place_ws/install/robotiq_description/bin'
[2.038s] colcon.colcon_core.shell INFO Creating package script '/home/ubuntu/research_ws/ur10_pick_place_ws/install/robotiq_description/share/robotiq_description/package.ps1'
[2.040s] colcon.colcon_core.shell INFO Creating package descriptor '/home/ubuntu/research_ws/ur10_pick_place_ws/install/robotiq_description/share/robotiq_description/package.dsv'
[2.041s] colcon.colcon_core.shell INFO Creating package script '/home/ubuntu/research_ws/ur10_pick_place_ws/install/robotiq_description/share/robotiq_description/package.sh'
[2.042s] colcon.colcon_core.shell INFO Creating package script '/home/ubuntu/research_ws/ur10_pick_place_ws/install/robotiq_description/share/robotiq_description/package.bash'
[2.043s] colcon.colcon_core.shell INFO Creating package script '/home/ubuntu/research_ws/ur10_pick_place_ws/install/robotiq_description/share/robotiq_description/package.zsh'
[2.044s] colcon.colcon_core.environment Level 1 create_file_with_runtime_dependencies(/home/ubuntu/research_ws/ur10_pick_place_ws/install/robotiq_description/share/colcon-core/packages/robotiq_description)
[2.046s] colcon.colcon_core.event_handler.log_command DEBUG Invoked command in '/home/ubuntu/research_ws/ur10_pick_place_ws/build/robotiq_controllers' returned '0': CMAKE_PREFIX_PATH=${CMAKE_PREFIX_PATH}:/home/ubuntu/ur_camera_ws/install/pick_place:/home/ubuntu/ur_camera_ws/install/easy_handeye2:/opt/ros/humble /usr/bin/cmake --build /home/ubuntu/research_ws/ur10_pick_place_ws/build/robotiq_controllers -- -j12 -l12
[2.047s] colcon.colcon_core.event_handler.log_command DEBUG Invoking command in '/home/ubuntu/research_ws/ur10_pick_place_ws/build/robotiq_controllers': CMAKE_PREFIX_PATH=${CMAKE_PREFIX_PATH}:/home/ubuntu/ur_camera_ws/install/pick_place:/home/ubuntu/ur_camera_ws/install/easy_handeye2:/opt/ros/humble /usr/bin/cmake --install /home/ubuntu/research_ws/ur10_pick_place_ws/build/robotiq_controllers
[2.050s] colcon.colcon_core.event_handler.log_command DEBUG Invoked command in '/home/ubuntu/research_ws/ur10_pick_place_ws/build/linkattacher_msgs' returned '0': CMAKE_PREFIX_PATH=${CMAKE_PREFIX_PATH}:/home/ubuntu/ur_camera_ws/install/pick_place:/home/ubuntu/ur_camera_ws/install/easy_handeye2:/opt/ros/humble /usr/bin/cmake --build /home/ubuntu/research_ws/ur10_pick_place_ws/build/linkattacher_msgs -- -j12 -l12
[2.051s] colcon.colcon_core.event_handler.log_command DEBUG Invoking command in '/home/ubuntu/research_ws/ur10_pick_place_ws/build/linkattacher_msgs': CMAKE_PREFIX_PATH=${CMAKE_PREFIX_PATH}:/home/ubuntu/ur_camera_ws/install/pick_place:/home/ubuntu/ur_camera_ws/install/easy_handeye2:/opt/ros/humble /usr/bin/cmake --install /home/ubuntu/research_ws/ur10_pick_place_ws/build/linkattacher_msgs
[2.072s] colcon.colcon_core.environment Level 1 create_environment_scripts_only(robotiq_controllers)
[2.072s] colcon.colcon_core.environment Level 1 checking '/home/ubuntu/research_ws/ur10_pick_place_ws/install/robotiq_controllers' for CMake module files
[2.076s] colcon.colcon_core.environment Level 1 checking '/home/ubuntu/research_ws/ur10_pick_place_ws/install/robotiq_controllers' for CMake config files
[2.078s] colcon.colcon_core.shell Level 1 create_environment_hook('robotiq_controllers', 'cmake_prefix_path')
[2.079s] colcon.colcon_core.shell INFO Creating environment hook '/home/ubuntu/research_ws/ur10_pick_place_ws/install/robotiq_controllers/share/robotiq_controllers/hook/cmake_prefix_path.ps1'
[2.081s] colcon.colcon_core.shell INFO Creating environment descriptor '/home/ubuntu/research_ws/ur10_pick_place_ws/install/robotiq_controllers/share/robotiq_controllers/hook/cmake_prefix_path.dsv'
[2.083s] colcon.colcon_core.shell INFO Creating environment hook '/home/ubuntu/research_ws/ur10_pick_place_ws/install/robotiq_controllers/share/robotiq_controllers/hook/cmake_prefix_path.sh'
[2.085s] colcon.colcon_core.environment Level 1 checking '/home/ubuntu/research_ws/ur10_pick_place_ws/install/robotiq_controllers/lib'
[2.086s] colcon.colcon_core.shell Level 1 create_environment_hook('robotiq_controllers', 'ld_library_path_lib')
[2.087s] colcon.colcon_core.shell INFO Creating environment hook '/home/ubuntu/research_ws/ur10_pick_place_ws/install/robotiq_controllers/share/robotiq_controllers/hook/ld_library_path_lib.ps1'
[2.088s] colcon.colcon_core.shell INFO Creating environment descriptor '/home/ubuntu/research_ws/ur10_pick_place_ws/install/robotiq_controllers/share/robotiq_controllers/hook/ld_library_path_lib.dsv'
[2.090s] colcon.colcon_core.shell INFO Creating environment hook '/home/ubuntu/research_ws/ur10_pick_place_ws/install/robotiq_controllers/share/robotiq_controllers/hook/ld_library_path_lib.sh'
[2.092s] colcon.colcon_core.environment Level 1 checking '/home/ubuntu/research_ws/ur10_pick_place_ws/install/robotiq_controllers/bin'
[2.092s] colcon.colcon_core.environment Level 1 checking '/home/ubuntu/research_ws/ur10_pick_place_ws/install/robotiq_controllers/lib/pkgconfig/robotiq_controllers.pc'
[2.093s] colcon.colcon_core.environment Level 1 checking '/home/ubuntu/research_ws/ur10_pick_place_ws/install/robotiq_controllers/lib/python3.10/site-packages'
[2.094s] colcon.colcon_core.environment Level 1 checking '/home/ubuntu/research_ws/ur10_pick_place_ws/install/robotiq_controllers/bin'
[2.094s] colcon.colcon_core.shell INFO Creating package script '/home/ubuntu/research_ws/ur10_pick_place_ws/install/robotiq_controllers/share/robotiq_controllers/package.ps1'
[2.095s] colcon.colcon_core.event_handler.log_command DEBUG Invoked command in '/home/ubuntu/research_ws/ur10_pick_place_ws/build/robotiq_controllers' returned '0': CMAKE_PREFIX_PATH=${CMAKE_PREFIX_PATH}:/home/ubuntu/ur_camera_ws/install/pick_place:/home/ubuntu/ur_camera_ws/install/easy_handeye2:/opt/ros/humble /usr/bin/cmake --install /home/ubuntu/research_ws/ur10_pick_place_ws/build/robotiq_controllers
[2.097s] colcon.colcon_core.shell INFO Creating package descriptor '/home/ubuntu/research_ws/ur10_pick_place_ws/install/robotiq_controllers/share/robotiq_controllers/package.dsv'
[2.098s] colcon.colcon_core.shell INFO Creating package script '/home/ubuntu/research_ws/ur10_pick_place_ws/install/robotiq_controllers/share/robotiq_controllers/package.sh'
[2.099s] colcon.colcon_core.shell INFO Creating package script '/home/ubuntu/research_ws/ur10_pick_place_ws/install/robotiq_controllers/share/robotiq_controllers/package.bash'
[2.100s] colcon.colcon_core.shell INFO Creating package script '/home/ubuntu/research_ws/ur10_pick_place_ws/install/robotiq_controllers/share/robotiq_controllers/package.zsh'
[2.101s] colcon.colcon_core.environment Level 1 create_file_with_runtime_dependencies(/home/ubuntu/research_ws/ur10_pick_place_ws/install/robotiq_controllers/share/colcon-core/packages/robotiq_controllers)
[2.102s] colcon.colcon_core.environment Level 1 create_environment_scripts_only(robotiq_controllers)
[2.103s] colcon.colcon_core.environment Level 1 checking '/home/ubuntu/research_ws/ur10_pick_place_ws/install/robotiq_controllers' for CMake module files
[2.104s] colcon.colcon_core.environment Level 1 checking '/home/ubuntu/research_ws/ur10_pick_place_ws/install/robotiq_controllers' for CMake config files
[2.104s] colcon.colcon_core.shell Level 1 create_environment_hook('robotiq_controllers', 'cmake_prefix_path')
[2.105s] colcon.colcon_core.shell INFO Creating environment hook '/home/ubuntu/research_ws/ur10_pick_place_ws/install/robotiq_controllers/share/robotiq_controllers/hook/cmake_prefix_path.ps1'
[2.106s] colcon.colcon_core.shell INFO Creating environment descriptor '/home/ubuntu/research_ws/ur10_pick_place_ws/install/robotiq_controllers/share/robotiq_controllers/hook/cmake_prefix_path.dsv'
[2.107s] colcon.colcon_core.shell INFO Creating environment hook '/home/ubuntu/research_ws/ur10_pick_place_ws/install/robotiq_controllers/share/robotiq_controllers/hook/cmake_prefix_path.sh'
[2.108s] colcon.colcon_core.environment Level 1 checking '/home/ubuntu/research_ws/ur10_pick_place_ws/install/robotiq_controllers/lib'
[2.108s] colcon.colcon_core.shell Level 1 create_environment_hook('robotiq_controllers', 'ld_library_path_lib')
[2.109s] colcon.colcon_core.shell INFO Creating environment hook '/home/ubuntu/research_ws/ur10_pick_place_ws/install/robotiq_controllers/share/robotiq_controllers/hook/ld_library_path_lib.ps1'
[2.110s] colcon.colcon_core.shell INFO Creating environment descriptor '/home/ubuntu/research_ws/ur10_pick_place_ws/install/robotiq_controllers/share/robotiq_controllers/hook/ld_library_path_lib.dsv'
[2.111s] colcon.colcon_core.shell INFO Creating environment hook '/home/ubuntu/research_ws/ur10_pick_place_ws/install/robotiq_controllers/share/robotiq_controllers/hook/ld_library_path_lib.sh'
[2.111s] colcon.colcon_core.environment Level 1 checking '/home/ubuntu/research_ws/ur10_pick_place_ws/install/robotiq_controllers/bin'
[2.112s] colcon.colcon_core.environment Level 1 checking '/home/ubuntu/research_ws/ur10_pick_place_ws/install/robotiq_controllers/lib/pkgconfig/robotiq_controllers.pc'
[2.112s] colcon.colcon_core.environment Level 1 checking '/home/ubuntu/research_ws/ur10_pick_place_ws/install/robotiq_controllers/lib/python3.10/site-packages'
[2.113s] colcon.colcon_core.environment Level 1 checking '/home/ubuntu/research_ws/ur10_pick_place_ws/install/robotiq_controllers/bin'
[2.114s] colcon.colcon_core.shell INFO Creating package script '/home/ubuntu/research_ws/ur10_pick_place_ws/install/robotiq_controllers/share/robotiq_controllers/package.ps1'
[2.116s] colcon.colcon_core.shell INFO Creating package descriptor '/home/ubuntu/research_ws/ur10_pick_place_ws/install/robotiq_controllers/share/robotiq_controllers/package.dsv'
[2.117s] colcon.colcon_core.shell INFO Creating package script '/home/ubuntu/research_ws/ur10_pick_place_ws/install/robotiq_controllers/share/robotiq_controllers/package.sh'
[2.118s] colcon.colcon_core.shell INFO Creating package script '/home/ubuntu/research_ws/ur10_pick_place_ws/install/robotiq_controllers/share/robotiq_controllers/package.bash'
[2.119s] colcon.colcon_core.shell INFO Creating package script '/home/ubuntu/research_ws/ur10_pick_place_ws/install/robotiq_controllers/share/robotiq_controllers/package.zsh'
[2.120s] colcon.colcon_core.environment Level 1 create_file_with_runtime_dependencies(/home/ubuntu/research_ws/ur10_pick_place_ws/install/robotiq_controllers/share/colcon-core/packages/robotiq_controllers)
[2.183s] colcon.colcon_core.environment Level 1 create_environment_scripts_only(linkattacher_msgs)
[2.184s] colcon.colcon_core.environment Level 1 checking '/home/ubuntu/research_ws/ur10_pick_place_ws/install/linkattacher_msgs' for CMake module files
[2.185s] colcon.colcon_core.event_handler.log_command DEBUG Invoked command in '/home/ubuntu/research_ws/ur10_pick_place_ws/build/linkattacher_msgs' returned '0': CMAKE_PREFIX_PATH=${CMAKE_PREFIX_PATH}:/home/ubuntu/ur_camera_ws/install/pick_place:/home/ubuntu/ur_camera_ws/install/easy_handeye2:/opt/ros/humble /usr/bin/cmake --install /home/ubuntu/research_ws/ur10_pick_place_ws/build/linkattacher_msgs
[2.186s] colcon.colcon_core.environment Level 1 checking '/home/ubuntu/research_ws/ur10_pick_place_ws/install/linkattacher_msgs' for CMake config files
[2.188s] colcon.colcon_core.shell Level 1 create_environment_hook('linkattacher_msgs', 'cmake_prefix_path')
[2.189s] colcon.colcon_core.shell INFO Creating environment hook '/home/ubuntu/research_ws/ur10_pick_place_ws/install/linkattacher_msgs/share/linkattacher_msgs/hook/cmake_prefix_path.ps1'
[2.190s] colcon.colcon_core.shell INFO Creating environment descriptor '/home/ubuntu/research_ws/ur10_pick_place_ws/install/linkattacher_msgs/share/linkattacher_msgs/hook/cmake_prefix_path.dsv'
[2.191s] colcon.colcon_core.shell INFO Creating environment hook '/home/ubuntu/research_ws/ur10_pick_place_ws/install/linkattacher_msgs/share/linkattacher_msgs/hook/cmake_prefix_path.sh'
[2.192s] colcon.colcon_core.environment Level 1 checking '/home/ubuntu/research_ws/ur10_pick_place_ws/install/linkattacher_msgs/lib'
[2.193s] colcon.colcon_core.shell Level 1 create_environment_hook('linkattacher_msgs', 'ld_library_path_lib')
[2.193s] colcon.colcon_core.shell INFO Creating environment hook '/home/ubuntu/research_ws/ur10_pick_place_ws/install/linkattacher_msgs/share/linkattacher_msgs/hook/ld_library_path_lib.ps1'
[2.194s] colcon.colcon_core.shell INFO Creating environment descriptor '/home/ubuntu/research_ws/ur10_pick_place_ws/install/linkattacher_msgs/share/linkattacher_msgs/hook/ld_library_path_lib.dsv'
[2.195s] colcon.colcon_core.shell INFO Creating environment hook '/home/ubuntu/research_ws/ur10_pick_place_ws/install/linkattacher_msgs/share/linkattacher_msgs/hook/ld_library_path_lib.sh'
[2.196s] colcon.colcon_core.environment Level 1 checking '/home/ubuntu/research_ws/ur10_pick_place_ws/install/linkattacher_msgs/bin'
[2.196s] colcon.colcon_core.environment Level 1 checking '/home/ubuntu/research_ws/ur10_pick_place_ws/install/linkattacher_msgs/lib/pkgconfig/linkattacher_msgs.pc'
[2.197s] colcon.colcon_core.environment Level 1 checking '/home/ubuntu/research_ws/ur10_pick_place_ws/install/linkattacher_msgs/lib/python3.10/site-packages'
[2.198s] colcon.colcon_core.environment Level 1 checking '/home/ubuntu/research_ws/ur10_pick_place_ws/install/linkattacher_msgs/bin'
[2.199s] colcon.colcon_core.shell INFO Creating package script '/home/ubuntu/research_ws/ur10_pick_place_ws/install/linkattacher_msgs/share/linkattacher_msgs/package.ps1'
[2.200s] colcon.colcon_core.shell INFO Creating package descriptor '/home/ubuntu/research_ws/ur10_pick_place_ws/install/linkattacher_msgs/share/linkattacher_msgs/package.dsv'
[2.201s] colcon.colcon_core.shell INFO Creating package script '/home/ubuntu/research_ws/ur10_pick_place_ws/install/linkattacher_msgs/share/linkattacher_msgs/package.sh'
[2.202s] colcon.colcon_core.shell INFO Creating package script '/home/ubuntu/research_ws/ur10_pick_place_ws/install/linkattacher_msgs/share/linkattacher_msgs/package.bash'
[2.204s] colcon.colcon_core.shell INFO Creating package script '/home/ubuntu/research_ws/ur10_pick_place_ws/install/linkattacher_msgs/share/linkattacher_msgs/package.zsh'
[2.205s] colcon.colcon_core.environment Level 1 create_file_with_runtime_dependencies(/home/ubuntu/research_ws/ur10_pick_place_ws/install/linkattacher_msgs/share/colcon-core/packages/linkattacher_msgs)
[2.206s] colcon.colcon_core.environment Level 1 create_environment_scripts_only(linkattacher_msgs)
[2.207s] colcon.colcon_core.environment Level 1 checking '/home/ubuntu/research_ws/ur10_pick_place_ws/install/linkattacher_msgs' for CMake module files
[2.209s] colcon.colcon_core.environment Level 1 checking '/home/ubuntu/research_ws/ur10_pick_place_ws/install/linkattacher_msgs' for CMake config files
[2.210s] colcon.colcon_core.shell Level 1 create_environment_hook('linkattacher_msgs', 'cmake_prefix_path')
[2.211s] colcon.colcon_core.shell INFO Creating environment hook '/home/ubuntu/research_ws/ur10_pick_place_ws/install/linkattacher_msgs/share/linkattacher_msgs/hook/cmake_prefix_path.ps1'
[2.212s] colcon.colcon_core.shell INFO Creating environment descriptor '/home/ubuntu/research_ws/ur10_pick_place_ws/install/linkattacher_msgs/share/linkattacher_msgs/hook/cmake_prefix_path.dsv'
[2.213s] colcon.colcon_core.shell INFO Creating environment hook '/home/ubuntu/research_ws/ur10_pick_place_ws/install/linkattacher_msgs/share/linkattacher_msgs/hook/cmake_prefix_path.sh'
[2.214s] colcon.colcon_core.environment Level 1 checking '/home/ubuntu/research_ws/ur10_pick_place_ws/install/linkattacher_msgs/lib'
[2.214s] colcon.colcon_core.shell Level 1 create_environment_hook('linkattacher_msgs', 'ld_library_path_lib')
[2.215s] colcon.colcon_core.shell INFO Creating environment hook '/home/ubuntu/research_ws/ur10_pick_place_ws/install/linkattacher_msgs/share/linkattacher_msgs/hook/ld_library_path_lib.ps1'
[2.216s] colcon.colcon_core.shell INFO Creating environment descriptor '/home/ubuntu/research_ws/ur10_pick_place_ws/install/linkattacher_msgs/share/linkattacher_msgs/hook/ld_library_path_lib.dsv'
[2.217s] colcon.colcon_core.shell INFO Creating environment hook '/home/ubuntu/research_ws/ur10_pick_place_ws/install/linkattacher_msgs/share/linkattacher_msgs/hook/ld_library_path_lib.sh'
[2.218s] colcon.colcon_core.environment Level 1 checking '/home/ubuntu/research_ws/ur10_pick_place_ws/install/linkattacher_msgs/bin'
[2.218s] colcon.colcon_core.environment Level 1 checking '/home/ubuntu/research_ws/ur10_pick_place_ws/install/linkattacher_msgs/lib/pkgconfig/linkattacher_msgs.pc'
[2.218s] colcon.colcon_core.environment Level 1 checking '/home/ubuntu/research_ws/ur10_pick_place_ws/install/linkattacher_msgs/lib/python3.10/site-packages'
[2.219s] colcon.colcon_core.environment Level 1 checking '/home/ubuntu/research_ws/ur10_pick_place_ws/install/linkattacher_msgs/bin'
[2.220s] colcon.colcon_core.shell INFO Creating package script '/home/ubuntu/research_ws/ur10_pick_place_ws/install/linkattacher_msgs/share/linkattacher_msgs/package.ps1'
[2.222s] colcon.colcon_core.shell INFO Creating package descriptor '/home/ubuntu/research_ws/ur10_pick_place_ws/install/linkattacher_msgs/share/linkattacher_msgs/package.dsv'
[2.223s] colcon.colcon_core.shell INFO Creating package script '/home/ubuntu/research_ws/ur10_pick_place_ws/install/linkattacher_msgs/share/linkattacher_msgs/package.sh'
[2.224s] colcon.colcon_core.shell INFO Creating package script '/home/ubuntu/research_ws/ur10_pick_place_ws/install/linkattacher_msgs/share/linkattacher_msgs/package.bash'
[2.225s] colcon.colcon_core.shell INFO Creating package script '/home/ubuntu/research_ws/ur10_pick_place_ws/install/linkattacher_msgs/share/linkattacher_msgs/package.zsh'
[2.226s] colcon.colcon_core.environment Level 1 create_file_with_runtime_dependencies(/home/ubuntu/research_ws/ur10_pick_place_ws/install/linkattacher_msgs/share/colcon-core/packages/linkattacher_msgs)
[2.227s] colcon.colcon_ros.task.ament_cmake.build INFO Building ROS package in '/home/ubuntu/research_ws/ur10_pick_place_ws/src/ur_yt_sim' with build type 'ament_cmake'
[2.227s] colcon.colcon_cmake.task.cmake.build INFO Building CMake package in '/home/ubuntu/research_ws/ur10_pick_place_ws/src/ur_yt_sim'
[2.228s] colcon.colcon_core.shell INFO Skip shell extension 'powershell' for command environment: Not usable outside of PowerShell
[2.228s] colcon.colcon_core.shell DEBUG Skip shell extension 'dsv' for command environment
[2.238s] colcon.colcon_ros.task.ament_cmake.build INFO Building ROS package in '/home/ubuntu/research_ws/ur10_pick_place_ws/src/linkattacher_plugin' with build type 'ament_cmake'
[2.238s] colcon.colcon_cmake.task.cmake.build INFO Building CMake package in '/home/ubuntu/research_ws/ur10_pick_place_ws/src/linkattacher_plugin'
[2.238s] colcon.colcon_core.shell INFO Skip shell extension 'powershell' for command environment: Not usable outside of PowerShell
[2.239s] colcon.colcon_core.shell DEBUG Skip shell extension 'dsv' for command environment
[2.255s] colcon.colcon_core.event_handler.log_command DEBUG Invoking command in '/home/ubuntu/research_ws/ur10_pick_place_ws/build/ur_yt_sim': AMENT_PREFIX_PATH=/home/ubuntu/research_ws/ur10_pick_place_ws/install/linkattacher_msgs:${AMENT_PREFIX_PATH} CMAKE_PREFIX_PATH=/home/ubuntu/research_ws/ur10_pick_place_ws/install/linkattacher_msgs:/home/ubuntu/ur_camera_ws/install/ur_moveit_config:/home/ubuntu/ur_camera_ws/install/easy_handeye2_msgs:/home/ubuntu/ur_camera_ws/install/depthai-ros:/home/ubuntu/ur_camera_ws/install/depthai_ros_driver:/home/ubuntu/ur_camera_ws/install/depthai_filters:/home/ubuntu/ur_camera_ws/install/depthai_examples:/home/ubuntu/ur_camera_ws/install/depthai_bridge:/home/ubuntu/ur_camera_ws/install/depthai_ros_msgs:/home/ubuntu/ur_camera_ws/install/depthai_descriptions:/home/ubuntu/ur_camera_ws/install/pick_place:/home/ubuntu/ur_camera_ws/install/easy_handeye2:/opt/ros/humble LD_LIBRARY_PATH=/home/ubuntu/research_ws/ur10_pick_place_ws/install/linkattacher_msgs/lib:${LD_LIBRARY_PATH} PYTHONPATH=/home/ubuntu/research_ws/ur10_pick_place_ws/install/linkattacher_msgs/local/lib/python3.10/dist-packages:${PYTHONPATH} /usr/bin/cmake --build /home/ubuntu/research_ws/ur10_pick_place_ws/build/ur_yt_sim -- -j12 -l12
[2.262s] colcon.colcon_core.event_handler.log_command DEBUG Invoking command in '/home/ubuntu/research_ws/ur10_pick_place_ws/build/ros2_linkattacher': AMENT_PREFIX_PATH=/home/ubuntu/research_ws/ur10_pick_place_ws/install/linkattacher_msgs:${AMENT_PREFIX_PATH} CMAKE_PREFIX_PATH=/home/ubuntu/research_ws/ur10_pick_place_ws/install/linkattacher_msgs:/home/ubuntu/ur_camera_ws/install/ur_moveit_config:/home/ubuntu/ur_camera_ws/install/easy_handeye2_msgs:/home/ubuntu/ur_camera_ws/install/depthai-ros:/home/ubuntu/ur_camera_ws/install/depthai_ros_driver:/home/ubuntu/ur_camera_ws/install/depthai_filters:/home/ubuntu/ur_camera_ws/install/depthai_examples:/home/ubuntu/ur_camera_ws/install/depthai_bridge:/home/ubuntu/ur_camera_ws/install/depthai_ros_msgs:/home/ubuntu/ur_camera_ws/install/depthai_descriptions:/home/ubuntu/ur_camera_ws/install/pick_place:/home/ubuntu/ur_camera_ws/install/easy_handeye2:/opt/ros/humble LD_LIBRARY_PATH=/home/ubuntu/research_ws/ur10_pick_place_ws/install/linkattacher_msgs/lib:${LD_LIBRARY_PATH} PYTHONPATH=/home/ubuntu/research_ws/ur10_pick_place_ws/install/linkattacher_msgs/local/lib/python3.10/dist-packages:${PYTHONPATH} /usr/bin/cmake --build /home/ubuntu/research_ws/ur10_pick_place_ws/build/ros2_linkattacher -- -j12 -l12
[2.338s] colcon.colcon_core.event_handler.log_command DEBUG Invoked command in '/home/ubuntu/research_ws/ur10_pick_place_ws/build/ros2_linkattacher' returned '0': AMENT_PREFIX_PATH=/home/ubuntu/research_ws/ur10_pick_place_ws/install/linkattacher_msgs:${AMENT_PREFIX_PATH} CMAKE_PREFIX_PATH=/home/ubuntu/research_ws/ur10_pick_place_ws/install/linkattacher_msgs:/home/ubuntu/ur_camera_ws/install/ur_moveit_config:/home/ubuntu/ur_camera_ws/install/easy_handeye2_msgs:/home/ubuntu/ur_camera_ws/install/depthai-ros:/home/ubuntu/ur_camera_ws/install/depthai_ros_driver:/home/ubuntu/ur_camera_ws/install/depthai_filters:/home/ubuntu/ur_camera_ws/install/depthai_examples:/home/ubuntu/ur_camera_ws/install/depthai_bridge:/home/ubuntu/ur_camera_ws/install/depthai_ros_msgs:/home/ubuntu/ur_camera_ws/install/depthai_descriptions:/home/ubuntu/ur_camera_ws/install/pick_place:/home/ubuntu/ur_camera_ws/install/easy_handeye2:/opt/ros/humble LD_LIBRARY_PATH=/home/ubuntu/research_ws/ur10_pick_place_ws/install/linkattacher_msgs/lib:${LD_LIBRARY_PATH} PYTHONPATH=/home/ubuntu/research_ws/ur10_pick_place_ws/install/linkattacher_msgs/local/lib/python3.10/dist-packages:${PYTHONPATH} /usr/bin/cmake --build /home/ubuntu/research_ws/ur10_pick_place_ws/build/ros2_linkattacher -- -j12 -l12
[2.340s] colcon.colcon_core.event_handler.log_command DEBUG Invoking command in '/home/ubuntu/research_ws/ur10_pick_place_ws/build/ros2_linkattacher': AMENT_PREFIX_PATH=/home/ubuntu/research_ws/ur10_pick_place_ws/install/linkattacher_msgs:${AMENT_PREFIX_PATH} CMAKE_PREFIX_PATH=/home/ubuntu/research_ws/ur10_pick_place_ws/install/linkattacher_msgs:/home/ubuntu/ur_camera_ws/install/ur_moveit_config:/home/ubuntu/ur_camera_ws/install/easy_handeye2_msgs:/home/ubuntu/ur_camera_ws/install/depthai-ros:/home/ubuntu/ur_camera_ws/install/depthai_ros_driver:/home/ubuntu/ur_camera_ws/install/depthai_filters:/home/ubuntu/ur_camera_ws/install/depthai_examples:/home/ubuntu/ur_camera_ws/install/depthai_bridge:/home/ubuntu/ur_camera_ws/install/depthai_ros_msgs:/home/ubuntu/ur_camera_ws/install/depthai_descriptions:/home/ubuntu/ur_camera_ws/install/pick_place:/home/ubuntu/ur_camera_ws/install/easy_handeye2:/opt/ros/humble LD_LIBRARY_PATH=/home/ubuntu/research_ws/ur10_pick_place_ws/install/linkattacher_msgs/lib:${LD_LIBRARY_PATH} PYTHONPATH=/home/ubuntu/research_ws/ur10_pick_place_ws/install/linkattacher_msgs/local/lib/python3.10/dist-packages:${PYTHONPATH} /usr/bin/cmake --install /home/ubuntu/research_ws/ur10_pick_place_ws/build/ros2_linkattacher
[2.361s] colcon.colcon_core.environment Level 1 create_environment_scripts_only(ros2_linkattacher)
[2.361s] colcon.colcon_core.environment Level 1 checking '/home/ubuntu/research_ws/ur10_pick_place_ws/install/ros2_linkattacher' for CMake module files
[2.362s] colcon.colcon_core.event_handler.log_command DEBUG Invoked command in '/home/ubuntu/research_ws/ur10_pick_place_ws/build/ros2_linkattacher' returned '0': AMENT_PREFIX_PATH=/home/ubuntu/research_ws/ur10_pick_place_ws/install/linkattacher_msgs:${AMENT_PREFIX_PATH} CMAKE_PREFIX_PATH=/home/ubuntu/research_ws/ur10_pick_place_ws/install/linkattacher_msgs:/home/ubuntu/ur_camera_ws/install/ur_moveit_config:/home/ubuntu/ur_camera_ws/install/easy_handeye2_msgs:/home/ubuntu/ur_camera_ws/install/depthai-ros:/home/ubuntu/ur_camera_ws/install/depthai_ros_driver:/home/ubuntu/ur_camera_ws/install/depthai_filters:/home/ubuntu/ur_camera_ws/install/depthai_examples:/home/ubuntu/ur_camera_ws/install/depthai_bridge:/home/ubuntu/ur_camera_ws/install/depthai_ros_msgs:/home/ubuntu/ur_camera_ws/install/depthai_descriptions:/home/ubuntu/ur_camera_ws/install/pick_place:/home/ubuntu/ur_camera_ws/install/easy_handeye2:/opt/ros/humble LD_LIBRARY_PATH=/home/ubuntu/research_ws/ur10_pick_place_ws/install/linkattacher_msgs/lib:${LD_LIBRARY_PATH} PYTHONPATH=/home/ubuntu/research_ws/ur10_pick_place_ws/install/linkattacher_msgs/local/lib/python3.10/dist-packages:${PYTHONPATH} /usr/bin/cmake --install /home/ubuntu/research_ws/ur10_pick_place_ws/build/ros2_linkattacher
[2.363s] colcon.colcon_core.environment Level 1 checking '/home/ubuntu/research_ws/ur10_pick_place_ws/install/ros2_linkattacher' for CMake config files
[2.364s] colcon.colcon_core.shell Level 1 create_environment_hook('ros2_linkattacher', 'cmake_prefix_path')
[2.364s] colcon.colcon_core.shell INFO Creating environment hook '/home/ubuntu/research_ws/ur10_pick_place_ws/install/ros2_linkattacher/share/ros2_linkattacher/hook/cmake_prefix_path.ps1'
[2.365s] colcon.colcon_core.shell INFO Creating environment descriptor '/home/ubuntu/research_ws/ur10_pick_place_ws/install/ros2_linkattacher/share/ros2_linkattacher/hook/cmake_prefix_path.dsv'
[2.366s] colcon.colcon_core.shell INFO Creating environment hook '/home/ubuntu/research_ws/ur10_pick_place_ws/install/ros2_linkattacher/share/ros2_linkattacher/hook/cmake_prefix_path.sh'
[2.367s] colcon.colcon_core.environment Level 1 checking '/home/ubuntu/research_ws/ur10_pick_place_ws/install/ros2_linkattacher/bin'
[2.368s] colcon.colcon_core.environment Level 1 checking '/home/ubuntu/research_ws/ur10_pick_place_ws/install/ros2_linkattacher/lib/pkgconfig/ros2_linkattacher.pc'
[2.368s] colcon.colcon_core.environment Level 1 checking '/home/ubuntu/research_ws/ur10_pick_place_ws/install/ros2_linkattacher/lib/python3.10/site-packages'
[2.369s] colcon.colcon_core.environment Level 1 checking '/home/ubuntu/research_ws/ur10_pick_place_ws/install/ros2_linkattacher/bin'
[2.370s] colcon.colcon_core.shell INFO Creating package script '/home/ubuntu/research_ws/ur10_pick_place_ws/install/ros2_linkattacher/share/ros2_linkattacher/package.ps1'
[2.371s] colcon.colcon_core.shell INFO Creating package descriptor '/home/ubuntu/research_ws/ur10_pick_place_ws/install/ros2_linkattacher/share/ros2_linkattacher/package.dsv'
[2.372s] colcon.colcon_core.shell INFO Creating package script '/home/ubuntu/research_ws/ur10_pick_place_ws/install/ros2_linkattacher/share/ros2_linkattacher/package.sh'
[2.373s] colcon.colcon_core.shell INFO Creating package script '/home/ubuntu/research_ws/ur10_pick_place_ws/install/ros2_linkattacher/share/ros2_linkattacher/package.bash'
[2.373s] colcon.colcon_core.shell INFO Creating package script '/home/ubuntu/research_ws/ur10_pick_place_ws/install/ros2_linkattacher/share/ros2_linkattacher/package.zsh'
[2.375s] colcon.colcon_core.environment Level 1 create_file_with_runtime_dependencies(/home/ubuntu/research_ws/ur10_pick_place_ws/install/ros2_linkattacher/share/colcon-core/packages/ros2_linkattacher)
[2.377s] colcon.colcon_core.environment Level 1 create_environment_scripts_only(ros2_linkattacher)
[2.377s] colcon.colcon_core.environment Level 1 checking '/home/ubuntu/research_ws/ur10_pick_place_ws/install/ros2_linkattacher' for CMake module files
[2.379s] colcon.colcon_core.environment Level 1 checking '/home/ubuntu/research_ws/ur10_pick_place_ws/install/ros2_linkattacher' for CMake config files
[2.379s] colcon.colcon_core.shell Level 1 create_environment_hook('ros2_linkattacher', 'cmake_prefix_path')
[2.379s] colcon.colcon_core.shell INFO Creating environment hook '/home/ubuntu/research_ws/ur10_pick_place_ws/install/ros2_linkattacher/share/ros2_linkattacher/hook/cmake_prefix_path.ps1'
[2.381s] colcon.colcon_core.shell INFO Creating environment descriptor '/home/ubuntu/research_ws/ur10_pick_place_ws/install/ros2_linkattacher/share/ros2_linkattacher/hook/cmake_prefix_path.dsv'
[2.381s] colcon.colcon_core.shell INFO Creating environment hook '/home/ubuntu/research_ws/ur10_pick_place_ws/install/ros2_linkattacher/share/ros2_linkattacher/hook/cmake_prefix_path.sh'
[2.383s] colcon.colcon_core.environment Level 1 checking '/home/ubuntu/research_ws/ur10_pick_place_ws/install/ros2_linkattacher/bin'
[2.383s] colcon.colcon_core.environment Level 1 checking '/home/ubuntu/research_ws/ur10_pick_place_ws/install/ros2_linkattacher/lib/pkgconfig/ros2_linkattacher.pc'
[2.383s] colcon.colcon_core.environment Level 1 checking '/home/ubuntu/research_ws/ur10_pick_place_ws/install/ros2_linkattacher/lib/python3.10/site-packages'
[2.384s] colcon.colcon_core.environment Level 1 checking '/home/ubuntu/research_ws/ur10_pick_place_ws/install/ros2_linkattacher/bin'
[2.385s] colcon.colcon_core.shell INFO Creating package script '/home/ubuntu/research_ws/ur10_pick_place_ws/install/ros2_linkattacher/share/ros2_linkattacher/package.ps1'
[2.386s] colcon.colcon_core.shell INFO Creating package descriptor '/home/ubuntu/research_ws/ur10_pick_place_ws/install/ros2_linkattacher/share/ros2_linkattacher/package.dsv'
[2.387s] colcon.colcon_core.shell INFO Creating package script '/home/ubuntu/research_ws/ur10_pick_place_ws/install/ros2_linkattacher/share/ros2_linkattacher/package.sh'
[2.388s] colcon.colcon_core.shell INFO Creating package script '/home/ubuntu/research_ws/ur10_pick_place_ws/install/ros2_linkattacher/share/ros2_linkattacher/package.bash'
[2.389s] colcon.colcon_core.shell INFO Creating package script '/home/ubuntu/research_ws/ur10_pick_place_ws/install/ros2_linkattacher/share/ros2_linkattacher/package.zsh'
[2.390s] colcon.colcon_core.environment Level 1 create_file_with_runtime_dependencies(/home/ubuntu/research_ws/ur10_pick_place_ws/install/ros2_linkattacher/share/colcon-core/packages/ros2_linkattacher)
[2.421s] colcon.colcon_core.event_handler.log_command DEBUG Invoked command in '/home/ubuntu/research_ws/ur10_pick_place_ws/build/ur_yt_sim' returned '0': AMENT_PREFIX_PATH=/home/ubuntu/research_ws/ur10_pick_place_ws/install/linkattacher_msgs:${AMENT_PREFIX_PATH} CMAKE_PREFIX_PATH=/home/ubuntu/research_ws/ur10_pick_place_ws/install/linkattacher_msgs:/home/ubuntu/ur_camera_ws/install/ur_moveit_config:/home/ubuntu/ur_camera_ws/install/easy_handeye2_msgs:/home/ubuntu/ur_camera_ws/install/depthai-ros:/home/ubuntu/ur_camera_ws/install/depthai_ros_driver:/home/ubuntu/ur_camera_ws/install/depthai_filters:/home/ubuntu/ur_camera_ws/install/depthai_examples:/home/ubuntu/ur_camera_ws/install/depthai_bridge:/home/ubuntu/ur_camera_ws/install/depthai_ros_msgs:/home/ubuntu/ur_camera_ws/install/depthai_descriptions:/home/ubuntu/ur_camera_ws/install/pick_place:/home/ubuntu/ur_camera_ws/install/easy_handeye2:/opt/ros/humble LD_LIBRARY_PATH=/home/ubuntu/research_ws/ur10_pick_place_ws/install/linkattacher_msgs/lib:${LD_LIBRARY_PATH} PYTHONPATH=/home/ubuntu/research_ws/ur10_pick_place_ws/install/linkattacher_msgs/local/lib/python3.10/dist-packages:${PYTHONPATH} /usr/bin/cmake --build /home/ubuntu/research_ws/ur10_pick_place_ws/build/ur_yt_sim -- -j12 -l12
[2.424s] colcon.colcon_core.event_handler.log_command DEBUG Invoking command in '/home/ubuntu/research_ws/ur10_pick_place_ws/build/ur_yt_sim': AMENT_PREFIX_PATH=/home/ubuntu/research_ws/ur10_pick_place_ws/install/linkattacher_msgs:${AMENT_PREFIX_PATH} CMAKE_PREFIX_PATH=/home/ubuntu/research_ws/ur10_pick_place_ws/install/linkattacher_msgs:/home/ubuntu/ur_camera_ws/install/ur_moveit_config:/home/ubuntu/ur_camera_ws/install/easy_handeye2_msgs:/home/ubuntu/ur_camera_ws/install/depthai-ros:/home/ubuntu/ur_camera_ws/install/depthai_ros_driver:/home/ubuntu/ur_camera_ws/install/depthai_filters:/home/ubuntu/ur_camera_ws/install/depthai_examples:/home/ubuntu/ur_camera_ws/install/depthai_bridge:/home/ubuntu/ur_camera_ws/install/depthai_ros_msgs:/home/ubuntu/ur_camera_ws/install/depthai_descriptions:/home/ubuntu/ur_camera_ws/install/pick_place:/home/ubuntu/ur_camera_ws/install/easy_handeye2:/opt/ros/humble LD_LIBRARY_PATH=/home/ubuntu/research_ws/ur10_pick_place_ws/install/linkattacher_msgs/lib:${LD_LIBRARY_PATH} PYTHONPATH=/home/ubuntu/research_ws/ur10_pick_place_ws/install/linkattacher_msgs/local/lib/python3.10/dist-packages:${PYTHONPATH} /usr/bin/cmake --install /home/ubuntu/research_ws/ur10_pick_place_ws/build/ur_yt_sim
[2.453s] colcon.colcon_core.environment Level 1 create_environment_scripts_only(ur_yt_sim)
[2.455s] colcon.colcon_core.environment Level 1 checking '/home/ubuntu/research_ws/ur10_pick_place_ws/install/ur_yt_sim' for CMake module files
[2.460s] colcon.colcon_core.environment Level 1 checking '/home/ubuntu/research_ws/ur10_pick_place_ws/install/ur_yt_sim' for CMake config files
[2.472s] colcon.colcon_core.shell Level 1 create_environment_hook('ur_yt_sim', 'cmake_prefix_path')
[2.473s] colcon.colcon_core.shell INFO Creating environment hook '/home/ubuntu/research_ws/ur10_pick_place_ws/install/ur_yt_sim/share/ur_yt_sim/hook/cmake_prefix_path.ps1'
[2.475s] colcon.colcon_core.event_handler.log_command DEBUG Invoked command in '/home/ubuntu/research_ws/ur10_pick_place_ws/build/ur_yt_sim' returned '0': AMENT_PREFIX_PATH=/home/ubuntu/research_ws/ur10_pick_place_ws/install/linkattacher_msgs:${AMENT_PREFIX_PATH} CMAKE_PREFIX_PATH=/home/ubuntu/research_ws/ur10_pick_place_ws/install/linkattacher_msgs:/home/ubuntu/ur_camera_ws/install/ur_moveit_config:/home/ubuntu/ur_camera_ws/install/easy_handeye2_msgs:/home/ubuntu/ur_camera_ws/install/depthai-ros:/home/ubuntu/ur_camera_ws/install/depthai_ros_driver:/home/ubuntu/ur_camera_ws/install/depthai_filters:/home/ubuntu/ur_camera_ws/install/depthai_examples:/home/ubuntu/ur_camera_ws/install/depthai_bridge:/home/ubuntu/ur_camera_ws/install/depthai_ros_msgs:/home/ubuntu/ur_camera_ws/install/depthai_descriptions:/home/ubuntu/ur_camera_ws/install/pick_place:/home/ubuntu/ur_camera_ws/install/easy_handeye2:/opt/ros/humble LD_LIBRARY_PATH=/home/ubuntu/research_ws/ur10_pick_place_ws/install/linkattacher_msgs/lib:${LD_LIBRARY_PATH} PYTHONPATH=/home/ubuntu/research_ws/ur10_pick_place_ws/install/linkattacher_msgs/local/lib/python3.10/dist-packages:${PYTHONPATH} /usr/bin/cmake --install /home/ubuntu/research_ws/ur10_pick_place_ws/build/ur_yt_sim
[2.476s] colcon.colcon_core.shell INFO Creating environment descriptor '/home/ubuntu/research_ws/ur10_pick_place_ws/install/ur_yt_sim/share/ur_yt_sim/hook/cmake_prefix_path.dsv'
[2.478s] colcon.colcon_core.shell INFO Creating environment hook '/home/ubuntu/research_ws/ur10_pick_place_ws/install/ur_yt_sim/share/ur_yt_sim/hook/cmake_prefix_path.sh'
[2.480s] colcon.colcon_core.environment Level 1 checking '/home/ubuntu/research_ws/ur10_pick_place_ws/install/ur_yt_sim/lib'
[2.480s] colcon.colcon_core.environment Level 1 checking '/home/ubuntu/research_ws/ur10_pick_place_ws/install/ur_yt_sim/bin'
[2.481s] colcon.colcon_core.environment Level 1 checking '/home/ubuntu/research_ws/ur10_pick_place_ws/install/ur_yt_sim/lib/pkgconfig/ur_yt_sim.pc'
[2.482s] colcon.colcon_core.environment Level 1 checking '/home/ubuntu/research_ws/ur10_pick_place_ws/install/ur_yt_sim/lib/python3.10/site-packages'
[2.483s] colcon.colcon_core.environment Level 1 checking '/home/ubuntu/research_ws/ur10_pick_place_ws/install/ur_yt_sim/bin'
[2.484s] colcon.colcon_core.shell INFO Creating package script '/home/ubuntu/research_ws/ur10_pick_place_ws/install/ur_yt_sim/share/ur_yt_sim/package.ps1'
[2.486s] colcon.colcon_core.shell INFO Creating package descriptor '/home/ubuntu/research_ws/ur10_pick_place_ws/install/ur_yt_sim/share/ur_yt_sim/package.dsv'
[2.487s] colcon.colcon_core.shell INFO Creating package script '/home/ubuntu/research_ws/ur10_pick_place_ws/install/ur_yt_sim/share/ur_yt_sim/package.sh'
[2.489s] colcon.colcon_core.shell INFO Creating package script '/home/ubuntu/research_ws/ur10_pick_place_ws/install/ur_yt_sim/share/ur_yt_sim/package.bash'
[2.490s] colcon.colcon_core.shell INFO Creating package script '/home/ubuntu/research_ws/ur10_pick_place_ws/install/ur_yt_sim/share/ur_yt_sim/package.zsh'
[2.492s] colcon.colcon_core.environment Level 1 create_file_with_runtime_dependencies(/home/ubuntu/research_ws/ur10_pick_place_ws/install/ur_yt_sim/share/colcon-core/packages/ur_yt_sim)
[2.494s] colcon.colcon_core.environment Level 1 create_environment_scripts_only(ur_yt_sim)
[2.495s] colcon.colcon_core.environment Level 1 checking '/home/ubuntu/research_ws/ur10_pick_place_ws/install/ur_yt_sim' for CMake module files
[2.497s] colcon.colcon_core.environment Level 1 checking '/home/ubuntu/research_ws/ur10_pick_place_ws/install/ur_yt_sim' for CMake config files
[2.499s] colcon.colcon_core.shell Level 1 create_environment_hook('ur_yt_sim', 'cmake_prefix_path')
[2.500s] colcon.colcon_core.shell INFO Creating environment hook '/home/ubuntu/research_ws/ur10_pick_place_ws/install/ur_yt_sim/share/ur_yt_sim/hook/cmake_prefix_path.ps1'
[2.501s] colcon.colcon_core.shell INFO Creating environment descriptor '/home/ubuntu/research_ws/ur10_pick_place_ws/install/ur_yt_sim/share/ur_yt_sim/hook/cmake_prefix_path.dsv'
[2.502s] colcon.colcon_core.shell INFO Creating environment hook '/home/ubuntu/research_ws/ur10_pick_place_ws/install/ur_yt_sim/share/ur_yt_sim/hook/cmake_prefix_path.sh'
[2.504s] colcon.colcon_core.environment Level 1 checking '/home/ubuntu/research_ws/ur10_pick_place_ws/install/ur_yt_sim/lib'
[2.505s] colcon.colcon_core.environment Level 1 checking '/home/ubuntu/research_ws/ur10_pick_place_ws/install/ur_yt_sim/bin'
[2.505s] colcon.colcon_core.environment Level 1 checking '/home/ubuntu/research_ws/ur10_pick_place_ws/install/ur_yt_sim/lib/pkgconfig/ur_yt_sim.pc'
[2.506s] colcon.colcon_core.environment Level 1 checking '/home/ubuntu/research_ws/ur10_pick_place_ws/install/ur_yt_sim/lib/python3.10/site-packages'
[2.507s] colcon.colcon_core.environment Level 1 checking '/home/ubuntu/research_ws/ur10_pick_place_ws/install/ur_yt_sim/bin'
[2.508s] colcon.colcon_core.shell INFO Creating package script '/home/ubuntu/research_ws/ur10_pick_place_ws/install/ur_yt_sim/share/ur_yt_sim/package.ps1'
[2.510s] colcon.colcon_core.shell INFO Creating package descriptor '/home/ubuntu/research_ws/ur10_pick_place_ws/install/ur_yt_sim/share/ur_yt_sim/package.dsv'
[2.511s] colcon.colcon_core.shell INFO Creating package script '/home/ubuntu/research_ws/ur10_pick_place_ws/install/ur_yt_sim/share/ur_yt_sim/package.sh'
[2.512s] colcon.colcon_core.shell INFO Creating package script '/home/ubuntu/research_ws/ur10_pick_place_ws/install/ur_yt_sim/share/ur_yt_sim/package.bash'
[2.514s] colcon.colcon_core.shell INFO Creating package script '/home/ubuntu/research_ws/ur10_pick_place_ws/install/ur_yt_sim/share/ur_yt_sim/package.zsh'
[2.515s] colcon.colcon_core.environment Level 1 create_file_with_runtime_dependencies(/home/ubuntu/research_ws/ur10_pick_place_ws/install/ur_yt_sim/share/colcon-core/packages/ur_yt_sim)
[2.516s] colcon.colcon_ros.task.ament_cmake.build INFO Building ROS package in '/home/ubuntu/research_ws/ur10_pick_place_ws/src/ur10_camera_gripper_moveit_config' with build type 'ament_cmake'
[2.516s] colcon.colcon_cmake.task.cmake.build INFO Building CMake package in '/home/ubuntu/research_ws/ur10_pick_place_ws/src/ur10_camera_gripper_moveit_config'
[2.517s] colcon.colcon_core.shell INFO Skip shell extension 'powershell' for command environment: Not usable outside of PowerShell
[2.517s] colcon.colcon_core.shell DEBUG Skip shell extension 'dsv' for command environment
[2.551s] colcon.colcon_core.event_handler.log_command DEBUG Invoking command in '/home/ubuntu/research_ws/ur10_pick_place_ws/build/ur10_camera_gripper_moveit_config': AMENT_PREFIX_PATH=/home/ubuntu/research_ws/ur10_pick_place_ws/install/ur_yt_sim:/home/ubuntu/research_ws/ur10_pick_place_ws/install/linkattacher_msgs:${AMENT_PREFIX_PATH} CMAKE_PREFIX_PATH=/home/ubuntu/research_ws/ur10_pick_place_ws/install/ur_yt_sim:/home/ubuntu/research_ws/ur10_pick_place_ws/install/linkattacher_msgs:/home/ubuntu/ur_camera_ws/install/ur_moveit_config:/home/ubuntu/ur_camera_ws/install/easy_handeye2_msgs:/home/ubuntu/ur_camera_ws/install/depthai-ros:/home/ubuntu/ur_camera_ws/install/depthai_ros_driver:/home/ubuntu/ur_camera_ws/install/depthai_filters:/home/ubuntu/ur_camera_ws/install/depthai_examples:/home/ubuntu/ur_camera_ws/install/depthai_bridge:/home/ubuntu/ur_camera_ws/install/depthai_ros_msgs:/home/ubuntu/ur_camera_ws/install/depthai_descriptions:/home/ubuntu/ur_camera_ws/install/pick_place:/home/ubuntu/ur_camera_ws/install/easy_handeye2:/opt/ros/humble LD_LIBRARY_PATH=/home/ubuntu/research_ws/ur10_pick_place_ws/install/linkattacher_msgs/lib:${LD_LIBRARY_PATH} PYTHONPATH=/home/ubuntu/research_ws/ur10_pick_place_ws/install/linkattacher_msgs/local/lib/python3.10/dist-packages:${PYTHONPATH} /usr/bin/cmake --build /home/ubuntu/research_ws/ur10_pick_place_ws/build/ur10_camera_gripper_moveit_config -- -j12 -l12
[2.640s] colcon.colcon_core.event_handler.log_command DEBUG Invoked command in '/home/ubuntu/research_ws/ur10_pick_place_ws/build/ur10_camera_gripper_moveit_config' returned '0': AMENT_PREFIX_PATH=/home/ubuntu/research_ws/ur10_pick_place_ws/install/ur_yt_sim:/home/ubuntu/research_ws/ur10_pick_place_ws/install/linkattacher_msgs:${AMENT_PREFIX_PATH} CMAKE_PREFIX_PATH=/home/ubuntu/research_ws/ur10_pick_place_ws/install/ur_yt_sim:/home/ubuntu/research_ws/ur10_pick_place_ws/install/linkattacher_msgs:/home/ubuntu/ur_camera_ws/install/ur_moveit_config:/home/ubuntu/ur_camera_ws/install/easy_handeye2_msgs:/home/ubuntu/ur_camera_ws/install/depthai-ros:/home/ubuntu/ur_camera_ws/install/depthai_ros_driver:/home/ubuntu/ur_camera_ws/install/depthai_filters:/home/ubuntu/ur_camera_ws/install/depthai_examples:/home/ubuntu/ur_camera_ws/install/depthai_bridge:/home/ubuntu/ur_camera_ws/install/depthai_ros_msgs:/home/ubuntu/ur_camera_ws/install/depthai_descriptions:/home/ubuntu/ur_camera_ws/install/pick_place:/home/ubuntu/ur_camera_ws/install/easy_handeye2:/opt/ros/humble LD_LIBRARY_PATH=/home/ubuntu/research_ws/ur10_pick_place_ws/install/linkattacher_msgs/lib:${LD_LIBRARY_PATH} PYTHONPATH=/home/ubuntu/research_ws/ur10_pick_place_ws/install/linkattacher_msgs/local/lib/python3.10/dist-packages:${PYTHONPATH} /usr/bin/cmake --build /home/ubuntu/research_ws/ur10_pick_place_ws/build/ur10_camera_gripper_moveit_config -- -j12 -l12
[2.643s] colcon.colcon_core.event_handler.log_command DEBUG Invoking command in '/home/ubuntu/research_ws/ur10_pick_place_ws/build/ur10_camera_gripper_moveit_config': AMENT_PREFIX_PATH=/home/ubuntu/research_ws/ur10_pick_place_ws/install/ur_yt_sim:/home/ubuntu/research_ws/ur10_pick_place_ws/install/linkattacher_msgs:${AMENT_PREFIX_PATH} CMAKE_PREFIX_PATH=/home/ubuntu/research_ws/ur10_pick_place_ws/install/ur_yt_sim:/home/ubuntu/research_ws/ur10_pick_place_ws/install/linkattacher_msgs:/home/ubuntu/ur_camera_ws/install/ur_moveit_config:/home/ubuntu/ur_camera_ws/install/easy_handeye2_msgs:/home/ubuntu/ur_camera_ws/install/depthai-ros:/home/ubuntu/ur_camera_ws/install/depthai_ros_driver:/home/ubuntu/ur_camera_ws/install/depthai_filters:/home/ubuntu/ur_camera_ws/install/depthai_examples:/home/ubuntu/ur_camera_ws/install/depthai_bridge:/home/ubuntu/ur_camera_ws/install/depthai_ros_msgs:/home/ubuntu/ur_camera_ws/install/depthai_descriptions:/home/ubuntu/ur_camera_ws/install/pick_place:/home/ubuntu/ur_camera_ws/install/easy_handeye2:/opt/ros/humble LD_LIBRARY_PATH=/home/ubuntu/research_ws/ur10_pick_place_ws/install/linkattacher_msgs/lib:${LD_LIBRARY_PATH} PYTHONPATH=/home/ubuntu/research_ws/ur10_pick_place_ws/install/linkattacher_msgs/local/lib/python3.10/dist-packages:${PYTHONPATH} /usr/bin/cmake --install /home/ubuntu/research_ws/ur10_pick_place_ws/build/ur10_camera_gripper_moveit_config
[2.668s] colcon.colcon_core.environment Level 1 create_environment_scripts_only(ur10_camera_gripper_moveit_config)
[2.669s] colcon.colcon_core.environment Level 1 checking '/home/ubuntu/research_ws/ur10_pick_place_ws/install/ur10_camera_gripper_moveit_config' for CMake module files
[2.674s] colcon.colcon_core.environment Level 1 checking '/home/ubuntu/research_ws/ur10_pick_place_ws/install/ur10_camera_gripper_moveit_config' for CMake config files
[2.679s] colcon.colcon_core.event_handler.log_command DEBUG Invoked command in '/home/ubuntu/research_ws/ur10_pick_place_ws/build/ur10_camera_gripper_moveit_config' returned '0': AMENT_PREFIX_PATH=/home/ubuntu/research_ws/ur10_pick_place_ws/install/ur_yt_sim:/home/ubuntu/research_ws/ur10_pick_place_ws/install/linkattacher_msgs:${AMENT_PREFIX_PATH} CMAKE_PREFIX_PATH=/home/ubuntu/research_ws/ur10_pick_place_ws/install/ur_yt_sim:/home/ubuntu/research_ws/ur10_pick_place_ws/install/linkattacher_msgs:/home/ubuntu/ur_camera_ws/install/ur_moveit_config:/home/ubuntu/ur_camera_ws/install/easy_handeye2_msgs:/home/ubuntu/ur_camera_ws/install/depthai-ros:/home/ubuntu/ur_camera_ws/install/depthai_ros_driver:/home/ubuntu/ur_camera_ws/install/depthai_filters:/home/ubuntu/ur_camera_ws/install/depthai_examples:/home/ubuntu/ur_camera_ws/install/depthai_bridge:/home/ubuntu/ur_camera_ws/install/depthai_ros_msgs:/home/ubuntu/ur_camera_ws/install/depthai_descriptions:/home/ubuntu/ur_camera_ws/install/pick_place:/home/ubuntu/ur_camera_ws/install/easy_handeye2:/opt/ros/humble LD_LIBRARY_PATH=/home/ubuntu/research_ws/ur10_pick_place_ws/install/linkattacher_msgs/lib:${LD_LIBRARY_PATH} PYTHONPATH=/home/ubuntu/research_ws/ur10_pick_place_ws/install/linkattacher_msgs/local/lib/python3.10/dist-packages:${PYTHONPATH} /usr/bin/cmake --install /home/ubuntu/research_ws/ur10_pick_place_ws/build/ur10_camera_gripper_moveit_config
[2.680s] colcon.colcon_core.shell Level 1 create_environment_hook('ur10_camera_gripper_moveit_config', 'cmake_prefix_path')
[2.681s] colcon.colcon_core.shell INFO Creating environment hook '/home/ubuntu/research_ws/ur10_pick_place_ws/install/ur10_camera_gripper_moveit_config/share/ur10_camera_gripper_moveit_config/hook/cmake_prefix_path.ps1'
[2.683s] colcon.colcon_core.shell INFO Creating environment descriptor '/home/ubuntu/research_ws/ur10_pick_place_ws/install/ur10_camera_gripper_moveit_config/share/ur10_camera_gripper_moveit_config/hook/cmake_prefix_path.dsv'
[2.684s] colcon.colcon_core.shell INFO Creating environment hook '/home/ubuntu/research_ws/ur10_pick_place_ws/install/ur10_camera_gripper_moveit_config/share/ur10_camera_gripper_moveit_config/hook/cmake_prefix_path.sh'
[2.686s] colcon.colcon_core.environment Level 1 checking '/home/ubuntu/research_ws/ur10_pick_place_ws/install/ur10_camera_gripper_moveit_config/bin'
[2.686s] colcon.colcon_core.environment Level 1 checking '/home/ubuntu/research_ws/ur10_pick_place_ws/install/ur10_camera_gripper_moveit_config/lib/pkgconfig/ur10_camera_gripper_moveit_config.pc'
[2.687s] colcon.colcon_core.environment Level 1 checking '/home/ubuntu/research_ws/ur10_pick_place_ws/install/ur10_camera_gripper_moveit_config/lib/python3.10/site-packages'
[2.689s] colcon.colcon_core.environment Level 1 checking '/home/ubuntu/research_ws/ur10_pick_place_ws/install/ur10_camera_gripper_moveit_config/bin'
[2.690s] colcon.colcon_core.shell INFO Creating package script '/home/ubuntu/research_ws/ur10_pick_place_ws/install/ur10_camera_gripper_moveit_config/share/ur10_camera_gripper_moveit_config/package.ps1'
[2.692s] colcon.colcon_core.shell INFO Creating package descriptor '/home/ubuntu/research_ws/ur10_pick_place_ws/install/ur10_camera_gripper_moveit_config/share/ur10_camera_gripper_moveit_config/package.dsv'
[2.693s] colcon.colcon_core.shell INFO Creating package script '/home/ubuntu/research_ws/ur10_pick_place_ws/install/ur10_camera_gripper_moveit_config/share/ur10_camera_gripper_moveit_config/package.sh'
[2.695s] colcon.colcon_core.shell INFO Creating package script '/home/ubuntu/research_ws/ur10_pick_place_ws/install/ur10_camera_gripper_moveit_config/share/ur10_camera_gripper_moveit_config/package.bash'
[2.696s] colcon.colcon_core.shell INFO Creating package script '/home/ubuntu/research_ws/ur10_pick_place_ws/install/ur10_camera_gripper_moveit_config/share/ur10_camera_gripper_moveit_config/package.zsh'
[2.698s] colcon.colcon_core.environment Level 1 create_file_with_runtime_dependencies(/home/ubuntu/research_ws/ur10_pick_place_ws/install/ur10_camera_gripper_moveit_config/share/colcon-core/packages/ur10_camera_gripper_moveit_config)
[2.700s] colcon.colcon_core.environment Level 1 create_environment_scripts_only(ur10_camera_gripper_moveit_config)
[2.701s] colcon.colcon_core.environment Level 1 checking '/home/ubuntu/research_ws/ur10_pick_place_ws/install/ur10_camera_gripper_moveit_config' for CMake module files
[2.703s] colcon.colcon_core.environment Level 1 checking '/home/ubuntu/research_ws/ur10_pick_place_ws/install/ur10_camera_gripper_moveit_config' for CMake config files
[2.704s] colcon.colcon_core.shell Level 1 create_environment_hook('ur10_camera_gripper_moveit_config', 'cmake_prefix_path')
[2.705s] colcon.colcon_core.shell INFO Creating environment hook '/home/ubuntu/research_ws/ur10_pick_place_ws/install/ur10_camera_gripper_moveit_config/share/ur10_camera_gripper_moveit_config/hook/cmake_prefix_path.ps1'
[2.706s] colcon.colcon_core.shell INFO Creating environment descriptor '/home/ubuntu/research_ws/ur10_pick_place_ws/install/ur10_camera_gripper_moveit_config/share/ur10_camera_gripper_moveit_config/hook/cmake_prefix_path.dsv'
[2.708s] colcon.colcon_core.shell INFO Creating environment hook '/home/ubuntu/research_ws/ur10_pick_place_ws/install/ur10_camera_gripper_moveit_config/share/ur10_camera_gripper_moveit_config/hook/cmake_prefix_path.sh'
[2.710s] colcon.colcon_core.environment Level 1 checking '/home/ubuntu/research_ws/ur10_pick_place_ws/install/ur10_camera_gripper_moveit_config/bin'
[2.710s] colcon.colcon_core.environment Level 1 checking '/home/ubuntu/research_ws/ur10_pick_place_ws/install/ur10_camera_gripper_moveit_config/lib/pkgconfig/ur10_camera_gripper_moveit_config.pc'
[2.711s] colcon.colcon_core.environment Level 1 checking '/home/ubuntu/research_ws/ur10_pick_place_ws/install/ur10_camera_gripper_moveit_config/lib/python3.10/site-packages'
[2.712s] colcon.colcon_core.environment Level 1 checking '/home/ubuntu/research_ws/ur10_pick_place_ws/install/ur10_camera_gripper_moveit_config/bin'
[2.713s] colcon.colcon_core.shell INFO Creating package script '/home/ubuntu/research_ws/ur10_pick_place_ws/install/ur10_camera_gripper_moveit_config/share/ur10_camera_gripper_moveit_config/package.ps1'
[2.715s] colcon.colcon_core.shell INFO Creating package descriptor '/home/ubuntu/research_ws/ur10_pick_place_ws/install/ur10_camera_gripper_moveit_config/share/ur10_camera_gripper_moveit_config/package.dsv'
[2.717s] colcon.colcon_core.shell INFO Creating package script '/home/ubuntu/research_ws/ur10_pick_place_ws/install/ur10_camera_gripper_moveit_config/share/ur10_camera_gripper_moveit_config/package.sh'
[2.718s] colcon.colcon_core.shell INFO Creating package script '/home/ubuntu/research_ws/ur10_pick_place_ws/install/ur10_camera_gripper_moveit_config/share/ur10_camera_gripper_moveit_config/package.bash'
[2.720s] colcon.colcon_core.shell INFO Creating package script '/home/ubuntu/research_ws/ur10_pick_place_ws/install/ur10_camera_gripper_moveit_config/share/ur10_camera_gripper_moveit_config/package.zsh'
[2.721s] colcon.colcon_core.environment Level 1 create_file_with_runtime_dependencies(/home/ubuntu/research_ws/ur10_pick_place_ws/install/ur10_camera_gripper_moveit_config/share/colcon-core/packages/ur10_camera_gripper_moveit_config)
[2.723s] colcon.colcon_ros.task.ament_cmake.build INFO Building ROS package in '/home/ubuntu/research_ws/ur10_pick_place_ws/src/ur10_pick_place' with build type 'ament_cmake'
[2.723s] colcon.colcon_cmake.task.cmake.build INFO Building CMake package in '/home/ubuntu/research_ws/ur10_pick_place_ws/src/ur10_pick_place'
[2.724s] colcon.colcon_core.shell INFO Skip shell extension 'powershell' for command environment: Not usable outside of PowerShell
[2.724s] colcon.colcon_core.shell DEBUG Skip shell extension 'dsv' for command environment
[2.745s] colcon.colcon_core.event_handler.log_command DEBUG Invoked command in '/home/ubuntu/research_ws/ur10_pick_place_ws/build/robotiq_3f_interfaces' returned '0': CMAKE_PREFIX_PATH=${CMAKE_PREFIX_PATH}:/home/ubuntu/ur_camera_ws/install/pick_place:/home/ubuntu/ur_camera_ws/install/easy_handeye2:/opt/ros/humble /usr/bin/cmake --build /home/ubuntu/research_ws/ur10_pick_place_ws/build/robotiq_3f_interfaces -- -j12 -l12
[2.747s] colcon.colcon_core.event_handler.log_command DEBUG Invoking command in '/home/ubuntu/research_ws/ur10_pick_place_ws/build/robotiq_3f_interfaces': CMAKE_PREFIX_PATH=${CMAKE_PREFIX_PATH}:/home/ubuntu/ur_camera_ws/install/pick_place:/home/ubuntu/ur_camera_ws/install/easy_handeye2:/opt/ros/humble /usr/bin/cmake --install /home/ubuntu/research_ws/ur10_pick_place_ws/build/robotiq_3f_interfaces
[2.760s] colcon.colcon_core.event_handler.log_command DEBUG Invoking command in '/home/ubuntu/research_ws/ur10_pick_place_ws/build/ur10_pick_place': AMENT_PREFIX_PATH=/home/ubuntu/research_ws/ur10_pick_place_ws/install/ur10_camera_gripper_moveit_config:/home/ubuntu/research_ws/ur10_pick_place_ws/install/ur_yt_sim:/home/ubuntu/research_ws/ur10_pick_place_ws/install/robotiq_3f_description:/home/ubuntu/research_ws/ur10_pick_place_ws/install/linkattacher_msgs:${AMENT_PREFIX_PATH} CMAKE_PREFIX_PATH=/home/ubuntu/research_ws/ur10_pick_place_ws/install/ur10_camera_gripper_moveit_config:/home/ubuntu/research_ws/ur10_pick_place_ws/install/ur_yt_sim:/home/ubuntu/research_ws/ur10_pick_place_ws/install/robotiq_3f_description:/home/ubuntu/research_ws/ur10_pick_place_ws/install/linkattacher_msgs:/home/ubuntu/ur_camera_ws/install/ur_moveit_config:/home/ubuntu/ur_camera_ws/install/easy_handeye2_msgs:/home/ubuntu/ur_camera_ws/install/depthai-ros:/home/ubuntu/ur_camera_ws/install/depthai_ros_driver:/home/ubuntu/ur_camera_ws/install/depthai_filters:/home/ubuntu/ur_camera_ws/install/depthai_examples:/home/ubuntu/ur_camera_ws/install/depthai_bridge:/home/ubuntu/ur_camera_ws/install/depthai_ros_msgs:/home/ubuntu/ur_camera_ws/install/depthai_descriptions:/home/ubuntu/ur_camera_ws/install/pick_place:/home/ubuntu/ur_camera_ws/install/easy_handeye2:/opt/ros/humble LD_LIBRARY_PATH=/home/ubuntu/research_ws/ur10_pick_place_ws/install/linkattacher_msgs/lib:${LD_LIBRARY_PATH} PYTHONPATH=/home/ubuntu/research_ws/ur10_pick_place_ws/install/linkattacher_msgs/local/lib/python3.10/dist-packages:${PYTHONPATH} /usr/bin/cmake --build /home/ubuntu/research_ws/ur10_pick_place_ws/build/ur10_pick_place -- -j12 -l12
[2.840s] colcon.colcon_core.event_handler.log_command DEBUG Invoked command in '/home/ubuntu/research_ws/ur10_pick_place_ws/build/ur10_pick_place' returned '0': AMENT_PREFIX_PATH=/home/ubuntu/research_ws/ur10_pick_place_ws/install/ur10_camera_gripper_moveit_config:/home/ubuntu/research_ws/ur10_pick_place_ws/install/ur_yt_sim:/home/ubuntu/research_ws/ur10_pick_place_ws/install/robotiq_3f_description:/home/ubuntu/research_ws/ur10_pick_place_ws/install/linkattacher_msgs:${AMENT_PREFIX_PATH} CMAKE_PREFIX_PATH=/home/ubuntu/research_ws/ur10_pick_place_ws/install/ur10_camera_gripper_moveit_config:/home/ubuntu/research_ws/ur10_pick_place_ws/install/ur_yt_sim:/home/ubuntu/research_ws/ur10_pick_place_ws/install/robotiq_3f_description:/home/ubuntu/research_ws/ur10_pick_place_ws/install/linkattacher_msgs:/home/ubuntu/ur_camera_ws/install/ur_moveit_config:/home/ubuntu/ur_camera_ws/install/easy_handeye2_msgs:/home/ubuntu/ur_camera_ws/install/depthai-ros:/home/ubuntu/ur_camera_ws/install/depthai_ros_driver:/home/ubuntu/ur_camera_ws/install/depthai_filters:/home/ubuntu/ur_camera_ws/install/depthai_examples:/home/ubuntu/ur_camera_ws/install/depthai_bridge:/home/ubuntu/ur_camera_ws/install/depthai_ros_msgs:/home/ubuntu/ur_camera_ws/install/depthai_descriptions:/home/ubuntu/ur_camera_ws/install/pick_place:/home/ubuntu/ur_camera_ws/install/easy_handeye2:/opt/ros/humble LD_LIBRARY_PATH=/home/ubuntu/research_ws/ur10_pick_place_ws/install/linkattacher_msgs/lib:${LD_LIBRARY_PATH} PYTHONPATH=/home/ubuntu/research_ws/ur10_pick_place_ws/install/linkattacher_msgs/local/lib/python3.10/dist-packages:${PYTHONPATH} /usr/bin/cmake --build /home/ubuntu/research_ws/ur10_pick_place_ws/build/ur10_pick_place -- -j12 -l12
[2.842s] colcon.colcon_core.event_handler.log_command DEBUG Invoking command in '/home/ubuntu/research_ws/ur10_pick_place_ws/build/ur10_pick_place': AMENT_PREFIX_PATH=/home/ubuntu/research_ws/ur10_pick_place_ws/install/ur10_camera_gripper_moveit_config:/home/ubuntu/research_ws/ur10_pick_place_ws/install/ur_yt_sim:/home/ubuntu/research_ws/ur10_pick_place_ws/install/robotiq_3f_description:/home/ubuntu/research_ws/ur10_pick_place_ws/install/linkattacher_msgs:${AMENT_PREFIX_PATH} CMAKE_PREFIX_PATH=/home/ubuntu/research_ws/ur10_pick_place_ws/install/ur10_camera_gripper_moveit_config:/home/ubuntu/research_ws/ur10_pick_place_ws/install/ur_yt_sim:/home/ubuntu/research_ws/ur10_pick_place_ws/install/robotiq_3f_description:/home/ubuntu/research_ws/ur10_pick_place_ws/install/linkattacher_msgs:/home/ubuntu/ur_camera_ws/install/ur_moveit_config:/home/ubuntu/ur_camera_ws/install/easy_handeye2_msgs:/home/ubuntu/ur_camera_ws/install/depthai-ros:/home/ubuntu/ur_camera_ws/install/depthai_ros_driver:/home/ubuntu/ur_camera_ws/install/depthai_filters:/home/ubuntu/ur_camera_ws/install/depthai_examples:/home/ubuntu/ur_camera_ws/install/depthai_bridge:/home/ubuntu/ur_camera_ws/install/depthai_ros_msgs:/home/ubuntu/ur_camera_ws/install/depthai_descriptions:/home/ubuntu/ur_camera_ws/install/pick_place:/home/ubuntu/ur_camera_ws/install/easy_handeye2:/opt/ros/humble LD_LIBRARY_PATH=/home/ubuntu/research_ws/ur10_pick_place_ws/install/linkattacher_msgs/lib:${LD_LIBRARY_PATH} PYTHONPATH=/home/ubuntu/research_ws/ur10_pick_place_ws/install/linkattacher_msgs/local/lib/python3.10/dist-packages:${PYTHONPATH} /usr/bin/cmake --install /home/ubuntu/research_ws/ur10_pick_place_ws/build/ur10_pick_place
[2.867s] colcon.colcon_core.environment Level 1 create_environment_scripts_only(ur10_pick_place)
[2.868s] colcon.colcon_core.environment Level 1 checking '/home/ubuntu/research_ws/ur10_pick_place_ws/install/ur10_pick_place' for CMake module files
[2.868s] colcon.colcon_core.event_handler.log_command DEBUG Invoked command in '/home/ubuntu/research_ws/ur10_pick_place_ws/build/ur10_pick_place' returned '0': AMENT_PREFIX_PATH=/home/ubuntu/research_ws/ur10_pick_place_ws/install/ur10_camera_gripper_moveit_config:/home/ubuntu/research_ws/ur10_pick_place_ws/install/ur_yt_sim:/home/ubuntu/research_ws/ur10_pick_place_ws/install/robotiq_3f_description:/home/ubuntu/research_ws/ur10_pick_place_ws/install/linkattacher_msgs:${AMENT_PREFIX_PATH} CMAKE_PREFIX_PATH=/home/ubuntu/research_ws/ur10_pick_place_ws/install/ur10_camera_gripper_moveit_config:/home/ubuntu/research_ws/ur10_pick_place_ws/install/ur_yt_sim:/home/ubuntu/research_ws/ur10_pick_place_ws/install/robotiq_3f_description:/home/ubuntu/research_ws/ur10_pick_place_ws/install/linkattacher_msgs:/home/ubuntu/ur_camera_ws/install/ur_moveit_config:/home/ubuntu/ur_camera_ws/install/easy_handeye2_msgs:/home/ubuntu/ur_camera_ws/install/depthai-ros:/home/ubuntu/ur_camera_ws/install/depthai_ros_driver:/home/ubuntu/ur_camera_ws/install/depthai_filters:/home/ubuntu/ur_camera_ws/install/depthai_examples:/home/ubuntu/ur_camera_ws/install/depthai_bridge:/home/ubuntu/ur_camera_ws/install/depthai_ros_msgs:/home/ubuntu/ur_camera_ws/install/depthai_descriptions:/home/ubuntu/ur_camera_ws/install/pick_place:/home/ubuntu/ur_camera_ws/install/easy_handeye2:/opt/ros/humble LD_LIBRARY_PATH=/home/ubuntu/research_ws/ur10_pick_place_ws/install/linkattacher_msgs/lib:${LD_LIBRARY_PATH} PYTHONPATH=/home/ubuntu/research_ws/ur10_pick_place_ws/install/linkattacher_msgs/local/lib/python3.10/dist-packages:${PYTHONPATH} /usr/bin/cmake --install /home/ubuntu/research_ws/ur10_pick_place_ws/build/ur10_pick_place
[2.869s] colcon.colcon_core.environment Level 1 checking '/home/ubuntu/research_ws/ur10_pick_place_ws/install/ur10_pick_place' for CMake config files
[2.870s] colcon.colcon_core.shell Level 1 create_environment_hook('ur10_pick_place', 'cmake_prefix_path')
[2.871s] colcon.colcon_core.shell INFO Creating environment hook '/home/ubuntu/research_ws/ur10_pick_place_ws/install/ur10_pick_place/share/ur10_pick_place/hook/cmake_prefix_path.ps1'
[2.872s] colcon.colcon_core.shell INFO Creating environment descriptor '/home/ubuntu/research_ws/ur10_pick_place_ws/install/ur10_pick_place/share/ur10_pick_place/hook/cmake_prefix_path.dsv'
[2.873s] colcon.colcon_core.shell INFO Creating environment hook '/home/ubuntu/research_ws/ur10_pick_place_ws/install/ur10_pick_place/share/ur10_pick_place/hook/cmake_prefix_path.sh'
[2.874s] colcon.colcon_core.environment Level 1 checking '/home/ubuntu/research_ws/ur10_pick_place_ws/install/ur10_pick_place/bin'
[2.874s] colcon.colcon_core.environment Level 1 checking '/home/ubuntu/research_ws/ur10_pick_place_ws/install/ur10_pick_place/lib/pkgconfig/ur10_pick_place.pc'
[2.874s] colcon.colcon_core.environment Level 1 checking '/home/ubuntu/research_ws/ur10_pick_place_ws/install/ur10_pick_place/lib/python3.10/site-packages'
[2.875s] colcon.colcon_core.environment Level 1 checking '/home/ubuntu/research_ws/ur10_pick_place_ws/install/ur10_pick_place/bin'
[2.876s] colcon.colcon_core.shell INFO Creating package script '/home/ubuntu/research_ws/ur10_pick_place_ws/install/ur10_pick_place/share/ur10_pick_place/package.ps1'
[2.877s] colcon.colcon_core.shell INFO Creating package descriptor '/home/ubuntu/research_ws/ur10_pick_place_ws/install/ur10_pick_place/share/ur10_pick_place/package.dsv'
[2.878s] colcon.colcon_core.shell INFO Creating package script '/home/ubuntu/research_ws/ur10_pick_place_ws/install/ur10_pick_place/share/ur10_pick_place/package.sh'
[2.879s] colcon.colcon_core.shell INFO Creating package script '/home/ubuntu/research_ws/ur10_pick_place_ws/install/ur10_pick_place/share/ur10_pick_place/package.bash'
[2.880s] colcon.colcon_core.shell INFO Creating package script '/home/ubuntu/research_ws/ur10_pick_place_ws/install/ur10_pick_place/share/ur10_pick_place/package.zsh'
[2.881s] colcon.colcon_core.environment Level 1 create_file_with_runtime_dependencies(/home/ubuntu/research_ws/ur10_pick_place_ws/install/ur10_pick_place/share/colcon-core/packages/ur10_pick_place)
[2.882s] colcon.colcon_core.environment Level 1 create_environment_scripts_only(ur10_pick_place)
[2.883s] colcon.colcon_core.environment Level 1 checking '/home/ubuntu/research_ws/ur10_pick_place_ws/install/ur10_pick_place' for CMake module files
[2.885s] colcon.colcon_core.environment Level 1 checking '/home/ubuntu/research_ws/ur10_pick_place_ws/install/ur10_pick_place' for CMake config files
[2.886s] colcon.colcon_core.shell Level 1 create_environment_hook('ur10_pick_place', 'cmake_prefix_path')
[2.887s] colcon.colcon_core.shell INFO Creating environment hook '/home/ubuntu/research_ws/ur10_pick_place_ws/install/ur10_pick_place/share/ur10_pick_place/hook/cmake_prefix_path.ps1'
[2.889s] colcon.colcon_core.shell INFO Creating environment descriptor '/home/ubuntu/research_ws/ur10_pick_place_ws/install/ur10_pick_place/share/ur10_pick_place/hook/cmake_prefix_path.dsv'
[2.890s] colcon.colcon_core.shell INFO Creating environment hook '/home/ubuntu/research_ws/ur10_pick_place_ws/install/ur10_pick_place/share/ur10_pick_place/hook/cmake_prefix_path.sh'
[2.892s] colcon.colcon_core.environment Level 1 checking '/home/ubuntu/research_ws/ur10_pick_place_ws/install/ur10_pick_place/bin'
[2.892s] colcon.colcon_core.environment Level 1 checking '/home/ubuntu/research_ws/ur10_pick_place_ws/install/ur10_pick_place/lib/pkgconfig/ur10_pick_place.pc'
[2.893s] colcon.colcon_core.environment Level 1 checking '/home/ubuntu/research_ws/ur10_pick_place_ws/install/ur10_pick_place/lib/python3.10/site-packages'
[2.894s] colcon.colcon_core.environment Level 1 checking '/home/ubuntu/research_ws/ur10_pick_place_ws/install/ur10_pick_place/bin'
[2.895s] colcon.colcon_core.shell INFO Creating package script '/home/ubuntu/research_ws/ur10_pick_place_ws/install/ur10_pick_place/share/ur10_pick_place/package.ps1'
[2.897s] colcon.colcon_core.shell INFO Creating package descriptor '/home/ubuntu/research_ws/ur10_pick_place_ws/install/ur10_pick_place/share/ur10_pick_place/package.dsv'
[2.898s] colcon.colcon_core.shell INFO Creating package script '/home/ubuntu/research_ws/ur10_pick_place_ws/install/ur10_pick_place/share/ur10_pick_place/package.sh'
[2.900s] colcon.colcon_core.shell INFO Creating package script '/home/ubuntu/research_ws/ur10_pick_place_ws/install/ur10_pick_place/share/ur10_pick_place/package.bash'
[2.901s] colcon.colcon_core.shell INFO Creating package script '/home/ubuntu/research_ws/ur10_pick_place_ws/install/ur10_pick_place/share/ur10_pick_place/package.zsh'
[2.902s] colcon.colcon_core.environment Level 1 create_file_with_runtime_dependencies(/home/ubuntu/research_ws/ur10_pick_place_ws/install/ur10_pick_place/share/colcon-core/packages/ur10_pick_place)
[2.906s] colcon.colcon_core.environment Level 1 create_environment_scripts_only(robotiq_3f_interfaces)
[2.906s] colcon.colcon_core.environment Level 1 checking '/home/ubuntu/research_ws/ur10_pick_place_ws/install/robotiq_3f_interfaces' for CMake module files
[2.913s] colcon.colcon_core.environment Level 1 checking '/home/ubuntu/research_ws/ur10_pick_place_ws/install/robotiq_3f_interfaces' for CMake config files
[2.928s] colcon.colcon_core.shell Level 1 create_environment_hook('robotiq_3f_interfaces', 'cmake_prefix_path')
[2.929s] colcon.colcon_core.shell INFO Creating environment hook '/home/ubuntu/research_ws/ur10_pick_place_ws/install/robotiq_3f_interfaces/share/robotiq_3f_interfaces/hook/cmake_prefix_path.ps1'
[2.932s] colcon.colcon_core.shell INFO Creating environment descriptor '/home/ubuntu/research_ws/ur10_pick_place_ws/install/robotiq_3f_interfaces/share/robotiq_3f_interfaces/hook/cmake_prefix_path.dsv'
[2.934s] colcon.colcon_core.event_handler.log_command DEBUG Invoked command in '/home/ubuntu/research_ws/ur10_pick_place_ws/build/robotiq_3f_interfaces' returned '0': CMAKE_PREFIX_PATH=${CMAKE_PREFIX_PATH}:/home/ubuntu/ur_camera_ws/install/pick_place:/home/ubuntu/ur_camera_ws/install/easy_handeye2:/opt/ros/humble /usr/bin/cmake --install /home/ubuntu/research_ws/ur10_pick_place_ws/build/robotiq_3f_interfaces
[2.935s] colcon.colcon_core.shell INFO Creating environment hook '/home/ubuntu/research_ws/ur10_pick_place_ws/install/robotiq_3f_interfaces/share/robotiq_3f_interfaces/hook/cmake_prefix_path.sh'
[2.937s] colcon.colcon_core.environment Level 1 checking '/home/ubuntu/research_ws/ur10_pick_place_ws/install/robotiq_3f_interfaces/lib'
[2.937s] colcon.colcon_core.shell Level 1 create_environment_hook('robotiq_3f_interfaces', 'ld_library_path_lib')
[2.938s] colcon.colcon_core.shell INFO Creating environment hook '/home/ubuntu/research_ws/ur10_pick_place_ws/install/robotiq_3f_interfaces/share/robotiq_3f_interfaces/hook/ld_library_path_lib.ps1'
[2.940s] colcon.colcon_core.shell INFO Creating environment descriptor '/home/ubuntu/research_ws/ur10_pick_place_ws/install/robotiq_3f_interfaces/share/robotiq_3f_interfaces/hook/ld_library_path_lib.dsv'
[2.941s] colcon.colcon_core.shell INFO Creating environment hook '/home/ubuntu/research_ws/ur10_pick_place_ws/install/robotiq_3f_interfaces/share/robotiq_3f_interfaces/hook/ld_library_path_lib.sh'
[2.942s] colcon.colcon_core.environment Level 1 checking '/home/ubuntu/research_ws/ur10_pick_place_ws/install/robotiq_3f_interfaces/bin'
[2.942s] colcon.colcon_core.environment Level 1 checking '/home/ubuntu/research_ws/ur10_pick_place_ws/install/robotiq_3f_interfaces/lib/pkgconfig/robotiq_3f_interfaces.pc'
[2.943s] colcon.colcon_core.environment Level 1 checking '/home/ubuntu/research_ws/ur10_pick_place_ws/install/robotiq_3f_interfaces/lib/python3.10/site-packages'
[2.945s] colcon.colcon_core.environment Level 1 checking '/home/ubuntu/research_ws/ur10_pick_place_ws/install/robotiq_3f_interfaces/bin'
[2.946s] colcon.colcon_core.shell INFO Creating package script '/home/ubuntu/research_ws/ur10_pick_place_ws/install/robotiq_3f_interfaces/share/robotiq_3f_interfaces/package.ps1'
[2.948s] colcon.colcon_core.shell INFO Creating package descriptor '/home/ubuntu/research_ws/ur10_pick_place_ws/install/robotiq_3f_interfaces/share/robotiq_3f_interfaces/package.dsv'
[2.949s] colcon.colcon_core.shell INFO Creating package script '/home/ubuntu/research_ws/ur10_pick_place_ws/install/robotiq_3f_interfaces/share/robotiq_3f_interfaces/package.sh'
[2.951s] colcon.colcon_core.shell INFO Creating package script '/home/ubuntu/research_ws/ur10_pick_place_ws/install/robotiq_3f_interfaces/share/robotiq_3f_interfaces/package.bash'
[2.952s] colcon.colcon_core.shell INFO Creating package script '/home/ubuntu/research_ws/ur10_pick_place_ws/install/robotiq_3f_interfaces/share/robotiq_3f_interfaces/package.zsh'
[2.953s] colcon.colcon_core.environment Level 1 create_file_with_runtime_dependencies(/home/ubuntu/research_ws/ur10_pick_place_ws/install/robotiq_3f_interfaces/share/colcon-core/packages/robotiq_3f_interfaces)
[2.956s] colcon.colcon_core.environment Level 1 create_environment_scripts_only(robotiq_3f_interfaces)
[2.956s] colcon.colcon_core.environment Level 1 checking '/home/ubuntu/research_ws/ur10_pick_place_ws/install/robotiq_3f_interfaces' for CMake module files
[2.958s] colcon.colcon_core.environment Level 1 checking '/home/ubuntu/research_ws/ur10_pick_place_ws/install/robotiq_3f_interfaces' for CMake config files
[2.961s] colcon.colcon_core.shell Level 1 create_environment_hook('robotiq_3f_interfaces', 'cmake_prefix_path')
[2.962s] colcon.colcon_core.shell INFO Creating environment hook '/home/ubuntu/research_ws/ur10_pick_place_ws/install/robotiq_3f_interfaces/share/robotiq_3f_interfaces/hook/cmake_prefix_path.ps1'
[2.963s] colcon.colcon_core.shell INFO Creating environment descriptor '/home/ubuntu/research_ws/ur10_pick_place_ws/install/robotiq_3f_interfaces/share/robotiq_3f_interfaces/hook/cmake_prefix_path.dsv'
[2.965s] colcon.colcon_core.shell INFO Creating environment hook '/home/ubuntu/research_ws/ur10_pick_place_ws/install/robotiq_3f_interfaces/share/robotiq_3f_interfaces/hook/cmake_prefix_path.sh'
[2.966s] colcon.colcon_core.environment Level 1 checking '/home/ubuntu/research_ws/ur10_pick_place_ws/install/robotiq_3f_interfaces/lib'
[2.966s] colcon.colcon_core.shell Level 1 create_environment_hook('robotiq_3f_interfaces', 'ld_library_path_lib')
[2.967s] colcon.colcon_core.shell INFO Creating environment hook '/home/ubuntu/research_ws/ur10_pick_place_ws/install/robotiq_3f_interfaces/share/robotiq_3f_interfaces/hook/ld_library_path_lib.ps1'
[2.968s] colcon.colcon_core.shell INFO Creating environment descriptor '/home/ubuntu/research_ws/ur10_pick_place_ws/install/robotiq_3f_interfaces/share/robotiq_3f_interfaces/hook/ld_library_path_lib.dsv'
[2.969s] colcon.colcon_core.shell INFO Creating environment hook '/home/ubuntu/research_ws/ur10_pick_place_ws/install/robotiq_3f_interfaces/share/robotiq_3f_interfaces/hook/ld_library_path_lib.sh'
[2.970s] colcon.colcon_core.environment Level 1 checking '/home/ubuntu/research_ws/ur10_pick_place_ws/install/robotiq_3f_interfaces/bin'
[2.971s] colcon.colcon_core.environment Level 1 checking '/home/ubuntu/research_ws/ur10_pick_place_ws/install/robotiq_3f_interfaces/lib/pkgconfig/robotiq_3f_interfaces.pc'
[2.971s] colcon.colcon_core.environment Level 1 checking '/home/ubuntu/research_ws/ur10_pick_place_ws/install/robotiq_3f_interfaces/lib/python3.10/site-packages'
[2.972s] colcon.colcon_core.environment Level 1 checking '/home/ubuntu/research_ws/ur10_pick_place_ws/install/robotiq_3f_interfaces/bin'
[2.973s] colcon.colcon_core.shell INFO Creating package script '/home/ubuntu/research_ws/ur10_pick_place_ws/install/robotiq_3f_interfaces/share/robotiq_3f_interfaces/package.ps1'
[2.975s] colcon.colcon_core.shell INFO Creating package descriptor '/home/ubuntu/research_ws/ur10_pick_place_ws/install/robotiq_3f_interfaces/share/robotiq_3f_interfaces/package.dsv'
[2.976s] colcon.colcon_core.shell INFO Creating package script '/home/ubuntu/research_ws/ur10_pick_place_ws/install/robotiq_3f_interfaces/share/robotiq_3f_interfaces/package.sh'
[2.977s] colcon.colcon_core.shell INFO Creating package script '/home/ubuntu/research_ws/ur10_pick_place_ws/install/robotiq_3f_interfaces/share/robotiq_3f_interfaces/package.bash'
[2.978s] colcon.colcon_core.shell INFO Creating package script '/home/ubuntu/research_ws/ur10_pick_place_ws/install/robotiq_3f_interfaces/share/robotiq_3f_interfaces/package.zsh'
[2.979s] colcon.colcon_core.environment Level 1 create_file_with_runtime_dependencies(/home/ubuntu/research_ws/ur10_pick_place_ws/install/robotiq_3f_interfaces/share/colcon-core/packages/robotiq_3f_interfaces)
[2.987s] colcon.colcon_core.event_handler.log_command DEBUG Invoking command in '/home/ubuntu/research_ws/ur10_pick_place_ws/src/grasp_executor': PYTHONPATH=/home/ubuntu/research_ws/ur10_pick_place_ws/build/grasp_executor/prefix_override:/usr/lib/python3/dist-packages/colcon_core/task/python/colcon_distutils_commands:/home/ubuntu/research_ws/ur10_pick_place_ws/install/grasp_executor/lib/python3.10/site-packages:${PYTHONPATH} /usr/bin/python3 -W ignore:setup.py install is deprecated -W ignore:easy_install command is deprecated setup.py egg_info --egg-base ../../build/grasp_executor build --build-base /home/ubuntu/research_ws/ur10_pick_place_ws/build/grasp_executor/build install --record /home/ubuntu/research_ws/ur10_pick_place_ws/build/grasp_executor/install.log --single-version-externally-managed install_data
[3.752s] colcon.colcon_core.environment Level 1 checking '/home/ubuntu/research_ws/ur10_pick_place_ws/install/grasp_executor' for CMake module files
[3.754s] colcon.colcon_core.event_handler.log_command DEBUG Invoked command in '/home/ubuntu/research_ws/ur10_pick_place_ws/src/grasp_executor' returned '0': PYTHONPATH=/home/ubuntu/research_ws/ur10_pick_place_ws/build/grasp_executor/prefix_override:/usr/lib/python3/dist-packages/colcon_core/task/python/colcon_distutils_commands:/home/ubuntu/research_ws/ur10_pick_place_ws/install/grasp_executor/lib/python3.10/site-packages:${PYTHONPATH} /usr/bin/python3 -W ignore:setup.py install is deprecated -W ignore:easy_install command is deprecated setup.py egg_info --egg-base ../../build/grasp_executor build --build-base /home/ubuntu/research_ws/ur10_pick_place_ws/build/grasp_executor/build install --record /home/ubuntu/research_ws/ur10_pick_place_ws/build/grasp_executor/install.log --single-version-externally-managed install_data
[3.755s] colcon.colcon_core.environment Level 1 checking '/home/ubuntu/research_ws/ur10_pick_place_ws/install/grasp_executor' for CMake config files
[3.757s] colcon.colcon_core.environment Level 1 checking '/home/ubuntu/research_ws/ur10_pick_place_ws/install/grasp_executor/lib'
[3.757s] colcon.colcon_core.environment Level 1 checking '/home/ubuntu/research_ws/ur10_pick_place_ws/install/grasp_executor/bin'
[3.757s] colcon.colcon_core.environment Level 1 checking '/home/ubuntu/research_ws/ur10_pick_place_ws/install/grasp_executor/lib/pkgconfig/grasp_executor.pc'
[3.758s] colcon.colcon_core.environment Level 1 checking '/home/ubuntu/research_ws/ur10_pick_place_ws/install/grasp_executor/lib/python3.10/site-packages'
[3.758s] colcon.colcon_core.shell Level 1 create_environment_hook('grasp_executor', 'pythonpath')
[3.759s] colcon.colcon_core.shell INFO Creating environment hook '/home/ubuntu/research_ws/ur10_pick_place_ws/install/grasp_executor/share/grasp_executor/hook/pythonpath.ps1'
[3.761s] colcon.colcon_core.shell INFO Creating environment descriptor '/home/ubuntu/research_ws/ur10_pick_place_ws/install/grasp_executor/share/grasp_executor/hook/pythonpath.dsv'
[3.763s] colcon.colcon_core.shell INFO Creating environment hook '/home/ubuntu/research_ws/ur10_pick_place_ws/install/grasp_executor/share/grasp_executor/hook/pythonpath.sh'
[3.766s] colcon.colcon_core.environment Level 1 checking '/home/ubuntu/research_ws/ur10_pick_place_ws/install/grasp_executor/bin'
[3.766s] colcon.colcon_core.environment Level 1 create_environment_scripts_only(grasp_executor)
[3.766s] colcon.colcon_core.shell INFO Creating package script '/home/ubuntu/research_ws/ur10_pick_place_ws/install/grasp_executor/share/grasp_executor/package.ps1'
[3.768s] colcon.colcon_core.shell INFO Creating package descriptor '/home/ubuntu/research_ws/ur10_pick_place_ws/install/grasp_executor/share/grasp_executor/package.dsv'
[3.769s] colcon.colcon_core.shell INFO Creating package script '/home/ubuntu/research_ws/ur10_pick_place_ws/install/grasp_executor/share/grasp_executor/package.sh'
[3.769s] colcon.colcon_core.shell INFO Creating package script '/home/ubuntu/research_ws/ur10_pick_place_ws/install/grasp_executor/share/grasp_executor/package.bash'
[3.770s] colcon.colcon_core.shell INFO Creating package script '/home/ubuntu/research_ws/ur10_pick_place_ws/install/grasp_executor/share/grasp_executor/package.zsh'
[3.771s] colcon.colcon_core.environment Level 1 create_file_with_runtime_dependencies(/home/ubuntu/research_ws/ur10_pick_place_ws/install/grasp_executor/share/colcon-core/packages/grasp_executor)
[3.772s] colcon.colcon_parallel_executor.executor.parallel DEBUG closing loop
[3.772s] colcon.colcon_parallel_executor.executor.parallel DEBUG loop closed
[3.773s] colcon.colcon_parallel_executor.executor.parallel DEBUG run_until_complete finished with '0'
[3.773s] colcon.colcon_core.event_reactor DEBUG joining thread
[3.803s] colcon.colcon_core.plugin_system INFO Skipping extension 'colcon_notification.desktop_notification.terminal_notifier': Not used on non-Darwin systems
[3.803s] colcon.colcon_core.plugin_system INFO Skipping extension 'colcon_notification.desktop_notification.win32': Not used on non-Windows systems
[3.803s] colcon.colcon_notification.desktop_notification INFO Sending desktop notification using 'notify2'
[3.867s] colcon.colcon_core.event_reactor DEBUG joined thread
[3.869s] colcon.colcon_core.shell INFO Creating prefix script '/home/ubuntu/research_ws/ur10_pick_place_ws/install/local_setup.ps1'
[3.873s] colcon.colcon_core.shell INFO Creating prefix util module '/home/ubuntu/research_ws/ur10_pick_place_ws/install/_local_setup_util_ps1.py'
[3.878s] colcon.colcon_core.shell INFO Creating prefix chain script '/home/ubuntu/research_ws/ur10_pick_place_ws/install/setup.ps1'
[3.884s] colcon.colcon_core.shell INFO Creating prefix script '/home/ubuntu/research_ws/ur10_pick_place_ws/install/local_setup.sh'
[3.886s] colcon.colcon_core.shell INFO Creating prefix util module '/home/ubuntu/research_ws/ur10_pick_place_ws/install/_local_setup_util_sh.py'
[3.888s] colcon.colcon_core.shell INFO Creating prefix chain script '/home/ubuntu/research_ws/ur10_pick_place_ws/install/setup.sh'
[3.894s] colcon.colcon_core.shell INFO Creating prefix script '/home/ubuntu/research_ws/ur10_pick_place_ws/install/local_setup.bash'
[3.896s] colcon.colcon_core.shell INFO Creating prefix chain script '/home/ubuntu/research_ws/ur10_pick_place_ws/install/setup.bash'
[3.901s] colcon.colcon_core.shell INFO Creating prefix script '/home/ubuntu/research_ws/ur10_pick_place_ws/install/local_setup.zsh'
[3.903s] colcon.colcon_core.shell INFO Creating prefix chain script '/home/ubuntu/research_ws/ur10_pick_place_ws/install/setup.zsh'
