[0.304s] colcon DEBUG Command line arguments: ['/usr/bin/colcon', 'build', '--cmake-args', '-DCMAKE_BUILD_TYPE=Release']
[0.304s] colcon DEBUG Parsed command line arguments: Namespace(log_base=None, log_level=None, verb_name='build', build_base='build', install_base='install', merge_install=False, symlink_install=False, test_result_base=None, continue_on_error=False, executor='parallel', parallel_workers=12, event_handlers=None, ignore_user_meta=False, metas=['./colcon.meta'], base_paths=['.'], packages_ignore=None, packages_ignore_regex=None, paths=None, packages_up_to=None, packages_up_to_regex=None, packages_above=None, packages_above_and_dependencies=None, packages_above_depth=None, packages_select_by_dep=None, packages_skip_by_dep=None, packages_skip_up_to=None, packages_select_build_failed=False, packages_skip_build_finished=False, packages_select_test_failures=False, packages_skip_test_passed=False, packages_select=None, packages_skip=None, packages_select_regex=None, packages_skip_regex=None, packages_start=None, packages_end=None, allow_overriding=[], cmake_args=['-DCMAKE_BUILD_TYPE=Release'], cmake_target=None, cmake_target_skip_unavailable=False, cmake_clean_cache=False, cmake_clean_first=False, cmake_force_configure=False, ament_cmake_args=None, catkin_cmake_args=None, catkin_skip_building_tests=False, mixin_files=None, mixin=None, verb_parser=<colcon_mixin.mixin.mixin_argument.MixinArgumentDecorator object at 0xffff97194640>, verb_extension=<colcon_core.verb.build.BuildVerb object at 0xffff97194070>, main=<bound method BuildVerb.main of <colcon_core.verb.build.BuildVerb object at 0xffff97194070>>, mixin_verb=('build',))
[0.788s] colcon.colcon_core.package_discovery Level 1 discover_packages(colcon_meta) check parameters
[0.788s] colcon.colcon_core.package_discovery Level 1 discover_packages(recursive) check parameters
[0.788s] colcon.colcon_core.package_discovery Level 1 discover_packages(ignore) check parameters
[0.788s] colcon.colcon_core.package_discovery Level 1 discover_packages(path) check parameters
[0.788s] colcon.colcon_core.package_discovery Level 1 discover_packages(colcon_meta) discover
[0.788s] colcon.colcon_core.package_discovery Level 1 discover_packages(recursive) discover
[0.789s] colcon.colcon_core.package_discovery INFO Crawling recursively for packages in '/home/ubuntu/research_ws/ur10_pick_place_ws'
[0.789s] colcon.colcon_core.package_identification Level 1 _identify(.) by extensions ['ignore', 'ignore_ament_install']
[0.789s] colcon.colcon_core.package_identification Level 1 _identify(.) by extension 'ignore'
[0.789s] colcon.colcon_core.package_identification Level 1 _identify(.) by extension 'ignore_ament_install'
[0.789s] colcon.colcon_core.package_identification Level 1 _identify(.) by extensions ['colcon_pkg']
[0.789s] colcon.colcon_core.package_identification Level 1 _identify(.) by extension 'colcon_pkg'
[0.790s] colcon.colcon_core.package_identification Level 1 _identify(.) by extensions ['colcon_meta']
[0.790s] colcon.colcon_core.package_identification Level 1 _identify(.) by extension 'colcon_meta'
[0.790s] colcon.colcon_core.package_identification Level 1 _identify(.) by extensions ['ros']
[0.790s] colcon.colcon_core.package_identification Level 1 _identify(.) by extension 'ros'
[0.813s] colcon.colcon_core.package_identification Level 1 _identify(.) by extensions ['cmake', 'python']
[0.813s] colcon.colcon_core.package_identification Level 1 _identify(.) by extension 'cmake'
[0.813s] colcon.colcon_core.package_identification Level 1 _identify(.) by extension 'python'
[0.813s] colcon.colcon_core.package_identification Level 1 _identify(.) by extensions ['python_setup_py']
[0.814s] colcon.colcon_core.package_identification Level 1 _identify(.) by extension 'python_setup_py'
[0.814s] colcon.colcon_core.package_identification Level 1 _identify(build) by extensions ['ignore', 'ignore_ament_install']
[0.814s] colcon.colcon_core.package_identification Level 1 _identify(build) by extension 'ignore'
[0.814s] colcon.colcon_core.package_identification Level 1 _identify(build) ignored
[0.815s] colcon.colcon_core.package_identification Level 1 _identify(install) by extensions ['ignore', 'ignore_ament_install']
[0.815s] colcon.colcon_core.package_identification Level 1 _identify(install) by extension 'ignore'
[0.815s] colcon.colcon_core.package_identification Level 1 _identify(install) ignored
[0.815s] colcon.colcon_core.package_identification Level 1 _identify(log) by extensions ['ignore', 'ignore_ament_install']
[0.815s] colcon.colcon_core.package_identification Level 1 _identify(log) by extension 'ignore'
[0.815s] colcon.colcon_core.package_identification Level 1 _identify(log) ignored
[0.816s] colcon.colcon_core.package_identification Level 1 _identify(src) by extensions ['ignore', 'ignore_ament_install']
[0.816s] colcon.colcon_core.package_identification Level 1 _identify(src) by extension 'ignore'
[0.816s] colcon.colcon_core.package_identification Level 1 _identify(src) by extension 'ignore_ament_install'
[0.816s] colcon.colcon_core.package_identification Level 1 _identify(src) by extensions ['colcon_pkg']
[0.816s] colcon.colcon_core.package_identification Level 1 _identify(src) by extension 'colcon_pkg'
[0.816s] colcon.colcon_core.package_identification Level 1 _identify(src) by extensions ['colcon_meta']
[0.816s] colcon.colcon_core.package_identification Level 1 _identify(src) by extension 'colcon_meta'
[0.816s] colcon.colcon_core.package_identification Level 1 _identify(src) by extensions ['ros']
[0.816s] colcon.colcon_core.package_identification Level 1 _identify(src) by extension 'ros'
[0.817s] colcon.colcon_core.package_identification Level 1 _identify(src) by extensions ['cmake', 'python']
[0.817s] colcon.colcon_core.package_identification Level 1 _identify(src) by extension 'cmake'
[0.817s] colcon.colcon_core.package_identification Level 1 _identify(src) by extension 'python'
[0.817s] colcon.colcon_core.package_identification Level 1 _identify(src) by extensions ['python_setup_py']
[0.817s] colcon.colcon_core.package_identification Level 1 _identify(src) by extension 'python_setup_py'
[0.817s] colcon.colcon_core.package_identification Level 1 _identify(src/Universal_Robots_ROS2_Gazebo_Simulation) by extensions ['ignore', 'ignore_ament_install']
[0.817s] colcon.colcon_core.package_identification Level 1 _identify(src/Universal_Robots_ROS2_Gazebo_Simulation) by extension 'ignore'
[0.817s] colcon.colcon_core.package_identification Level 1 _identify(src/Universal_Robots_ROS2_Gazebo_Simulation) by extension 'ignore_ament_install'
[0.817s] colcon.colcon_core.package_identification Level 1 _identify(src/Universal_Robots_ROS2_Gazebo_Simulation) by extensions ['colcon_pkg']
[0.818s] colcon.colcon_core.package_identification Level 1 _identify(src/Universal_Robots_ROS2_Gazebo_Simulation) by extension 'colcon_pkg'
[0.818s] colcon.colcon_core.package_identification Level 1 _identify(src/Universal_Robots_ROS2_Gazebo_Simulation) by extensions ['colcon_meta']
[0.818s] colcon.colcon_core.package_identification Level 1 _identify(src/Universal_Robots_ROS2_Gazebo_Simulation) by extension 'colcon_meta'
[0.818s] colcon.colcon_core.package_identification Level 1 _identify(src/Universal_Robots_ROS2_Gazebo_Simulation) by extensions ['ros']
[0.818s] colcon.colcon_core.package_identification Level 1 _identify(src/Universal_Robots_ROS2_Gazebo_Simulation) by extension 'ros'
[0.818s] colcon.colcon_core.package_identification Level 1 _identify(src/Universal_Robots_ROS2_Gazebo_Simulation) by extensions ['cmake', 'python']
[0.818s] colcon.colcon_core.package_identification Level 1 _identify(src/Universal_Robots_ROS2_Gazebo_Simulation) by extension 'cmake'
[0.818s] colcon.colcon_core.package_identification Level 1 _identify(src/Universal_Robots_ROS2_Gazebo_Simulation) by extension 'python'
[0.818s] colcon.colcon_core.package_identification Level 1 _identify(src/Universal_Robots_ROS2_Gazebo_Simulation) by extensions ['python_setup_py']
[0.818s] colcon.colcon_core.package_identification Level 1 _identify(src/Universal_Robots_ROS2_Gazebo_Simulation) by extension 'python_setup_py'
[0.819s] colcon.colcon_core.package_identification Level 1 _identify(src/Universal_Robots_ROS2_Gazebo_Simulation/ur_simulation_gazebo) by extensions ['ignore', 'ignore_ament_install']
[0.819s] colcon.colcon_core.package_identification Level 1 _identify(src/Universal_Robots_ROS2_Gazebo_Simulation/ur_simulation_gazebo) by extension 'ignore'
[0.819s] colcon.colcon_core.package_identification Level 1 _identify(src/Universal_Robots_ROS2_Gazebo_Simulation/ur_simulation_gazebo) by extension 'ignore_ament_install'
[0.819s] colcon.colcon_core.package_identification Level 1 _identify(src/Universal_Robots_ROS2_Gazebo_Simulation/ur_simulation_gazebo) by extensions ['colcon_pkg']
[0.819s] colcon.colcon_core.package_identification Level 1 _identify(src/Universal_Robots_ROS2_Gazebo_Simulation/ur_simulation_gazebo) by extension 'colcon_pkg'
[0.819s] colcon.colcon_core.package_identification Level 1 _identify(src/Universal_Robots_ROS2_Gazebo_Simulation/ur_simulation_gazebo) by extensions ['colcon_meta']
[0.819s] colcon.colcon_core.package_identification Level 1 _identify(src/Universal_Robots_ROS2_Gazebo_Simulation/ur_simulation_gazebo) by extension 'colcon_meta'
[0.819s] colcon.colcon_core.package_identification Level 1 _identify(src/Universal_Robots_ROS2_Gazebo_Simulation/ur_simulation_gazebo) by extensions ['ros']
[0.819s] colcon.colcon_core.package_identification Level 1 _identify(src/Universal_Robots_ROS2_Gazebo_Simulation/ur_simulation_gazebo) by extension 'ros'
[0.827s] colcon.colcon_core.package_identification DEBUG Package 'src/Universal_Robots_ROS2_Gazebo_Simulation/ur_simulation_gazebo' with type 'ros.ament_cmake' and name 'ur_simulation_gazebo'
[0.827s] colcon.colcon_core.package_identification Level 1 _identify(src/grasp_executor) by extensions ['ignore', 'ignore_ament_install']
[0.828s] colcon.colcon_core.package_identification Level 1 _identify(src/grasp_executor) by extension 'ignore'
[0.828s] colcon.colcon_core.package_identification Level 1 _identify(src/grasp_executor) by extension 'ignore_ament_install'
[0.828s] colcon.colcon_core.package_identification Level 1 _identify(src/grasp_executor) by extensions ['colcon_pkg']
[0.828s] colcon.colcon_core.package_identification Level 1 _identify(src/grasp_executor) by extension 'colcon_pkg'
[0.828s] colcon.colcon_core.package_identification Level 1 _identify(src/grasp_executor) by extensions ['colcon_meta']
[0.828s] colcon.colcon_core.package_identification Level 1 _identify(src/grasp_executor) by extension 'colcon_meta'
[0.828s] colcon.colcon_core.package_identification Level 1 _identify(src/grasp_executor) by extensions ['ros']
[0.828s] colcon.colcon_core.package_identification Level 1 _identify(src/grasp_executor) by extension 'ros'
[0.830s] colcon.colcon_core.package_identification DEBUG Package 'src/grasp_executor' with type 'ros.ament_python' and name 'grasp_executor'
[0.830s] colcon.colcon_core.package_identification Level 1 _identify(src/linkattacher_msgs) by extensions ['ignore', 'ignore_ament_install']
[0.830s] colcon.colcon_core.package_identification Level 1 _identify(src/linkattacher_msgs) by extension 'ignore'
[0.830s] colcon.colcon_core.package_identification Level 1 _identify(src/linkattacher_msgs) by extension 'ignore_ament_install'
[0.830s] colcon.colcon_core.package_identification Level 1 _identify(src/linkattacher_msgs) by extensions ['colcon_pkg']
[0.831s] colcon.colcon_core.package_identification Level 1 _identify(src/linkattacher_msgs) by extension 'colcon_pkg'
[0.831s] colcon.colcon_core.package_identification Level 1 _identify(src/linkattacher_msgs) by extensions ['colcon_meta']
[0.831s] colcon.colcon_core.package_identification Level 1 _identify(src/linkattacher_msgs) by extension 'colcon_meta'
[0.831s] colcon.colcon_core.package_identification Level 1 _identify(src/linkattacher_msgs) by extensions ['ros']
[0.831s] colcon.colcon_core.package_identification Level 1 _identify(src/linkattacher_msgs) by extension 'ros'
[0.832s] colcon.colcon_core.package_identification DEBUG Package 'src/linkattacher_msgs' with type 'ros.ament_cmake' and name 'linkattacher_msgs'
[0.832s] colcon.colcon_core.package_identification Level 1 _identify(src/linkattacher_plugin) by extensions ['ignore', 'ignore_ament_install']
[0.832s] colcon.colcon_core.package_identification Level 1 _identify(src/linkattacher_plugin) by extension 'ignore'
[0.832s] colcon.colcon_core.package_identification Level 1 _identify(src/linkattacher_plugin) by extension 'ignore_ament_install'
[0.833s] colcon.colcon_core.package_identification Level 1 _identify(src/linkattacher_plugin) by extensions ['colcon_pkg']
[0.833s] colcon.colcon_core.package_identification Level 1 _identify(src/linkattacher_plugin) by extension 'colcon_pkg'
[0.833s] colcon.colcon_core.package_identification Level 1 _identify(src/linkattacher_plugin) by extensions ['colcon_meta']
[0.833s] colcon.colcon_core.package_identification Level 1 _identify(src/linkattacher_plugin) by extension 'colcon_meta'
[0.833s] colcon.colcon_core.package_identification Level 1 _identify(src/linkattacher_plugin) by extensions ['ros']
[0.833s] colcon.colcon_core.package_identification Level 1 _identify(src/linkattacher_plugin) by extension 'ros'
[0.835s] colcon.colcon_core.package_identification DEBUG Package 'src/linkattacher_plugin' with type 'ros.ament_cmake' and name 'ros2_linkattacher'
[0.835s] colcon.colcon_core.package_identification Level 1 _identify(src/ros2_robotiq_3f_gripper) by extensions ['ignore', 'ignore_ament_install']
[0.835s] colcon.colcon_core.package_identification Level 1 _identify(src/ros2_robotiq_3f_gripper) by extension 'ignore'
[0.835s] colcon.colcon_core.package_identification Level 1 _identify(src/ros2_robotiq_3f_gripper) by extension 'ignore_ament_install'
[0.835s] colcon.colcon_core.package_identification Level 1 _identify(src/ros2_robotiq_3f_gripper) by extensions ['colcon_pkg']
[0.835s] colcon.colcon_core.package_identification Level 1 _identify(src/ros2_robotiq_3f_gripper) by extension 'colcon_pkg'
[0.835s] colcon.colcon_core.package_identification Level 1 _identify(src/ros2_robotiq_3f_gripper) by extensions ['colcon_meta']
[0.835s] colcon.colcon_core.package_identification Level 1 _identify(src/ros2_robotiq_3f_gripper) by extension 'colcon_meta'
[0.836s] colcon.colcon_core.package_identification Level 1 _identify(src/ros2_robotiq_3f_gripper) by extensions ['ros']
[0.836s] colcon.colcon_core.package_identification Level 1 _identify(src/ros2_robotiq_3f_gripper) by extension 'ros'
[0.836s] colcon.colcon_core.package_identification Level 1 _identify(src/ros2_robotiq_3f_gripper) by extensions ['cmake', 'python']
[0.836s] colcon.colcon_core.package_identification Level 1 _identify(src/ros2_robotiq_3f_gripper) by extension 'cmake'
[0.836s] colcon.colcon_core.package_identification Level 1 _identify(src/ros2_robotiq_3f_gripper) by extension 'python'
[0.836s] colcon.colcon_core.package_identification Level 1 _identify(src/ros2_robotiq_3f_gripper) by extensions ['python_setup_py']
[0.836s] colcon.colcon_core.package_identification Level 1 _identify(src/ros2_robotiq_3f_gripper) by extension 'python_setup_py'
[0.836s] colcon.colcon_core.package_identification Level 1 _identify(src/ros2_robotiq_3f_gripper/robotiq_3f_description) by extensions ['ignore', 'ignore_ament_install']
[0.837s] colcon.colcon_core.package_identification Level 1 _identify(src/ros2_robotiq_3f_gripper/robotiq_3f_description) by extension 'ignore'
[0.837s] colcon.colcon_core.package_identification Level 1 _identify(src/ros2_robotiq_3f_gripper/robotiq_3f_description) by extension 'ignore_ament_install'
[0.837s] colcon.colcon_core.package_identification Level 1 _identify(src/ros2_robotiq_3f_gripper/robotiq_3f_description) by extensions ['colcon_pkg']
[0.837s] colcon.colcon_core.package_identification Level 1 _identify(src/ros2_robotiq_3f_gripper/robotiq_3f_description) by extension 'colcon_pkg'
[0.837s] colcon.colcon_core.package_identification Level 1 _identify(src/ros2_robotiq_3f_gripper/robotiq_3f_description) by extensions ['colcon_meta']
[0.837s] colcon.colcon_core.package_identification Level 1 _identify(src/ros2_robotiq_3f_gripper/robotiq_3f_description) by extension 'colcon_meta'
[0.837s] colcon.colcon_core.package_identification Level 1 _identify(src/ros2_robotiq_3f_gripper/robotiq_3f_description) by extensions ['ros']
[0.837s] colcon.colcon_core.package_identification Level 1 _identify(src/ros2_robotiq_3f_gripper/robotiq_3f_description) by extension 'ros'
[0.838s] colcon.colcon_core.package_identification DEBUG Package 'src/ros2_robotiq_3f_gripper/robotiq_3f_description' with type 'ros.ament_cmake' and name 'robotiq_3f_description'
[0.838s] colcon.colcon_core.package_identification Level 1 _identify(src/ros2_robotiq_3f_gripper/robotiq_3f_driver) by extensions ['ignore', 'ignore_ament_install']
[0.839s] colcon.colcon_core.package_identification Level 1 _identify(src/ros2_robotiq_3f_gripper/robotiq_3f_driver) by extension 'ignore'
[0.839s] colcon.colcon_core.package_identification Level 1 _identify(src/ros2_robotiq_3f_gripper/robotiq_3f_driver) ignored
[0.839s] colcon.colcon_core.package_identification Level 1 _identify(src/ros2_robotiq_3f_gripper/robotiq_3f_hardware_tests) by extensions ['ignore', 'ignore_ament_install']
[0.839s] colcon.colcon_core.package_identification Level 1 _identify(src/ros2_robotiq_3f_gripper/robotiq_3f_hardware_tests) by extension 'ignore'
[0.839s] colcon.colcon_core.package_identification Level 1 _identify(src/ros2_robotiq_3f_gripper/robotiq_3f_hardware_tests) ignored
[0.839s] colcon.colcon_core.package_identification Level 1 _identify(src/ros2_robotiq_3f_gripper/robotiq_3f_interfaces) by extensions ['ignore', 'ignore_ament_install']
[0.840s] colcon.colcon_core.package_identification Level 1 _identify(src/ros2_robotiq_3f_gripper/robotiq_3f_interfaces) by extension 'ignore'
[0.840s] colcon.colcon_core.package_identification Level 1 _identify(src/ros2_robotiq_3f_gripper/robotiq_3f_interfaces) by extension 'ignore_ament_install'
[0.840s] colcon.colcon_core.package_identification Level 1 _identify(src/ros2_robotiq_3f_gripper/robotiq_3f_interfaces) by extensions ['colcon_pkg']
[0.840s] colcon.colcon_core.package_identification Level 1 _identify(src/ros2_robotiq_3f_gripper/robotiq_3f_interfaces) by extension 'colcon_pkg'
[0.840s] colcon.colcon_core.package_identification Level 1 _identify(src/ros2_robotiq_3f_gripper/robotiq_3f_interfaces) by extensions ['colcon_meta']
[0.840s] colcon.colcon_core.package_identification Level 1 _identify(src/ros2_robotiq_3f_gripper/robotiq_3f_interfaces) by extension 'colcon_meta'
[0.840s] colcon.colcon_core.package_identification Level 1 _identify(src/ros2_robotiq_3f_gripper/robotiq_3f_interfaces) by extensions ['ros']
[0.840s] colcon.colcon_core.package_identification Level 1 _identify(src/ros2_robotiq_3f_gripper/robotiq_3f_interfaces) by extension 'ros'
[0.841s] colcon.colcon_core.package_identification DEBUG Package 'src/ros2_robotiq_3f_gripper/robotiq_3f_interfaces' with type 'ros.ament_cmake' and name 'robotiq_3f_interfaces'
[0.842s] colcon.colcon_core.package_identification Level 1 _identify(src/ros2_robotiq_3f_gripper/robotiq_3f_transmission_plugins) by extensions ['ignore', 'ignore_ament_install']
[0.842s] colcon.colcon_core.package_identification Level 1 _identify(src/ros2_robotiq_3f_gripper/robotiq_3f_transmission_plugins) by extension 'ignore'
[0.842s] colcon.colcon_core.package_identification Level 1 _identify(src/ros2_robotiq_3f_gripper/robotiq_3f_transmission_plugins) ignored
[0.842s] colcon.colcon_core.package_identification Level 1 _identify(src/ros2_robotiq_gripper) by extensions ['ignore', 'ignore_ament_install']
[0.842s] colcon.colcon_core.package_identification Level 1 _identify(src/ros2_robotiq_gripper) by extension 'ignore'
[0.842s] colcon.colcon_core.package_identification Level 1 _identify(src/ros2_robotiq_gripper) by extension 'ignore_ament_install'
[0.843s] colcon.colcon_core.package_identification Level 1 _identify(src/ros2_robotiq_gripper) by extensions ['colcon_pkg']
[0.843s] colcon.colcon_core.package_identification Level 1 _identify(src/ros2_robotiq_gripper) by extension 'colcon_pkg'
[0.843s] colcon.colcon_core.package_identification Level 1 _identify(src/ros2_robotiq_gripper) by extensions ['colcon_meta']
[0.843s] colcon.colcon_core.package_identification Level 1 _identify(src/ros2_robotiq_gripper) by extension 'colcon_meta'
[0.843s] colcon.colcon_core.package_identification Level 1 _identify(src/ros2_robotiq_gripper) by extensions ['ros']
[0.843s] colcon.colcon_core.package_identification Level 1 _identify(src/ros2_robotiq_gripper) by extension 'ros'
[0.843s] colcon.colcon_core.package_identification Level 1 _identify(src/ros2_robotiq_gripper) by extensions ['cmake', 'python']
[0.843s] colcon.colcon_core.package_identification Level 1 _identify(src/ros2_robotiq_gripper) by extension 'cmake'
[0.843s] colcon.colcon_core.package_identification Level 1 _identify(src/ros2_robotiq_gripper) by extension 'python'
[0.843s] colcon.colcon_core.package_identification Level 1 _identify(src/ros2_robotiq_gripper) by extensions ['python_setup_py']
[0.844s] colcon.colcon_core.package_identification Level 1 _identify(src/ros2_robotiq_gripper) by extension 'python_setup_py'
[0.844s] colcon.colcon_core.package_identification Level 1 _identify(src/ros2_robotiq_gripper/robotiq_controllers) by extensions ['ignore', 'ignore_ament_install']
[0.844s] colcon.colcon_core.package_identification Level 1 _identify(src/ros2_robotiq_gripper/robotiq_controllers) by extension 'ignore'
[0.844s] colcon.colcon_core.package_identification Level 1 _identify(src/ros2_robotiq_gripper/robotiq_controllers) by extension 'ignore_ament_install'
[0.844s] colcon.colcon_core.package_identification Level 1 _identify(src/ros2_robotiq_gripper/robotiq_controllers) by extensions ['colcon_pkg']
[0.844s] colcon.colcon_core.package_identification Level 1 _identify(src/ros2_robotiq_gripper/robotiq_controllers) by extension 'colcon_pkg'
[0.844s] colcon.colcon_core.package_identification Level 1 _identify(src/ros2_robotiq_gripper/robotiq_controllers) by extensions ['colcon_meta']
[0.844s] colcon.colcon_core.package_identification Level 1 _identify(src/ros2_robotiq_gripper/robotiq_controllers) by extension 'colcon_meta'
[0.845s] colcon.colcon_core.package_identification Level 1 _identify(src/ros2_robotiq_gripper/robotiq_controllers) by extensions ['ros']
[0.845s] colcon.colcon_core.package_identification Level 1 _identify(src/ros2_robotiq_gripper/robotiq_controllers) by extension 'ros'
[0.846s] colcon.colcon_core.package_identification DEBUG Package 'src/ros2_robotiq_gripper/robotiq_controllers' with type 'ros.ament_cmake' and name 'robotiq_controllers'
[0.846s] colcon.colcon_core.package_identification Level 1 _identify(src/ros2_robotiq_gripper/robotiq_description) by extensions ['ignore', 'ignore_ament_install']
[0.846s] colcon.colcon_core.package_identification Level 1 _identify(src/ros2_robotiq_gripper/robotiq_description) by extension 'ignore'
[0.846s] colcon.colcon_core.package_identification Level 1 _identify(src/ros2_robotiq_gripper/robotiq_description) by extension 'ignore_ament_install'
[0.847s] colcon.colcon_core.package_identification Level 1 _identify(src/ros2_robotiq_gripper/robotiq_description) by extensions ['colcon_pkg']
[0.847s] colcon.colcon_core.package_identification Level 1 _identify(src/ros2_robotiq_gripper/robotiq_description) by extension 'colcon_pkg'
[0.847s] colcon.colcon_core.package_identification Level 1 _identify(src/ros2_robotiq_gripper/robotiq_description) by extensions ['colcon_meta']
[0.847s] colcon.colcon_core.package_identification Level 1 _identify(src/ros2_robotiq_gripper/robotiq_description) by extension 'colcon_meta'
[0.847s] colcon.colcon_core.package_identification Level 1 _identify(src/ros2_robotiq_gripper/robotiq_description) by extensions ['ros']
[0.847s] colcon.colcon_core.package_identification Level 1 _identify(src/ros2_robotiq_gripper/robotiq_description) by extension 'ros'
[0.848s] colcon.colcon_core.package_identification DEBUG Package 'src/ros2_robotiq_gripper/robotiq_description' with type 'ros.ament_cmake' and name 'robotiq_description'
[0.849s] colcon.colcon_core.package_identification Level 1 _identify(src/ur10_camera_gripper_moveit_config) by extensions ['ignore', 'ignore_ament_install']
[0.849s] colcon.colcon_core.package_identification Level 1 _identify(src/ur10_camera_gripper_moveit_config) by extension 'ignore'
[0.849s] colcon.colcon_core.package_identification Level 1 _identify(src/ur10_camera_gripper_moveit_config) by extension 'ignore_ament_install'
[0.849s] colcon.colcon_core.package_identification Level 1 _identify(src/ur10_camera_gripper_moveit_config) by extensions ['colcon_pkg']
[0.849s] colcon.colcon_core.package_identification Level 1 _identify(src/ur10_camera_gripper_moveit_config) by extension 'colcon_pkg'
[0.849s] colcon.colcon_core.package_identification Level 1 _identify(src/ur10_camera_gripper_moveit_config) by extensions ['colcon_meta']
[0.849s] colcon.colcon_core.package_identification Level 1 _identify(src/ur10_camera_gripper_moveit_config) by extension 'colcon_meta'
[0.850s] colcon.colcon_core.package_identification Level 1 _identify(src/ur10_camera_gripper_moveit_config) by extensions ['ros']
[0.850s] colcon.colcon_core.package_identification Level 1 _identify(src/ur10_camera_gripper_moveit_config) by extension 'ros'
[0.851s] colcon.colcon_core.package_identification DEBUG Package 'src/ur10_camera_gripper_moveit_config' with type 'ros.ament_cmake' and name 'ur10_camera_gripper_moveit_config'
[0.851s] colcon.colcon_core.package_identification Level 1 _identify(src/ur10_camera_moveit_config) by extensions ['ignore', 'ignore_ament_install']
[0.852s] colcon.colcon_core.package_identification Level 1 _identify(src/ur10_camera_moveit_config) by extension 'ignore'
[0.852s] colcon.colcon_core.package_identification Level 1 _identify(src/ur10_camera_moveit_config) ignored
[0.852s] colcon.colcon_core.package_identification Level 1 _identify(src/ur10_pick_place) by extensions ['ignore', 'ignore_ament_install']
[0.852s] colcon.colcon_core.package_identification Level 1 _identify(src/ur10_pick_place) by extension 'ignore'
[0.852s] colcon.colcon_core.package_identification Level 1 _identify(src/ur10_pick_place) by extension 'ignore_ament_install'
[0.852s] colcon.colcon_core.package_identification Level 1 _identify(src/ur10_pick_place) by extensions ['colcon_pkg']
[0.852s] colcon.colcon_core.package_identification Level 1 _identify(src/ur10_pick_place) by extension 'colcon_pkg'
[0.852s] colcon.colcon_core.package_identification Level 1 _identify(src/ur10_pick_place) by extensions ['colcon_meta']
[0.853s] colcon.colcon_core.package_identification Level 1 _identify(src/ur10_pick_place) by extension 'colcon_meta'
[0.853s] colcon.colcon_core.package_identification Level 1 _identify(src/ur10_pick_place) by extensions ['ros']
[0.853s] colcon.colcon_core.package_identification Level 1 _identify(src/ur10_pick_place) by extension 'ros'
[0.854s] colcon.colcon_core.package_identification DEBUG Package 'src/ur10_pick_place' with type 'ros.ament_cmake' and name 'ur10_pick_place'
[0.854s] colcon.colcon_core.package_identification Level 1 _identify(src/ur_yt_sim) by extensions ['ignore', 'ignore_ament_install']
[0.854s] colcon.colcon_core.package_identification Level 1 _identify(src/ur_yt_sim) by extension 'ignore'
[0.854s] colcon.colcon_core.package_identification Level 1 _identify(src/ur_yt_sim) by extension 'ignore_ament_install'
[0.855s] colcon.colcon_core.package_identification Level 1 _identify(src/ur_yt_sim) by extensions ['colcon_pkg']
[0.855s] colcon.colcon_core.package_identification Level 1 _identify(src/ur_yt_sim) by extension 'colcon_pkg'
[0.855s] colcon.colcon_core.package_identification Level 1 _identify(src/ur_yt_sim) by extensions ['colcon_meta']
[0.855s] colcon.colcon_core.package_identification Level 1 _identify(src/ur_yt_sim) by extension 'colcon_meta'
[0.855s] colcon.colcon_core.package_identification Level 1 _identify(src/ur_yt_sim) by extensions ['ros']
[0.855s] colcon.colcon_core.package_identification Level 1 _identify(src/ur_yt_sim) by extension 'ros'
[0.857s] colcon.colcon_core.package_identification DEBUG Package 'src/ur_yt_sim' with type 'ros.ament_cmake' and name 'ur_yt_sim'
[0.857s] colcon.colcon_core.package_discovery Level 1 discover_packages(recursive) using defaults
[0.857s] colcon.colcon_core.package_discovery Level 1 discover_packages(ignore) discover
[0.857s] colcon.colcon_core.package_discovery Level 1 discover_packages(ignore) using defaults
[0.857s] colcon.colcon_core.package_discovery Level 1 discover_packages(path) discover
[0.857s] colcon.colcon_core.package_discovery Level 1 discover_packages(path) using defaults
[0.895s] colcon.colcon_core.package_discovery Level 1 discover_packages(prefix_path) check parameters
[0.896s] colcon.colcon_core.package_discovery Level 1 discover_packages(prefix_path) discover
[0.901s] colcon.colcon_installed_package_information.package_discovery DEBUG Found 11 installed packages in /home/ubuntu/ur_camera_ws/install
[0.902s] colcon.colcon_installed_package_information.package_discovery DEBUG Found 0 installed packages in /home/ubuntu/ur10_sim_ws/install
[0.905s] colcon.colcon_installed_package_information.package_discovery DEBUG Found 450 installed packages in /opt/ros/humble
[0.911s] colcon.colcon_core.package_discovery Level 1 discover_packages(prefix_path) using defaults
[1.030s] colcon.colcon_core.verb Level 5 set package 'grasp_executor' build argument 'cmake_args' from command line to '['-DCMAKE_BUILD_TYPE=Release']'
[1.030s] colcon.colcon_core.verb Level 5 set package 'grasp_executor' build argument 'cmake_target' from command line to 'None'
[1.030s] colcon.colcon_core.verb Level 5 set package 'grasp_executor' build argument 'cmake_target_skip_unavailable' from command line to 'False'
[1.030s] colcon.colcon_core.verb Level 5 set package 'grasp_executor' build argument 'cmake_clean_cache' from command line to 'False'
[1.030s] colcon.colcon_core.verb Level 5 set package 'grasp_executor' build argument 'cmake_clean_first' from command line to 'False'
[1.030s] colcon.colcon_core.verb Level 5 set package 'grasp_executor' build argument 'cmake_force_configure' from command line to 'False'
[1.030s] colcon.colcon_core.verb Level 5 set package 'grasp_executor' build argument 'ament_cmake_args' from command line to 'None'
[1.030s] colcon.colcon_core.verb Level 5 set package 'grasp_executor' build argument 'catkin_cmake_args' from command line to 'None'
[1.030s] colcon.colcon_core.verb Level 5 set package 'grasp_executor' build argument 'catkin_skip_building_tests' from command line to 'False'
[1.030s] colcon.colcon_core.verb DEBUG Building package 'grasp_executor' with the following arguments: {'ament_cmake_args': None, 'build_base': '/home/ubuntu/research_ws/ur10_pick_place_ws/build/grasp_executor', 'catkin_cmake_args': None, 'catkin_skip_building_tests': False, 'cmake_args': ['-DCMAKE_BUILD_TYPE=Release'], 'cmake_clean_cache': False, 'cmake_clean_first': False, 'cmake_force_configure': False, 'cmake_target': None, 'cmake_target_skip_unavailable': False, 'install_base': '/home/ubuntu/research_ws/ur10_pick_place_ws/install/grasp_executor', 'merge_install': False, 'path': '/home/ubuntu/research_ws/ur10_pick_place_ws/src/grasp_executor', 'symlink_install': False, 'test_result_base': None}
[1.031s] colcon.colcon_core.verb Level 5 set package 'linkattacher_msgs' build argument 'cmake_args' from command line to '['-DCMAKE_BUILD_TYPE=Release']'
[1.031s] colcon.colcon_core.verb Level 5 set package 'linkattacher_msgs' build argument 'cmake_target' from command line to 'None'
[1.031s] colcon.colcon_core.verb Level 5 set package 'linkattacher_msgs' build argument 'cmake_target_skip_unavailable' from command line to 'False'
[1.031s] colcon.colcon_core.verb Level 5 set package 'linkattacher_msgs' build argument 'cmake_clean_cache' from command line to 'False'
[1.031s] colcon.colcon_core.verb Level 5 set package 'linkattacher_msgs' build argument 'cmake_clean_first' from command line to 'False'
[1.032s] colcon.colcon_core.verb Level 5 set package 'linkattacher_msgs' build argument 'cmake_force_configure' from command line to 'False'
[1.032s] colcon.colcon_core.verb Level 5 set package 'linkattacher_msgs' build argument 'ament_cmake_args' from command line to 'None'
[1.032s] colcon.colcon_core.verb Level 5 set package 'linkattacher_msgs' build argument 'catkin_cmake_args' from command line to 'None'
[1.032s] colcon.colcon_core.verb Level 5 set package 'linkattacher_msgs' build argument 'catkin_skip_building_tests' from command line to 'False'
[1.032s] colcon.colcon_core.verb DEBUG Building package 'linkattacher_msgs' with the following arguments: {'ament_cmake_args': None, 'build_base': '/home/ubuntu/research_ws/ur10_pick_place_ws/build/linkattacher_msgs', 'catkin_cmake_args': None, 'catkin_skip_building_tests': False, 'cmake_args': ['-DCMAKE_BUILD_TYPE=Release'], 'cmake_clean_cache': False, 'cmake_clean_first': False, 'cmake_force_configure': False, 'cmake_target': None, 'cmake_target_skip_unavailable': False, 'install_base': '/home/ubuntu/research_ws/ur10_pick_place_ws/install/linkattacher_msgs', 'merge_install': False, 'path': '/home/ubuntu/research_ws/ur10_pick_place_ws/src/linkattacher_msgs', 'symlink_install': False, 'test_result_base': None}
[1.032s] colcon.colcon_core.verb Level 5 set package 'robotiq_3f_description' build argument 'cmake_args' from command line to '['-DCMAKE_BUILD_TYPE=Release']'
[1.033s] colcon.colcon_core.verb Level 5 set package 'robotiq_3f_description' build argument 'cmake_target' from command line to 'None'
[1.033s] colcon.colcon_core.verb Level 5 set package 'robotiq_3f_description' build argument 'cmake_target_skip_unavailable' from command line to 'False'
[1.033s] colcon.colcon_core.verb Level 5 set package 'robotiq_3f_description' build argument 'cmake_clean_cache' from command line to 'False'
[1.033s] colcon.colcon_core.verb Level 5 set package 'robotiq_3f_description' build argument 'cmake_clean_first' from command line to 'False'
[1.033s] colcon.colcon_core.verb Level 5 set package 'robotiq_3f_description' build argument 'cmake_force_configure' from command line to 'False'
[1.033s] colcon.colcon_core.verb Level 5 set package 'robotiq_3f_description' build argument 'ament_cmake_args' from command line to 'None'
[1.033s] colcon.colcon_core.verb Level 5 set package 'robotiq_3f_description' build argument 'catkin_cmake_args' from command line to 'None'
[1.033s] colcon.colcon_core.verb Level 5 set package 'robotiq_3f_description' build argument 'catkin_skip_building_tests' from command line to 'False'
[1.033s] colcon.colcon_core.verb DEBUG Building package 'robotiq_3f_description' with the following arguments: {'ament_cmake_args': None, 'build_base': '/home/ubuntu/research_ws/ur10_pick_place_ws/build/robotiq_3f_description', 'catkin_cmake_args': None, 'catkin_skip_building_tests': False, 'cmake_args': ['-DCMAKE_BUILD_TYPE=Release'], 'cmake_clean_cache': False, 'cmake_clean_first': False, 'cmake_force_configure': False, 'cmake_target': None, 'cmake_target_skip_unavailable': False, 'install_base': '/home/ubuntu/research_ws/ur10_pick_place_ws/install/robotiq_3f_description', 'merge_install': False, 'path': '/home/ubuntu/research_ws/ur10_pick_place_ws/src/ros2_robotiq_3f_gripper/robotiq_3f_description', 'symlink_install': False, 'test_result_base': None}
[1.034s] colcon.colcon_core.verb Level 5 set package 'robotiq_3f_interfaces' build argument 'cmake_args' from command line to '['-DCMAKE_BUILD_TYPE=Release']'
[1.034s] colcon.colcon_core.verb Level 5 set package 'robotiq_3f_interfaces' build argument 'cmake_target' from command line to 'None'
[1.034s] colcon.colcon_core.verb Level 5 set package 'robotiq_3f_interfaces' build argument 'cmake_target_skip_unavailable' from command line to 'False'
[1.034s] colcon.colcon_core.verb Level 5 set package 'robotiq_3f_interfaces' build argument 'cmake_clean_cache' from command line to 'False'
[1.034s] colcon.colcon_core.verb Level 5 set package 'robotiq_3f_interfaces' build argument 'cmake_clean_first' from command line to 'False'
[1.034s] colcon.colcon_core.verb Level 5 set package 'robotiq_3f_interfaces' build argument 'cmake_force_configure' from command line to 'False'
[1.034s] colcon.colcon_core.verb Level 5 set package 'robotiq_3f_interfaces' build argument 'ament_cmake_args' from command line to 'None'
[1.034s] colcon.colcon_core.verb Level 5 set package 'robotiq_3f_interfaces' build argument 'catkin_cmake_args' from command line to 'None'
[1.034s] colcon.colcon_core.verb Level 5 set package 'robotiq_3f_interfaces' build argument 'catkin_skip_building_tests' from command line to 'False'
[1.034s] colcon.colcon_core.verb DEBUG Building package 'robotiq_3f_interfaces' with the following arguments: {'ament_cmake_args': None, 'build_base': '/home/ubuntu/research_ws/ur10_pick_place_ws/build/robotiq_3f_interfaces', 'catkin_cmake_args': None, 'catkin_skip_building_tests': False, 'cmake_args': ['-DCMAKE_BUILD_TYPE=Release'], 'cmake_clean_cache': False, 'cmake_clean_first': False, 'cmake_force_configure': False, 'cmake_target': None, 'cmake_target_skip_unavailable': False, 'install_base': '/home/ubuntu/research_ws/ur10_pick_place_ws/install/robotiq_3f_interfaces', 'merge_install': False, 'path': '/home/ubuntu/research_ws/ur10_pick_place_ws/src/ros2_robotiq_3f_gripper/robotiq_3f_interfaces', 'symlink_install': False, 'test_result_base': None}
[1.035s] colcon.colcon_core.verb Level 5 set package 'robotiq_controllers' build argument 'cmake_args' from command line to '['-DCMAKE_BUILD_TYPE=Release']'
[1.035s] colcon.colcon_core.verb Level 5 set package 'robotiq_controllers' build argument 'cmake_target' from command line to 'None'
[1.035s] colcon.colcon_core.verb Level 5 set package 'robotiq_controllers' build argument 'cmake_target_skip_unavailable' from command line to 'False'
[1.035s] colcon.colcon_core.verb Level 5 set package 'robotiq_controllers' build argument 'cmake_clean_cache' from command line to 'False'
[1.035s] colcon.colcon_core.verb Level 5 set package 'robotiq_controllers' build argument 'cmake_clean_first' from command line to 'False'
[1.035s] colcon.colcon_core.verb Level 5 set package 'robotiq_controllers' build argument 'cmake_force_configure' from command line to 'False'
[1.035s] colcon.colcon_core.verb Level 5 set package 'robotiq_controllers' build argument 'ament_cmake_args' from command line to 'None'
[1.035s] colcon.colcon_core.verb Level 5 set package 'robotiq_controllers' build argument 'catkin_cmake_args' from command line to 'None'
[1.035s] colcon.colcon_core.verb Level 5 set package 'robotiq_controllers' build argument 'catkin_skip_building_tests' from command line to 'False'
[1.035s] colcon.colcon_core.verb DEBUG Building package 'robotiq_controllers' with the following arguments: {'ament_cmake_args': None, 'build_base': '/home/ubuntu/research_ws/ur10_pick_place_ws/build/robotiq_controllers', 'catkin_cmake_args': None, 'catkin_skip_building_tests': False, 'cmake_args': ['-DCMAKE_BUILD_TYPE=Release'], 'cmake_clean_cache': False, 'cmake_clean_first': False, 'cmake_force_configure': False, 'cmake_target': None, 'cmake_target_skip_unavailable': False, 'install_base': '/home/ubuntu/research_ws/ur10_pick_place_ws/install/robotiq_controllers', 'merge_install': False, 'path': '/home/ubuntu/research_ws/ur10_pick_place_ws/src/ros2_robotiq_gripper/robotiq_controllers', 'symlink_install': False, 'test_result_base': None}
[1.036s] colcon.colcon_core.verb Level 5 set package 'robotiq_description' build argument 'cmake_args' from command line to '['-DCMAKE_BUILD_TYPE=Release']'
[1.036s] colcon.colcon_core.verb Level 5 set package 'robotiq_description' build argument 'cmake_target' from command line to 'None'
[1.036s] colcon.colcon_core.verb Level 5 set package 'robotiq_description' build argument 'cmake_target_skip_unavailable' from command line to 'False'
[1.036s] colcon.colcon_core.verb Level 5 set package 'robotiq_description' build argument 'cmake_clean_cache' from command line to 'False'
[1.036s] colcon.colcon_core.verb Level 5 set package 'robotiq_description' build argument 'cmake_clean_first' from command line to 'False'
[1.036s] colcon.colcon_core.verb Level 5 set package 'robotiq_description' build argument 'cmake_force_configure' from command line to 'False'
[1.036s] colcon.colcon_core.verb Level 5 set package 'robotiq_description' build argument 'ament_cmake_args' from command line to 'None'
[1.036s] colcon.colcon_core.verb Level 5 set package 'robotiq_description' build argument 'catkin_cmake_args' from command line to 'None'
[1.036s] colcon.colcon_core.verb Level 5 set package 'robotiq_description' build argument 'catkin_skip_building_tests' from command line to 'False'
[1.036s] colcon.colcon_core.verb DEBUG Building package 'robotiq_description' with the following arguments: {'ament_cmake_args': None, 'build_base': '/home/ubuntu/research_ws/ur10_pick_place_ws/build/robotiq_description', 'catkin_cmake_args': None, 'catkin_skip_building_tests': False, 'cmake_args': ['-DCMAKE_BUILD_TYPE=Release'], 'cmake_clean_cache': False, 'cmake_clean_first': False, 'cmake_force_configure': False, 'cmake_target': None, 'cmake_target_skip_unavailable': False, 'install_base': '/home/ubuntu/research_ws/ur10_pick_place_ws/install/robotiq_description', 'merge_install': False, 'path': '/home/ubuntu/research_ws/ur10_pick_place_ws/src/ros2_robotiq_gripper/robotiq_description', 'symlink_install': False, 'test_result_base': None}
[1.037s] colcon.colcon_core.verb Level 5 set package 'ur_simulation_gazebo' build argument 'cmake_args' from command line to '['-DCMAKE_BUILD_TYPE=Release']'
[1.037s] colcon.colcon_core.verb Level 5 set package 'ur_simulation_gazebo' build argument 'cmake_target' from command line to 'None'
[1.037s] colcon.colcon_core.verb Level 5 set package 'ur_simulation_gazebo' build argument 'cmake_target_skip_unavailable' from command line to 'False'
[1.037s] colcon.colcon_core.verb Level 5 set package 'ur_simulation_gazebo' build argument 'cmake_clean_cache' from command line to 'False'
[1.037s] colcon.colcon_core.verb Level 5 set package 'ur_simulation_gazebo' build argument 'cmake_clean_first' from command line to 'False'
[1.037s] colcon.colcon_core.verb Level 5 set package 'ur_simulation_gazebo' build argument 'cmake_force_configure' from command line to 'False'
[1.037s] colcon.colcon_core.verb Level 5 set package 'ur_simulation_gazebo' build argument 'ament_cmake_args' from command line to 'None'
[1.037s] colcon.colcon_core.verb Level 5 set package 'ur_simulation_gazebo' build argument 'catkin_cmake_args' from command line to 'None'
[1.037s] colcon.colcon_core.verb Level 5 set package 'ur_simulation_gazebo' build argument 'catkin_skip_building_tests' from command line to 'False'
[1.038s] colcon.colcon_core.verb DEBUG Building package 'ur_simulation_gazebo' with the following arguments: {'ament_cmake_args': None, 'build_base': '/home/ubuntu/research_ws/ur10_pick_place_ws/build/ur_simulation_gazebo', 'catkin_cmake_args': None, 'catkin_skip_building_tests': False, 'cmake_args': ['-DCMAKE_BUILD_TYPE=Release'], 'cmake_clean_cache': False, 'cmake_clean_first': False, 'cmake_force_configure': False, 'cmake_target': None, 'cmake_target_skip_unavailable': False, 'install_base': '/home/ubuntu/research_ws/ur10_pick_place_ws/install/ur_simulation_gazebo', 'merge_install': False, 'path': '/home/ubuntu/research_ws/ur10_pick_place_ws/src/Universal_Robots_ROS2_Gazebo_Simulation/ur_simulation_gazebo', 'symlink_install': False, 'test_result_base': None}
[1.038s] colcon.colcon_core.verb Level 5 set package 'ros2_linkattacher' build argument 'cmake_args' from command line to '['-DCMAKE_BUILD_TYPE=Release']'
[1.038s] colcon.colcon_core.verb Level 5 set package 'ros2_linkattacher' build argument 'cmake_target' from command line to 'None'
[1.038s] colcon.colcon_core.verb Level 5 set package 'ros2_linkattacher' build argument 'cmake_target_skip_unavailable' from command line to 'False'
[1.038s] colcon.colcon_core.verb Level 5 set package 'ros2_linkattacher' build argument 'cmake_clean_cache' from command line to 'False'
[1.038s] colcon.colcon_core.verb Level 5 set package 'ros2_linkattacher' build argument 'cmake_clean_first' from command line to 'False'
[1.038s] colcon.colcon_core.verb Level 5 set package 'ros2_linkattacher' build argument 'cmake_force_configure' from command line to 'False'
[1.038s] colcon.colcon_core.verb Level 5 set package 'ros2_linkattacher' build argument 'ament_cmake_args' from command line to 'None'
[1.039s] colcon.colcon_core.verb Level 5 set package 'ros2_linkattacher' build argument 'catkin_cmake_args' from command line to 'None'
[1.039s] colcon.colcon_core.verb Level 5 set package 'ros2_linkattacher' build argument 'catkin_skip_building_tests' from command line to 'False'
[1.039s] colcon.colcon_core.verb DEBUG Building package 'ros2_linkattacher' with the following arguments: {'ament_cmake_args': None, 'build_base': '/home/ubuntu/research_ws/ur10_pick_place_ws/build/ros2_linkattacher', 'catkin_cmake_args': None, 'catkin_skip_building_tests': False, 'cmake_args': ['-DCMAKE_BUILD_TYPE=Release'], 'cmake_clean_cache': False, 'cmake_clean_first': False, 'cmake_force_configure': False, 'cmake_target': None, 'cmake_target_skip_unavailable': False, 'install_base': '/home/ubuntu/research_ws/ur10_pick_place_ws/install/ros2_linkattacher', 'merge_install': False, 'path': '/home/ubuntu/research_ws/ur10_pick_place_ws/src/linkattacher_plugin', 'symlink_install': False, 'test_result_base': None}
[1.039s] colcon.colcon_core.verb Level 5 set package 'ur_yt_sim' build argument 'cmake_args' from command line to '['-DCMAKE_BUILD_TYPE=Release']'
[1.039s] colcon.colcon_core.verb Level 5 set package 'ur_yt_sim' build argument 'cmake_target' from command line to 'None'
[1.039s] colcon.colcon_core.verb Level 5 set package 'ur_yt_sim' build argument 'cmake_target_skip_unavailable' from command line to 'False'
[1.039s] colcon.colcon_core.verb Level 5 set package 'ur_yt_sim' build argument 'cmake_clean_cache' from command line to 'False'
[1.040s] colcon.colcon_core.verb Level 5 set package 'ur_yt_sim' build argument 'cmake_clean_first' from command line to 'False'
[1.040s] colcon.colcon_core.verb Level 5 set package 'ur_yt_sim' build argument 'cmake_force_configure' from command line to 'False'
[1.040s] colcon.colcon_core.verb Level 5 set package 'ur_yt_sim' build argument 'ament_cmake_args' from command line to 'None'
[1.040s] colcon.colcon_core.verb Level 5 set package 'ur_yt_sim' build argument 'catkin_cmake_args' from command line to 'None'
[1.040s] colcon.colcon_core.verb Level 5 set package 'ur_yt_sim' build argument 'catkin_skip_building_tests' from command line to 'False'
[1.040s] colcon.colcon_core.verb DEBUG Building package 'ur_yt_sim' with the following arguments: {'ament_cmake_args': None, 'build_base': '/home/ubuntu/research_ws/ur10_pick_place_ws/build/ur_yt_sim', 'catkin_cmake_args': None, 'catkin_skip_building_tests': False, 'cmake_args': ['-DCMAKE_BUILD_TYPE=Release'], 'cmake_clean_cache': False, 'cmake_clean_first': False, 'cmake_force_configure': False, 'cmake_target': None, 'cmake_target_skip_unavailable': False, 'install_base': '/home/ubuntu/research_ws/ur10_pick_place_ws/install/ur_yt_sim', 'merge_install': False, 'path': '/home/ubuntu/research_ws/ur10_pick_place_ws/src/ur_yt_sim', 'symlink_install': False, 'test_result_base': None}
[1.040s] colcon.colcon_core.verb Level 5 set package 'ur10_camera_gripper_moveit_config' build argument 'cmake_args' from command line to '['-DCMAKE_BUILD_TYPE=Release']'
[1.041s] colcon.colcon_core.verb Level 5 set package 'ur10_camera_gripper_moveit_config' build argument 'cmake_target' from command line to 'None'
[1.041s] colcon.colcon_core.verb Level 5 set package 'ur10_camera_gripper_moveit_config' build argument 'cmake_target_skip_unavailable' from command line to 'False'
[1.041s] colcon.colcon_core.verb Level 5 set package 'ur10_camera_gripper_moveit_config' build argument 'cmake_clean_cache' from command line to 'False'
[1.041s] colcon.colcon_core.verb Level 5 set package 'ur10_camera_gripper_moveit_config' build argument 'cmake_clean_first' from command line to 'False'
[1.041s] colcon.colcon_core.verb Level 5 set package 'ur10_camera_gripper_moveit_config' build argument 'cmake_force_configure' from command line to 'False'
[1.041s] colcon.colcon_core.verb Level 5 set package 'ur10_camera_gripper_moveit_config' build argument 'ament_cmake_args' from command line to 'None'
[1.041s] colcon.colcon_core.verb Level 5 set package 'ur10_camera_gripper_moveit_config' build argument 'catkin_cmake_args' from command line to 'None'
[1.041s] colcon.colcon_core.verb Level 5 set package 'ur10_camera_gripper_moveit_config' build argument 'catkin_skip_building_tests' from command line to 'False'
[1.041s] colcon.colcon_core.verb DEBUG Building package 'ur10_camera_gripper_moveit_config' with the following arguments: {'ament_cmake_args': None, 'build_base': '/home/ubuntu/research_ws/ur10_pick_place_ws/build/ur10_camera_gripper_moveit_config', 'catkin_cmake_args': None, 'catkin_skip_building_tests': False, 'cmake_args': ['-DCMAKE_BUILD_TYPE=Release'], 'cmake_clean_cache': False, 'cmake_clean_first': False, 'cmake_force_configure': False, 'cmake_target': None, 'cmake_target_skip_unavailable': False, 'install_base': '/home/ubuntu/research_ws/ur10_pick_place_ws/install/ur10_camera_gripper_moveit_config', 'merge_install': False, 'path': '/home/ubuntu/research_ws/ur10_pick_place_ws/src/ur10_camera_gripper_moveit_config', 'symlink_install': False, 'test_result_base': None}
[1.042s] colcon.colcon_core.verb Level 5 set package 'ur10_pick_place' build argument 'cmake_args' from command line to '['-DCMAKE_BUILD_TYPE=Release']'
[1.042s] colcon.colcon_core.verb Level 5 set package 'ur10_pick_place' build argument 'cmake_target' from command line to 'None'
[1.042s] colcon.colcon_core.verb Level 5 set package 'ur10_pick_place' build argument 'cmake_target_skip_unavailable' from command line to 'False'
[1.042s] colcon.colcon_core.verb Level 5 set package 'ur10_pick_place' build argument 'cmake_clean_cache' from command line to 'False'
[1.042s] colcon.colcon_core.verb Level 5 set package 'ur10_pick_place' build argument 'cmake_clean_first' from command line to 'False'
[1.042s] colcon.colcon_core.verb Level 5 set package 'ur10_pick_place' build argument 'cmake_force_configure' from command line to 'False'
[1.042s] colcon.colcon_core.verb Level 5 set package 'ur10_pick_place' build argument 'ament_cmake_args' from command line to 'None'
[1.042s] colcon.colcon_core.verb Level 5 set package 'ur10_pick_place' build argument 'catkin_cmake_args' from command line to 'None'
[1.042s] colcon.colcon_core.verb Level 5 set package 'ur10_pick_place' build argument 'catkin_skip_building_tests' from command line to 'False'
[1.042s] colcon.colcon_core.verb DEBUG Building package 'ur10_pick_place' with the following arguments: {'ament_cmake_args': None, 'build_base': '/home/ubuntu/research_ws/ur10_pick_place_ws/build/ur10_pick_place', 'catkin_cmake_args': None, 'catkin_skip_building_tests': False, 'cmake_args': ['-DCMAKE_BUILD_TYPE=Release'], 'cmake_clean_cache': False, 'cmake_clean_first': False, 'cmake_force_configure': False, 'cmake_target': None, 'cmake_target_skip_unavailable': False, 'install_base': '/home/ubuntu/research_ws/ur10_pick_place_ws/install/ur10_pick_place', 'merge_install': False, 'path': '/home/ubuntu/research_ws/ur10_pick_place_ws/src/ur10_pick_place', 'symlink_install': False, 'test_result_base': None}
[1.042s] colcon.colcon_core.executor INFO Executing jobs using 'parallel' executor
[1.045s] colcon.colcon_parallel_executor.executor.parallel DEBUG run_until_complete
[1.046s] colcon.colcon_ros.task.ament_cmake.build INFO Building ROS package in '/home/ubuntu/research_ws/ur10_pick_place_ws/src/linkattacher_msgs' with build type 'ament_cmake'
[1.046s] colcon.colcon_cmake.task.cmake.build INFO Building CMake package in '/home/ubuntu/research_ws/ur10_pick_place_ws/src/linkattacher_msgs'
[1.051s] colcon.colcon_core.plugin_system INFO Skipping extension 'colcon_core.shell.bat': Not used on non-Windows systems
[1.052s] colcon.colcon_core.shell INFO Skip shell extension 'powershell' for command environment: Not usable outside of PowerShell
[1.052s] colcon.colcon_core.shell DEBUG Skip shell extension 'dsv' for command environment
[1.062s] colcon.colcon_ros.task.ament_cmake.build INFO Building ROS package in '/home/ubuntu/research_ws/ur10_pick_place_ws/src/ros2_robotiq_3f_gripper/robotiq_3f_description' with build type 'ament_cmake'
[1.062s] colcon.colcon_cmake.task.cmake.build INFO Building CMake package in '/home/ubuntu/research_ws/ur10_pick_place_ws/src/ros2_robotiq_3f_gripper/robotiq_3f_description'
[1.063s] colcon.colcon_core.shell INFO Skip shell extension 'powershell' for command environment: Not usable outside of PowerShell
[1.063s] colcon.colcon_core.shell DEBUG Skip shell extension 'dsv' for command environment
[1.072s] colcon.colcon_ros.task.ament_python.build INFO Building ROS package in '/home/ubuntu/research_ws/ur10_pick_place_ws/src/grasp_executor' with build type 'ament_python'
[1.073s] colcon.colcon_core.shell Level 1 create_environment_hook('grasp_executor', 'ament_prefix_path')
[1.073s] colcon.colcon_core.shell INFO Creating environment hook '/home/ubuntu/research_ws/ur10_pick_place_ws/install/grasp_executor/share/grasp_executor/hook/ament_prefix_path.ps1'
[1.075s] colcon.colcon_core.shell INFO Creating environment descriptor '/home/ubuntu/research_ws/ur10_pick_place_ws/install/grasp_executor/share/grasp_executor/hook/ament_prefix_path.dsv'
[1.076s] colcon.colcon_core.shell INFO Creating environment hook '/home/ubuntu/research_ws/ur10_pick_place_ws/install/grasp_executor/share/grasp_executor/hook/ament_prefix_path.sh'
[1.078s] colcon.colcon_core.shell INFO Skip shell extension 'powershell' for command environment: Not usable outside of PowerShell
[1.078s] colcon.colcon_core.shell DEBUG Skip shell extension 'dsv' for command environment
[1.086s] colcon.colcon_ros.task.ament_cmake.build INFO Building ROS package in '/home/ubuntu/research_ws/ur10_pick_place_ws/src/ros2_robotiq_3f_gripper/robotiq_3f_interfaces' with build type 'ament_cmake'
[1.087s] colcon.colcon_cmake.task.cmake.build INFO Building CMake package in '/home/ubuntu/research_ws/ur10_pick_place_ws/src/ros2_robotiq_3f_gripper/robotiq_3f_interfaces'
[1.087s] colcon.colcon_core.shell INFO Skip shell extension 'powershell' for command environment: Not usable outside of PowerShell
[1.087s] colcon.colcon_core.shell DEBUG Skip shell extension 'dsv' for command environment
[1.096s] colcon.colcon_ros.task.ament_cmake.build INFO Building ROS package in '/home/ubuntu/research_ws/ur10_pick_place_ws/src/ros2_robotiq_gripper/robotiq_controllers' with build type 'ament_cmake'
[1.097s] colcon.colcon_cmake.task.cmake.build INFO Building CMake package in '/home/ubuntu/research_ws/ur10_pick_place_ws/src/ros2_robotiq_gripper/robotiq_controllers'
[1.097s] colcon.colcon_core.shell INFO Skip shell extension 'powershell' for command environment: Not usable outside of PowerShell
[1.098s] colcon.colcon_core.shell DEBUG Skip shell extension 'dsv' for command environment
[1.106s] colcon.colcon_ros.task.ament_cmake.build INFO Building ROS package in '/home/ubuntu/research_ws/ur10_pick_place_ws/src/ros2_robotiq_gripper/robotiq_description' with build type 'ament_cmake'
[1.106s] colcon.colcon_cmake.task.cmake.build INFO Building CMake package in '/home/ubuntu/research_ws/ur10_pick_place_ws/src/ros2_robotiq_gripper/robotiq_description'
[1.107s] colcon.colcon_core.shell INFO Skip shell extension 'powershell' for command environment: Not usable outside of PowerShell
[1.107s] colcon.colcon_core.shell DEBUG Skip shell extension 'dsv' for command environment
[1.116s] colcon.colcon_ros.task.ament_cmake.build INFO Building ROS package in '/home/ubuntu/research_ws/ur10_pick_place_ws/src/Universal_Robots_ROS2_Gazebo_Simulation/ur_simulation_gazebo' with build type 'ament_cmake'
[1.116s] colcon.colcon_cmake.task.cmake.build INFO Building CMake package in '/home/ubuntu/research_ws/ur10_pick_place_ws/src/Universal_Robots_ROS2_Gazebo_Simulation/ur_simulation_gazebo'
[1.116s] colcon.colcon_core.shell INFO Skip shell extension 'powershell' for command environment: Not usable outside of PowerShell
[1.116s] colcon.colcon_core.shell DEBUG Skip shell extension 'dsv' for command environment
[1.136s] colcon.colcon_core.event_handler.log_command DEBUG Invoking command in '/home/ubuntu/research_ws/ur10_pick_place_ws/build/linkattacher_msgs': CMAKE_PREFIX_PATH=${CMAKE_PREFIX_PATH}:/home/ubuntu/ur_camera_ws/install/pick_place:/home/ubuntu/ur_camera_ws/install/easy_handeye2:/opt/ros/humble /usr/bin/cmake --build /home/ubuntu/research_ws/ur10_pick_place_ws/build/linkattacher_msgs -- -j12 -l12
[1.140s] colcon.colcon_core.event_handler.log_command DEBUG Invoking command in '/home/ubuntu/research_ws/ur10_pick_place_ws/build/robotiq_3f_description': CMAKE_PREFIX_PATH=${CMAKE_PREFIX_PATH}:/home/ubuntu/ur_camera_ws/install/pick_place:/home/ubuntu/ur_camera_ws/install/easy_handeye2:/opt/ros/humble /usr/bin/cmake --build /home/ubuntu/research_ws/ur10_pick_place_ws/build/robotiq_3f_description -- -j12 -l12
[1.824s] colcon.colcon_core.task.python.build INFO Building Python package in '/home/ubuntu/research_ws/ur10_pick_place_ws/src/grasp_executor'
[1.825s] colcon.colcon_core.shell INFO Skip shell extension 'powershell' for command environment: Not usable outside of PowerShell
[1.825s] colcon.colcon_core.shell DEBUG Skip shell extension 'dsv' for command environment
[1.844s] colcon.colcon_core.event_handler.log_command DEBUG Invoking command in '/home/ubuntu/research_ws/ur10_pick_place_ws/build/robotiq_3f_interfaces': CMAKE_PREFIX_PATH=${CMAKE_PREFIX_PATH}:/home/ubuntu/ur_camera_ws/install/pick_place:/home/ubuntu/ur_camera_ws/install/easy_handeye2:/opt/ros/humble /usr/bin/cmake --build /home/ubuntu/research_ws/ur10_pick_place_ws/build/robotiq_3f_interfaces -- -j12 -l12
[1.849s] colcon.colcon_core.event_handler.log_command DEBUG Invoking command in '/home/ubuntu/research_ws/ur10_pick_place_ws/build/robotiq_controllers': CMAKE_PREFIX_PATH=${CMAKE_PREFIX_PATH}:/home/ubuntu/ur_camera_ws/install/pick_place:/home/ubuntu/ur_camera_ws/install/easy_handeye2:/opt/ros/humble /usr/bin/cmake --build /home/ubuntu/research_ws/ur10_pick_place_ws/build/robotiq_controllers -- -j12 -l12
[1.855s] colcon.colcon_core.event_handler.log_command DEBUG Invoking command in '/home/ubuntu/research_ws/ur10_pick_place_ws/build/robotiq_description': CMAKE_PREFIX_PATH=${CMAKE_PREFIX_PATH}:/home/ubuntu/ur_camera_ws/install/pick_place:/home/ubuntu/ur_camera_ws/install/easy_handeye2:/opt/ros/humble /usr/bin/cmake --build /home/ubuntu/research_ws/ur10_pick_place_ws/build/robotiq_description -- -j12 -l12
[1.866s] colcon.colcon_core.event_handler.log_command DEBUG Invoking command in '/home/ubuntu/research_ws/ur10_pick_place_ws/build/ur_simulation_gazebo': CMAKE_PREFIX_PATH=${CMAKE_PREFIX_PATH}:/home/ubuntu/ur_camera_ws/install/pick_place:/home/ubuntu/ur_camera_ws/install/easy_handeye2:/opt/ros/humble /usr/bin/cmake --build /home/ubuntu/research_ws/ur10_pick_place_ws/build/ur_simulation_gazebo -- -j12 -l12
[1.867s] colcon.colcon_core.event_handler.log_command DEBUG Invoked command in '/home/ubuntu/research_ws/ur10_pick_place_ws/build/robotiq_3f_description' returned '0': CMAKE_PREFIX_PATH=${CMAKE_PREFIX_PATH}:/home/ubuntu/ur_camera_ws/install/pick_place:/home/ubuntu/ur_camera_ws/install/easy_handeye2:/opt/ros/humble /usr/bin/cmake --build /home/ubuntu/research_ws/ur10_pick_place_ws/build/robotiq_3f_description -- -j12 -l12
[1.885s] colcon.colcon_core.event_handler.log_command DEBUG Invoking command in '/home/ubuntu/research_ws/ur10_pick_place_ws/build/robotiq_3f_description': CMAKE_PREFIX_PATH=${CMAKE_PREFIX_PATH}:/home/ubuntu/ur_camera_ws/install/pick_place:/home/ubuntu/ur_camera_ws/install/easy_handeye2:/opt/ros/humble /usr/bin/cmake --install /home/ubuntu/research_ws/ur10_pick_place_ws/build/robotiq_3f_description
[1.907s] colcon.colcon_core.environment Level 1 create_environment_scripts_only(robotiq_3f_description)
[1.918s] colcon.colcon_core.environment Level 1 checking '/home/ubuntu/research_ws/ur10_pick_place_ws/install/robotiq_3f_description' for CMake module files
[1.919s] colcon.colcon_core.environment Level 1 checking '/home/ubuntu/research_ws/ur10_pick_place_ws/install/robotiq_3f_description' for CMake config files
[1.920s] colcon.colcon_core.shell Level 1 create_environment_hook('robotiq_3f_description', 'cmake_prefix_path')
[1.921s] colcon.colcon_core.shell INFO Creating environment hook '/home/ubuntu/research_ws/ur10_pick_place_ws/install/robotiq_3f_description/share/robotiq_3f_description/hook/cmake_prefix_path.ps1'
[1.922s] colcon.colcon_core.shell INFO Creating environment descriptor '/home/ubuntu/research_ws/ur10_pick_place_ws/install/robotiq_3f_description/share/robotiq_3f_description/hook/cmake_prefix_path.dsv'
[1.924s] colcon.colcon_core.event_handler.log_command DEBUG Invoked command in '/home/ubuntu/research_ws/ur10_pick_place_ws/build/robotiq_3f_description' returned '0': CMAKE_PREFIX_PATH=${CMAKE_PREFIX_PATH}:/home/ubuntu/ur_camera_ws/install/pick_place:/home/ubuntu/ur_camera_ws/install/easy_handeye2:/opt/ros/humble /usr/bin/cmake --install /home/ubuntu/research_ws/ur10_pick_place_ws/build/robotiq_3f_description
[1.925s] colcon.colcon_core.shell INFO Creating environment hook '/home/ubuntu/research_ws/ur10_pick_place_ws/install/robotiq_3f_description/share/robotiq_3f_description/hook/cmake_prefix_path.sh'
[1.927s] colcon.colcon_core.environment Level 1 checking '/home/ubuntu/research_ws/ur10_pick_place_ws/install/robotiq_3f_description/bin'
[1.927s] colcon.colcon_core.environment Level 1 checking '/home/ubuntu/research_ws/ur10_pick_place_ws/install/robotiq_3f_description/lib/pkgconfig/robotiq_3f_description.pc'
[1.927s] colcon.colcon_core.environment Level 1 checking '/home/ubuntu/research_ws/ur10_pick_place_ws/install/robotiq_3f_description/lib/python3.10/site-packages'
[1.928s] colcon.colcon_core.environment Level 1 checking '/home/ubuntu/research_ws/ur10_pick_place_ws/install/robotiq_3f_description/bin'
[1.929s] colcon.colcon_core.shell INFO Creating package script '/home/ubuntu/research_ws/ur10_pick_place_ws/install/robotiq_3f_description/share/robotiq_3f_description/package.ps1'
[1.931s] colcon.colcon_core.shell INFO Creating package descriptor '/home/ubuntu/research_ws/ur10_pick_place_ws/install/robotiq_3f_description/share/robotiq_3f_description/package.dsv'
[1.933s] colcon.colcon_core.shell INFO Creating package script '/home/ubuntu/research_ws/ur10_pick_place_ws/install/robotiq_3f_description/share/robotiq_3f_description/package.sh'
[1.934s] colcon.colcon_core.shell INFO Creating package script '/home/ubuntu/research_ws/ur10_pick_place_ws/install/robotiq_3f_description/share/robotiq_3f_description/package.bash'
[1.937s] colcon.colcon_core.shell INFO Creating package script '/home/ubuntu/research_ws/ur10_pick_place_ws/install/robotiq_3f_description/share/robotiq_3f_description/package.zsh'
[1.939s] colcon.colcon_core.environment Level 1 create_file_with_runtime_dependencies(/home/ubuntu/research_ws/ur10_pick_place_ws/install/robotiq_3f_description/share/colcon-core/packages/robotiq_3f_description)
[1.940s] colcon.colcon_core.environment Level 1 create_environment_scripts_only(robotiq_3f_description)
[1.941s] colcon.colcon_core.environment Level 1 checking '/home/ubuntu/research_ws/ur10_pick_place_ws/install/robotiq_3f_description' for CMake module files
[1.942s] colcon.colcon_core.environment Level 1 checking '/home/ubuntu/research_ws/ur10_pick_place_ws/install/robotiq_3f_description' for CMake config files
[1.943s] colcon.colcon_core.shell Level 1 create_environment_hook('robotiq_3f_description', 'cmake_prefix_path')
[1.943s] colcon.colcon_core.shell INFO Creating environment hook '/home/ubuntu/research_ws/ur10_pick_place_ws/install/robotiq_3f_description/share/robotiq_3f_description/hook/cmake_prefix_path.ps1'
[1.945s] colcon.colcon_core.shell INFO Creating environment descriptor '/home/ubuntu/research_ws/ur10_pick_place_ws/install/robotiq_3f_description/share/robotiq_3f_description/hook/cmake_prefix_path.dsv'
[1.946s] colcon.colcon_core.shell INFO Creating environment hook '/home/ubuntu/research_ws/ur10_pick_place_ws/install/robotiq_3f_description/share/robotiq_3f_description/hook/cmake_prefix_path.sh'
[1.948s] colcon.colcon_core.environment Level 1 checking '/home/ubuntu/research_ws/ur10_pick_place_ws/install/robotiq_3f_description/bin'
[1.948s] colcon.colcon_core.environment Level 1 checking '/home/ubuntu/research_ws/ur10_pick_place_ws/install/robotiq_3f_description/lib/pkgconfig/robotiq_3f_description.pc'
[1.949s] colcon.colcon_core.environment Level 1 checking '/home/ubuntu/research_ws/ur10_pick_place_ws/install/robotiq_3f_description/lib/python3.10/site-packages'
[1.949s] colcon.colcon_core.environment Level 1 checking '/home/ubuntu/research_ws/ur10_pick_place_ws/install/robotiq_3f_description/bin'
[1.950s] colcon.colcon_core.shell INFO Creating package script '/home/ubuntu/research_ws/ur10_pick_place_ws/install/robotiq_3f_description/share/robotiq_3f_description/package.ps1'
[1.952s] colcon.colcon_core.shell INFO Creating package descriptor '/home/ubuntu/research_ws/ur10_pick_place_ws/install/robotiq_3f_description/share/robotiq_3f_description/package.dsv'
[1.953s] colcon.colcon_core.shell INFO Creating package script '/home/ubuntu/research_ws/ur10_pick_place_ws/install/robotiq_3f_description/share/robotiq_3f_description/package.sh'
[1.954s] colcon.colcon_core.shell INFO Creating package script '/home/ubuntu/research_ws/ur10_pick_place_ws/install/robotiq_3f_description/share/robotiq_3f_description/package.bash'
[1.955s] colcon.colcon_core.shell INFO Creating package script '/home/ubuntu/research_ws/ur10_pick_place_ws/install/robotiq_3f_description/share/robotiq_3f_description/package.zsh'
[1.957s] colcon.colcon_core.environment Level 1 create_file_with_runtime_dependencies(/home/ubuntu/research_ws/ur10_pick_place_ws/install/robotiq_3f_description/share/colcon-core/packages/robotiq_3f_description)
[1.962s] colcon.colcon_core.event_handler.log_command DEBUG Invoked command in '/home/ubuntu/research_ws/ur10_pick_place_ws/build/robotiq_description' returned '0': CMAKE_PREFIX_PATH=${CMAKE_PREFIX_PATH}:/home/ubuntu/ur_camera_ws/install/pick_place:/home/ubuntu/ur_camera_ws/install/easy_handeye2:/opt/ros/humble /usr/bin/cmake --build /home/ubuntu/research_ws/ur10_pick_place_ws/build/robotiq_description -- -j12 -l12
[1.963s] colcon.colcon_core.event_handler.log_command DEBUG Invoking command in '/home/ubuntu/research_ws/ur10_pick_place_ws/build/robotiq_description': CMAKE_PREFIX_PATH=${CMAKE_PREFIX_PATH}:/home/ubuntu/ur_camera_ws/install/pick_place:/home/ubuntu/ur_camera_ws/install/easy_handeye2:/opt/ros/humble /usr/bin/cmake --install /home/ubuntu/research_ws/ur10_pick_place_ws/build/robotiq_description
[1.970s] colcon.colcon_core.event_handler.log_command DEBUG Invoked command in '/home/ubuntu/research_ws/ur10_pick_place_ws/build/ur_simulation_gazebo' returned '0': CMAKE_PREFIX_PATH=${CMAKE_PREFIX_PATH}:/home/ubuntu/ur_camera_ws/install/pick_place:/home/ubuntu/ur_camera_ws/install/easy_handeye2:/opt/ros/humble /usr/bin/cmake --build /home/ubuntu/research_ws/ur10_pick_place_ws/build/ur_simulation_gazebo -- -j12 -l12
[1.971s] colcon.colcon_core.event_handler.log_command DEBUG Invoking command in '/home/ubuntu/research_ws/ur10_pick_place_ws/build/ur_simulation_gazebo': CMAKE_PREFIX_PATH=${CMAKE_PREFIX_PATH}:/home/ubuntu/ur_camera_ws/install/pick_place:/home/ubuntu/ur_camera_ws/install/easy_handeye2:/opt/ros/humble /usr/bin/cmake --install /home/ubuntu/research_ws/ur10_pick_place_ws/build/ur_simulation_gazebo
[1.990s] colcon.colcon_core.environment Level 1 create_environment_scripts_only(robotiq_description)
[1.991s] colcon.colcon_core.environment Level 1 checking '/home/ubuntu/research_ws/ur10_pick_place_ws/install/robotiq_description' for CMake module files
[2.002s] colcon.colcon_core.environment Level 1 checking '/home/ubuntu/research_ws/ur10_pick_place_ws/install/robotiq_description' for CMake config files
[2.003s] colcon.colcon_core.shell Level 1 create_environment_hook('robotiq_description', 'cmake_prefix_path')
[2.004s] colcon.colcon_core.shell INFO Creating environment hook '/home/ubuntu/research_ws/ur10_pick_place_ws/install/robotiq_description/share/robotiq_description/hook/cmake_prefix_path.ps1'
[2.006s] colcon.colcon_core.shell INFO Creating environment descriptor '/home/ubuntu/research_ws/ur10_pick_place_ws/install/robotiq_description/share/robotiq_description/hook/cmake_prefix_path.dsv'
[2.008s] colcon.colcon_core.event_handler.log_command DEBUG Invoked command in '/home/ubuntu/research_ws/ur10_pick_place_ws/build/robotiq_description' returned '0': CMAKE_PREFIX_PATH=${CMAKE_PREFIX_PATH}:/home/ubuntu/ur_camera_ws/install/pick_place:/home/ubuntu/ur_camera_ws/install/easy_handeye2:/opt/ros/humble /usr/bin/cmake --install /home/ubuntu/research_ws/ur10_pick_place_ws/build/robotiq_description
[2.009s] colcon.colcon_core.shell INFO Creating environment hook '/home/ubuntu/research_ws/ur10_pick_place_ws/install/robotiq_description/share/robotiq_description/hook/cmake_prefix_path.sh'
[2.011s] colcon.colcon_core.environment Level 1 checking '/home/ubuntu/research_ws/ur10_pick_place_ws/install/robotiq_description/bin'
[2.011s] colcon.colcon_core.environment Level 1 checking '/home/ubuntu/research_ws/ur10_pick_place_ws/install/robotiq_description/lib/pkgconfig/robotiq_description.pc'
[2.011s] colcon.colcon_core.environment Level 1 checking '/home/ubuntu/research_ws/ur10_pick_place_ws/install/robotiq_description/lib/python3.10/site-packages'
[2.012s] colcon.colcon_core.environment Level 1 checking '/home/ubuntu/research_ws/ur10_pick_place_ws/install/robotiq_description/bin'
[2.013s] colcon.colcon_core.shell INFO Creating package script '/home/ubuntu/research_ws/ur10_pick_place_ws/install/robotiq_description/share/robotiq_description/package.ps1'
[2.014s] colcon.colcon_core.shell INFO Creating package descriptor '/home/ubuntu/research_ws/ur10_pick_place_ws/install/robotiq_description/share/robotiq_description/package.dsv'
[2.015s] colcon.colcon_core.shell INFO Creating package script '/home/ubuntu/research_ws/ur10_pick_place_ws/install/robotiq_description/share/robotiq_description/package.sh'
[2.016s] colcon.colcon_core.shell INFO Creating package script '/home/ubuntu/research_ws/ur10_pick_place_ws/install/robotiq_description/share/robotiq_description/package.bash'
[2.017s] colcon.colcon_core.shell INFO Creating package script '/home/ubuntu/research_ws/ur10_pick_place_ws/install/robotiq_description/share/robotiq_description/package.zsh'
[2.018s] colcon.colcon_core.environment Level 1 create_file_with_runtime_dependencies(/home/ubuntu/research_ws/ur10_pick_place_ws/install/robotiq_description/share/colcon-core/packages/robotiq_description)
[2.021s] colcon.colcon_core.environment Level 1 create_environment_scripts_only(robotiq_description)
[2.022s] colcon.colcon_core.environment Level 1 checking '/home/ubuntu/research_ws/ur10_pick_place_ws/install/robotiq_description' for CMake module files
[2.023s] colcon.colcon_core.environment Level 1 checking '/home/ubuntu/research_ws/ur10_pick_place_ws/install/robotiq_description' for CMake config files
[2.024s] colcon.colcon_core.shell Level 1 create_environment_hook('robotiq_description', 'cmake_prefix_path')
[2.024s] colcon.colcon_core.shell INFO Creating environment hook '/home/ubuntu/research_ws/ur10_pick_place_ws/install/robotiq_description/share/robotiq_description/hook/cmake_prefix_path.ps1'
[2.026s] colcon.colcon_core.shell INFO Creating environment descriptor '/home/ubuntu/research_ws/ur10_pick_place_ws/install/robotiq_description/share/robotiq_description/hook/cmake_prefix_path.dsv'
[2.026s] colcon.colcon_core.shell INFO Creating environment hook '/home/ubuntu/research_ws/ur10_pick_place_ws/install/robotiq_description/share/robotiq_description/hook/cmake_prefix_path.sh'
[2.028s] colcon.colcon_core.environment Level 1 checking '/home/ubuntu/research_ws/ur10_pick_place_ws/install/robotiq_description/bin'
[2.028s] colcon.colcon_core.environment Level 1 checking '/home/ubuntu/research_ws/ur10_pick_place_ws/install/robotiq_description/lib/pkgconfig/robotiq_description.pc'
[2.028s] colcon.colcon_core.environment Level 1 checking '/home/ubuntu/research_ws/ur10_pick_place_ws/install/robotiq_description/lib/python3.10/site-packages'
[2.029s] colcon.colcon_core.environment Level 1 checking '/home/ubuntu/research_ws/ur10_pick_place_ws/install/robotiq_description/bin'
[2.030s] colcon.colcon_core.shell INFO Creating package script '/home/ubuntu/research_ws/ur10_pick_place_ws/install/robotiq_description/share/robotiq_description/package.ps1'
[2.032s] colcon.colcon_core.shell INFO Creating package descriptor '/home/ubuntu/research_ws/ur10_pick_place_ws/install/robotiq_description/share/robotiq_description/package.dsv'
[2.033s] colcon.colcon_core.shell INFO Creating package script '/home/ubuntu/research_ws/ur10_pick_place_ws/install/robotiq_description/share/robotiq_description/package.sh'
[2.035s] colcon.colcon_core.shell INFO Creating package script '/home/ubuntu/research_ws/ur10_pick_place_ws/install/robotiq_description/share/robotiq_description/package.bash'
[2.036s] colcon.colcon_core.shell INFO Creating package script '/home/ubuntu/research_ws/ur10_pick_place_ws/install/robotiq_description/share/robotiq_description/package.zsh'
[2.037s] colcon.colcon_core.environment Level 1 create_file_with_runtime_dependencies(/home/ubuntu/research_ws/ur10_pick_place_ws/install/robotiq_description/share/colcon-core/packages/robotiq_description)
[2.044s] colcon.colcon_core.environment Level 1 create_environment_scripts_only(ur_simulation_gazebo)
[2.045s] colcon.colcon_core.environment Level 1 checking '/home/ubuntu/research_ws/ur10_pick_place_ws/install/ur_simulation_gazebo' for CMake module files
[2.046s] colcon.colcon_core.event_handler.log_command DEBUG Invoked command in '/home/ubuntu/research_ws/ur10_pick_place_ws/build/robotiq_controllers' returned '0': CMAKE_PREFIX_PATH=${CMAKE_PREFIX_PATH}:/home/ubuntu/ur_camera_ws/install/pick_place:/home/ubuntu/ur_camera_ws/install/easy_handeye2:/opt/ros/humble /usr/bin/cmake --build /home/ubuntu/research_ws/ur10_pick_place_ws/build/robotiq_controllers -- -j12 -l12
[2.047s] colcon.colcon_core.event_handler.log_command DEBUG Invoking command in '/home/ubuntu/research_ws/ur10_pick_place_ws/build/robotiq_controllers': CMAKE_PREFIX_PATH=${CMAKE_PREFIX_PATH}:/home/ubuntu/ur_camera_ws/install/pick_place:/home/ubuntu/ur_camera_ws/install/easy_handeye2:/opt/ros/humble /usr/bin/cmake --install /home/ubuntu/research_ws/ur10_pick_place_ws/build/robotiq_controllers
[2.048s] colcon.colcon_core.event_handler.log_command DEBUG Invoked command in '/home/ubuntu/research_ws/ur10_pick_place_ws/build/ur_simulation_gazebo' returned '0': CMAKE_PREFIX_PATH=${CMAKE_PREFIX_PATH}:/home/ubuntu/ur_camera_ws/install/pick_place:/home/ubuntu/ur_camera_ws/install/easy_handeye2:/opt/ros/humble /usr/bin/cmake --install /home/ubuntu/research_ws/ur10_pick_place_ws/build/ur_simulation_gazebo
[2.048s] colcon.colcon_core.environment Level 1 checking '/home/ubuntu/research_ws/ur10_pick_place_ws/install/ur_simulation_gazebo' for CMake config files
[2.049s] colcon.colcon_core.shell Level 1 create_environment_hook('ur_simulation_gazebo', 'cmake_prefix_path')
[2.050s] colcon.colcon_core.shell INFO Creating environment hook '/home/ubuntu/research_ws/ur10_pick_place_ws/install/ur_simulation_gazebo/share/ur_simulation_gazebo/hook/cmake_prefix_path.ps1'
[2.051s] colcon.colcon_core.shell INFO Creating environment descriptor '/home/ubuntu/research_ws/ur10_pick_place_ws/install/ur_simulation_gazebo/share/ur_simulation_gazebo/hook/cmake_prefix_path.dsv'
[2.052s] colcon.colcon_core.shell INFO Creating environment hook '/home/ubuntu/research_ws/ur10_pick_place_ws/install/ur_simulation_gazebo/share/ur_simulation_gazebo/hook/cmake_prefix_path.sh'
[2.053s] colcon.colcon_core.environment Level 1 checking '/home/ubuntu/research_ws/ur10_pick_place_ws/install/ur_simulation_gazebo/bin'
[2.054s] colcon.colcon_core.environment Level 1 checking '/home/ubuntu/research_ws/ur10_pick_place_ws/install/ur_simulation_gazebo/lib/pkgconfig/ur_simulation_gazebo.pc'
[2.054s] colcon.colcon_core.environment Level 1 checking '/home/ubuntu/research_ws/ur10_pick_place_ws/install/ur_simulation_gazebo/lib/python3.10/site-packages'
[2.055s] colcon.colcon_core.environment Level 1 checking '/home/ubuntu/research_ws/ur10_pick_place_ws/install/ur_simulation_gazebo/bin'
[2.056s] colcon.colcon_core.shell INFO Creating package script '/home/ubuntu/research_ws/ur10_pick_place_ws/install/ur_simulation_gazebo/share/ur_simulation_gazebo/package.ps1'
[2.057s] colcon.colcon_core.shell INFO Creating package descriptor '/home/ubuntu/research_ws/ur10_pick_place_ws/install/ur_simulation_gazebo/share/ur_simulation_gazebo/package.dsv'
[2.058s] colcon.colcon_core.shell INFO Creating package script '/home/ubuntu/research_ws/ur10_pick_place_ws/install/ur_simulation_gazebo/share/ur_simulation_gazebo/package.sh'
[2.059s] colcon.colcon_core.shell INFO Creating package script '/home/ubuntu/research_ws/ur10_pick_place_ws/install/ur_simulation_gazebo/share/ur_simulation_gazebo/package.bash'
[2.060s] colcon.colcon_core.shell INFO Creating package script '/home/ubuntu/research_ws/ur10_pick_place_ws/install/ur_simulation_gazebo/share/ur_simulation_gazebo/package.zsh'
[2.060s] colcon.colcon_core.environment Level 1 create_file_with_runtime_dependencies(/home/ubuntu/research_ws/ur10_pick_place_ws/install/ur_simulation_gazebo/share/colcon-core/packages/ur_simulation_gazebo)
[2.062s] colcon.colcon_core.environment Level 1 create_environment_scripts_only(ur_simulation_gazebo)
[2.062s] colcon.colcon_core.environment Level 1 checking '/home/ubuntu/research_ws/ur10_pick_place_ws/install/ur_simulation_gazebo' for CMake module files
[2.063s] colcon.colcon_core.environment Level 1 checking '/home/ubuntu/research_ws/ur10_pick_place_ws/install/ur_simulation_gazebo' for CMake config files
[2.064s] colcon.colcon_core.shell Level 1 create_environment_hook('ur_simulation_gazebo', 'cmake_prefix_path')
[2.065s] colcon.colcon_core.shell INFO Creating environment hook '/home/ubuntu/research_ws/ur10_pick_place_ws/install/ur_simulation_gazebo/share/ur_simulation_gazebo/hook/cmake_prefix_path.ps1'
[2.066s] colcon.colcon_core.shell INFO Creating environment descriptor '/home/ubuntu/research_ws/ur10_pick_place_ws/install/ur_simulation_gazebo/share/ur_simulation_gazebo/hook/cmake_prefix_path.dsv'
[2.066s] colcon.colcon_core.shell INFO Creating environment hook '/home/ubuntu/research_ws/ur10_pick_place_ws/install/ur_simulation_gazebo/share/ur_simulation_gazebo/hook/cmake_prefix_path.sh'
[2.068s] colcon.colcon_core.environment Level 1 checking '/home/ubuntu/research_ws/ur10_pick_place_ws/install/ur_simulation_gazebo/bin'
[2.068s] colcon.colcon_core.environment Level 1 checking '/home/ubuntu/research_ws/ur10_pick_place_ws/install/ur_simulation_gazebo/lib/pkgconfig/ur_simulation_gazebo.pc'
[2.068s] colcon.colcon_core.environment Level 1 checking '/home/ubuntu/research_ws/ur10_pick_place_ws/install/ur_simulation_gazebo/lib/python3.10/site-packages'
[2.069s] colcon.colcon_core.environment Level 1 checking '/home/ubuntu/research_ws/ur10_pick_place_ws/install/ur_simulation_gazebo/bin'
[2.070s] colcon.colcon_core.shell INFO Creating package script '/home/ubuntu/research_ws/ur10_pick_place_ws/install/ur_simulation_gazebo/share/ur_simulation_gazebo/package.ps1'
[2.071s] colcon.colcon_core.shell INFO Creating package descriptor '/home/ubuntu/research_ws/ur10_pick_place_ws/install/ur_simulation_gazebo/share/ur_simulation_gazebo/package.dsv'
[2.072s] colcon.colcon_core.shell INFO Creating package script '/home/ubuntu/research_ws/ur10_pick_place_ws/install/ur_simulation_gazebo/share/ur_simulation_gazebo/package.sh'
[2.073s] colcon.colcon_core.shell INFO Creating package script '/home/ubuntu/research_ws/ur10_pick_place_ws/install/ur_simulation_gazebo/share/ur_simulation_gazebo/package.bash'
[2.074s] colcon.colcon_core.shell INFO Creating package script '/home/ubuntu/research_ws/ur10_pick_place_ws/install/ur_simulation_gazebo/share/ur_simulation_gazebo/package.zsh'
[2.075s] colcon.colcon_core.environment Level 1 create_file_with_runtime_dependencies(/home/ubuntu/research_ws/ur10_pick_place_ws/install/ur_simulation_gazebo/share/colcon-core/packages/ur_simulation_gazebo)
[2.077s] colcon.colcon_core.event_handler.log_command DEBUG Invoked command in '/home/ubuntu/research_ws/ur10_pick_place_ws/build/linkattacher_msgs' returned '0': CMAKE_PREFIX_PATH=${CMAKE_PREFIX_PATH}:/home/ubuntu/ur_camera_ws/install/pick_place:/home/ubuntu/ur_camera_ws/install/easy_handeye2:/opt/ros/humble /usr/bin/cmake --build /home/ubuntu/research_ws/ur10_pick_place_ws/build/linkattacher_msgs -- -j12 -l12
[2.079s] colcon.colcon_core.event_handler.log_command DEBUG Invoking command in '/home/ubuntu/research_ws/ur10_pick_place_ws/build/linkattacher_msgs': CMAKE_PREFIX_PATH=${CMAKE_PREFIX_PATH}:/home/ubuntu/ur_camera_ws/install/pick_place:/home/ubuntu/ur_camera_ws/install/easy_handeye2:/opt/ros/humble /usr/bin/cmake --install /home/ubuntu/research_ws/ur10_pick_place_ws/build/linkattacher_msgs
[2.082s] colcon.colcon_core.environment Level 1 create_environment_scripts_only(robotiq_controllers)
[2.083s] colcon.colcon_core.environment Level 1 checking '/home/ubuntu/research_ws/ur10_pick_place_ws/install/robotiq_controllers' for CMake module files
[2.086s] colcon.colcon_core.environment Level 1 checking '/home/ubuntu/research_ws/ur10_pick_place_ws/install/robotiq_controllers' for CMake config files
[2.088s] colcon.colcon_core.shell Level 1 create_environment_hook('robotiq_controllers', 'cmake_prefix_path')
[2.089s] colcon.colcon_core.shell INFO Creating environment hook '/home/ubuntu/research_ws/ur10_pick_place_ws/install/robotiq_controllers/share/robotiq_controllers/hook/cmake_prefix_path.ps1'
[2.091s] colcon.colcon_core.shell INFO Creating environment descriptor '/home/ubuntu/research_ws/ur10_pick_place_ws/install/robotiq_controllers/share/robotiq_controllers/hook/cmake_prefix_path.dsv'
[2.091s] colcon.colcon_core.event_handler.log_command DEBUG Invoked command in '/home/ubuntu/research_ws/ur10_pick_place_ws/build/robotiq_controllers' returned '0': CMAKE_PREFIX_PATH=${CMAKE_PREFIX_PATH}:/home/ubuntu/ur_camera_ws/install/pick_place:/home/ubuntu/ur_camera_ws/install/easy_handeye2:/opt/ros/humble /usr/bin/cmake --install /home/ubuntu/research_ws/ur10_pick_place_ws/build/robotiq_controllers
[2.092s] colcon.colcon_core.shell INFO Creating environment hook '/home/ubuntu/research_ws/ur10_pick_place_ws/install/robotiq_controllers/share/robotiq_controllers/hook/cmake_prefix_path.sh'
[2.093s] colcon.colcon_core.environment Level 1 checking '/home/ubuntu/research_ws/ur10_pick_place_ws/install/robotiq_controllers/lib'
[2.094s] colcon.colcon_core.shell Level 1 create_environment_hook('robotiq_controllers', 'ld_library_path_lib')
[2.094s] colcon.colcon_core.shell INFO Creating environment hook '/home/ubuntu/research_ws/ur10_pick_place_ws/install/robotiq_controllers/share/robotiq_controllers/hook/ld_library_path_lib.ps1'
[2.096s] colcon.colcon_core.shell INFO Creating environment descriptor '/home/ubuntu/research_ws/ur10_pick_place_ws/install/robotiq_controllers/share/robotiq_controllers/hook/ld_library_path_lib.dsv'
[2.096s] colcon.colcon_core.shell INFO Creating environment hook '/home/ubuntu/research_ws/ur10_pick_place_ws/install/robotiq_controllers/share/robotiq_controllers/hook/ld_library_path_lib.sh'
[2.097s] colcon.colcon_core.environment Level 1 checking '/home/ubuntu/research_ws/ur10_pick_place_ws/install/robotiq_controllers/bin'
[2.097s] colcon.colcon_core.environment Level 1 checking '/home/ubuntu/research_ws/ur10_pick_place_ws/install/robotiq_controllers/lib/pkgconfig/robotiq_controllers.pc'
[2.098s] colcon.colcon_core.environment Level 1 checking '/home/ubuntu/research_ws/ur10_pick_place_ws/install/robotiq_controllers/lib/python3.10/site-packages'
[2.099s] colcon.colcon_core.environment Level 1 checking '/home/ubuntu/research_ws/ur10_pick_place_ws/install/robotiq_controllers/bin'
[2.100s] colcon.colcon_core.shell INFO Creating package script '/home/ubuntu/research_ws/ur10_pick_place_ws/install/robotiq_controllers/share/robotiq_controllers/package.ps1'
[2.101s] colcon.colcon_core.shell INFO Creating package descriptor '/home/ubuntu/research_ws/ur10_pick_place_ws/install/robotiq_controllers/share/robotiq_controllers/package.dsv'
[2.102s] colcon.colcon_core.shell INFO Creating package script '/home/ubuntu/research_ws/ur10_pick_place_ws/install/robotiq_controllers/share/robotiq_controllers/package.sh'
[2.103s] colcon.colcon_core.shell INFO Creating package script '/home/ubuntu/research_ws/ur10_pick_place_ws/install/robotiq_controllers/share/robotiq_controllers/package.bash'
[2.104s] colcon.colcon_core.shell INFO Creating package script '/home/ubuntu/research_ws/ur10_pick_place_ws/install/robotiq_controllers/share/robotiq_controllers/package.zsh'
[2.104s] colcon.colcon_core.environment Level 1 create_file_with_runtime_dependencies(/home/ubuntu/research_ws/ur10_pick_place_ws/install/robotiq_controllers/share/colcon-core/packages/robotiq_controllers)
[2.106s] colcon.colcon_core.environment Level 1 create_environment_scripts_only(robotiq_controllers)
[2.106s] colcon.colcon_core.environment Level 1 checking '/home/ubuntu/research_ws/ur10_pick_place_ws/install/robotiq_controllers' for CMake module files
[2.107s] colcon.colcon_core.environment Level 1 checking '/home/ubuntu/research_ws/ur10_pick_place_ws/install/robotiq_controllers' for CMake config files
[2.108s] colcon.colcon_core.shell Level 1 create_environment_hook('robotiq_controllers', 'cmake_prefix_path')
[2.108s] colcon.colcon_core.shell INFO Creating environment hook '/home/ubuntu/research_ws/ur10_pick_place_ws/install/robotiq_controllers/share/robotiq_controllers/hook/cmake_prefix_path.ps1'
[2.109s] colcon.colcon_core.shell INFO Creating environment descriptor '/home/ubuntu/research_ws/ur10_pick_place_ws/install/robotiq_controllers/share/robotiq_controllers/hook/cmake_prefix_path.dsv'
[2.110s] colcon.colcon_core.shell INFO Creating environment hook '/home/ubuntu/research_ws/ur10_pick_place_ws/install/robotiq_controllers/share/robotiq_controllers/hook/cmake_prefix_path.sh'
[2.111s] colcon.colcon_core.environment Level 1 checking '/home/ubuntu/research_ws/ur10_pick_place_ws/install/robotiq_controllers/lib'
[2.112s] colcon.colcon_core.shell Level 1 create_environment_hook('robotiq_controllers', 'ld_library_path_lib')
[2.112s] colcon.colcon_core.shell INFO Creating environment hook '/home/ubuntu/research_ws/ur10_pick_place_ws/install/robotiq_controllers/share/robotiq_controllers/hook/ld_library_path_lib.ps1'
[2.113s] colcon.colcon_core.shell INFO Creating environment descriptor '/home/ubuntu/research_ws/ur10_pick_place_ws/install/robotiq_controllers/share/robotiq_controllers/hook/ld_library_path_lib.dsv'
[2.114s] colcon.colcon_core.shell INFO Creating environment hook '/home/ubuntu/research_ws/ur10_pick_place_ws/install/robotiq_controllers/share/robotiq_controllers/hook/ld_library_path_lib.sh'
[2.115s] colcon.colcon_core.environment Level 1 checking '/home/ubuntu/research_ws/ur10_pick_place_ws/install/robotiq_controllers/bin'
[2.115s] colcon.colcon_core.environment Level 1 checking '/home/ubuntu/research_ws/ur10_pick_place_ws/install/robotiq_controllers/lib/pkgconfig/robotiq_controllers.pc'
[2.115s] colcon.colcon_core.environment Level 1 checking '/home/ubuntu/research_ws/ur10_pick_place_ws/install/robotiq_controllers/lib/python3.10/site-packages'
[2.116s] colcon.colcon_core.environment Level 1 checking '/home/ubuntu/research_ws/ur10_pick_place_ws/install/robotiq_controllers/bin'
[2.117s] colcon.colcon_core.shell INFO Creating package script '/home/ubuntu/research_ws/ur10_pick_place_ws/install/robotiq_controllers/share/robotiq_controllers/package.ps1'
[2.119s] colcon.colcon_core.shell INFO Creating package descriptor '/home/ubuntu/research_ws/ur10_pick_place_ws/install/robotiq_controllers/share/robotiq_controllers/package.dsv'
[2.120s] colcon.colcon_core.shell INFO Creating package script '/home/ubuntu/research_ws/ur10_pick_place_ws/install/robotiq_controllers/share/robotiq_controllers/package.sh'
[2.121s] colcon.colcon_core.shell INFO Creating package script '/home/ubuntu/research_ws/ur10_pick_place_ws/install/robotiq_controllers/share/robotiq_controllers/package.bash'
[2.122s] colcon.colcon_core.shell INFO Creating package script '/home/ubuntu/research_ws/ur10_pick_place_ws/install/robotiq_controllers/share/robotiq_controllers/package.zsh'
[2.123s] colcon.colcon_core.environment Level 1 create_file_with_runtime_dependencies(/home/ubuntu/research_ws/ur10_pick_place_ws/install/robotiq_controllers/share/colcon-core/packages/robotiq_controllers)
[2.220s] colcon.colcon_core.environment Level 1 create_environment_scripts_only(linkattacher_msgs)
[2.221s] colcon.colcon_core.environment Level 1 checking '/home/ubuntu/research_ws/ur10_pick_place_ws/install/linkattacher_msgs' for CMake module files
[2.222s] colcon.colcon_core.event_handler.log_command DEBUG Invoked command in '/home/ubuntu/research_ws/ur10_pick_place_ws/build/linkattacher_msgs' returned '0': CMAKE_PREFIX_PATH=${CMAKE_PREFIX_PATH}:/home/ubuntu/ur_camera_ws/install/pick_place:/home/ubuntu/ur_camera_ws/install/easy_handeye2:/opt/ros/humble /usr/bin/cmake --install /home/ubuntu/research_ws/ur10_pick_place_ws/build/linkattacher_msgs
[2.224s] colcon.colcon_core.environment Level 1 checking '/home/ubuntu/research_ws/ur10_pick_place_ws/install/linkattacher_msgs' for CMake config files
[2.227s] colcon.colcon_core.shell Level 1 create_environment_hook('linkattacher_msgs', 'cmake_prefix_path')
[2.228s] colcon.colcon_core.shell INFO Creating environment hook '/home/ubuntu/research_ws/ur10_pick_place_ws/install/linkattacher_msgs/share/linkattacher_msgs/hook/cmake_prefix_path.ps1'
[2.230s] colcon.colcon_core.shell INFO Creating environment descriptor '/home/ubuntu/research_ws/ur10_pick_place_ws/install/linkattacher_msgs/share/linkattacher_msgs/hook/cmake_prefix_path.dsv'
[2.230s] colcon.colcon_core.shell INFO Creating environment hook '/home/ubuntu/research_ws/ur10_pick_place_ws/install/linkattacher_msgs/share/linkattacher_msgs/hook/cmake_prefix_path.sh'
[2.232s] colcon.colcon_core.environment Level 1 checking '/home/ubuntu/research_ws/ur10_pick_place_ws/install/linkattacher_msgs/lib'
[2.232s] colcon.colcon_core.shell Level 1 create_environment_hook('linkattacher_msgs', 'ld_library_path_lib')
[2.233s] colcon.colcon_core.shell INFO Creating environment hook '/home/ubuntu/research_ws/ur10_pick_place_ws/install/linkattacher_msgs/share/linkattacher_msgs/hook/ld_library_path_lib.ps1'
[2.234s] colcon.colcon_core.shell INFO Creating environment descriptor '/home/ubuntu/research_ws/ur10_pick_place_ws/install/linkattacher_msgs/share/linkattacher_msgs/hook/ld_library_path_lib.dsv'
[2.235s] colcon.colcon_core.shell INFO Creating environment hook '/home/ubuntu/research_ws/ur10_pick_place_ws/install/linkattacher_msgs/share/linkattacher_msgs/hook/ld_library_path_lib.sh'
[2.237s] colcon.colcon_core.environment Level 1 checking '/home/ubuntu/research_ws/ur10_pick_place_ws/install/linkattacher_msgs/bin'
[2.237s] colcon.colcon_core.environment Level 1 checking '/home/ubuntu/research_ws/ur10_pick_place_ws/install/linkattacher_msgs/lib/pkgconfig/linkattacher_msgs.pc'
[2.238s] colcon.colcon_core.environment Level 1 checking '/home/ubuntu/research_ws/ur10_pick_place_ws/install/linkattacher_msgs/lib/python3.10/site-packages'
[2.240s] colcon.colcon_core.environment Level 1 checking '/home/ubuntu/research_ws/ur10_pick_place_ws/install/linkattacher_msgs/bin'
[2.241s] colcon.colcon_core.shell INFO Creating package script '/home/ubuntu/research_ws/ur10_pick_place_ws/install/linkattacher_msgs/share/linkattacher_msgs/package.ps1'
[2.243s] colcon.colcon_core.shell INFO Creating package descriptor '/home/ubuntu/research_ws/ur10_pick_place_ws/install/linkattacher_msgs/share/linkattacher_msgs/package.dsv'
[2.244s] colcon.colcon_core.shell INFO Creating package script '/home/ubuntu/research_ws/ur10_pick_place_ws/install/linkattacher_msgs/share/linkattacher_msgs/package.sh'
[2.245s] colcon.colcon_core.shell INFO Creating package script '/home/ubuntu/research_ws/ur10_pick_place_ws/install/linkattacher_msgs/share/linkattacher_msgs/package.bash'
[2.246s] colcon.colcon_core.shell INFO Creating package script '/home/ubuntu/research_ws/ur10_pick_place_ws/install/linkattacher_msgs/share/linkattacher_msgs/package.zsh'
[2.248s] colcon.colcon_core.environment Level 1 create_file_with_runtime_dependencies(/home/ubuntu/research_ws/ur10_pick_place_ws/install/linkattacher_msgs/share/colcon-core/packages/linkattacher_msgs)
[2.250s] colcon.colcon_core.environment Level 1 create_environment_scripts_only(linkattacher_msgs)
[2.250s] colcon.colcon_core.environment Level 1 checking '/home/ubuntu/research_ws/ur10_pick_place_ws/install/linkattacher_msgs' for CMake module files
[2.252s] colcon.colcon_core.environment Level 1 checking '/home/ubuntu/research_ws/ur10_pick_place_ws/install/linkattacher_msgs' for CMake config files
[2.254s] colcon.colcon_core.shell Level 1 create_environment_hook('linkattacher_msgs', 'cmake_prefix_path')
[2.254s] colcon.colcon_core.shell INFO Creating environment hook '/home/ubuntu/research_ws/ur10_pick_place_ws/install/linkattacher_msgs/share/linkattacher_msgs/hook/cmake_prefix_path.ps1'
[2.255s] colcon.colcon_core.shell INFO Creating environment descriptor '/home/ubuntu/research_ws/ur10_pick_place_ws/install/linkattacher_msgs/share/linkattacher_msgs/hook/cmake_prefix_path.dsv'
[2.256s] colcon.colcon_core.shell INFO Creating environment hook '/home/ubuntu/research_ws/ur10_pick_place_ws/install/linkattacher_msgs/share/linkattacher_msgs/hook/cmake_prefix_path.sh'
[2.258s] colcon.colcon_core.environment Level 1 checking '/home/ubuntu/research_ws/ur10_pick_place_ws/install/linkattacher_msgs/lib'
[2.258s] colcon.colcon_core.shell Level 1 create_environment_hook('linkattacher_msgs', 'ld_library_path_lib')
[2.259s] colcon.colcon_core.shell INFO Creating environment hook '/home/ubuntu/research_ws/ur10_pick_place_ws/install/linkattacher_msgs/share/linkattacher_msgs/hook/ld_library_path_lib.ps1'
[2.260s] colcon.colcon_core.shell INFO Creating environment descriptor '/home/ubuntu/research_ws/ur10_pick_place_ws/install/linkattacher_msgs/share/linkattacher_msgs/hook/ld_library_path_lib.dsv'
[2.261s] colcon.colcon_core.shell INFO Creating environment hook '/home/ubuntu/research_ws/ur10_pick_place_ws/install/linkattacher_msgs/share/linkattacher_msgs/hook/ld_library_path_lib.sh'
[2.263s] colcon.colcon_core.environment Level 1 checking '/home/ubuntu/research_ws/ur10_pick_place_ws/install/linkattacher_msgs/bin'
[2.263s] colcon.colcon_core.environment Level 1 checking '/home/ubuntu/research_ws/ur10_pick_place_ws/install/linkattacher_msgs/lib/pkgconfig/linkattacher_msgs.pc'
[2.263s] colcon.colcon_core.environment Level 1 checking '/home/ubuntu/research_ws/ur10_pick_place_ws/install/linkattacher_msgs/lib/python3.10/site-packages'
[2.264s] colcon.colcon_core.environment Level 1 checking '/home/ubuntu/research_ws/ur10_pick_place_ws/install/linkattacher_msgs/bin'
[2.265s] colcon.colcon_core.shell INFO Creating package script '/home/ubuntu/research_ws/ur10_pick_place_ws/install/linkattacher_msgs/share/linkattacher_msgs/package.ps1'
[2.266s] colcon.colcon_core.shell INFO Creating package descriptor '/home/ubuntu/research_ws/ur10_pick_place_ws/install/linkattacher_msgs/share/linkattacher_msgs/package.dsv'
[2.268s] colcon.colcon_core.shell INFO Creating package script '/home/ubuntu/research_ws/ur10_pick_place_ws/install/linkattacher_msgs/share/linkattacher_msgs/package.sh'
[2.269s] colcon.colcon_core.shell INFO Creating package script '/home/ubuntu/research_ws/ur10_pick_place_ws/install/linkattacher_msgs/share/linkattacher_msgs/package.bash'
[2.270s] colcon.colcon_core.shell INFO Creating package script '/home/ubuntu/research_ws/ur10_pick_place_ws/install/linkattacher_msgs/share/linkattacher_msgs/package.zsh'
[2.271s] colcon.colcon_core.environment Level 1 create_file_with_runtime_dependencies(/home/ubuntu/research_ws/ur10_pick_place_ws/install/linkattacher_msgs/share/colcon-core/packages/linkattacher_msgs)
[2.272s] colcon.colcon_ros.task.ament_cmake.build INFO Building ROS package in '/home/ubuntu/research_ws/ur10_pick_place_ws/src/ur_yt_sim' with build type 'ament_cmake'
[2.273s] colcon.colcon_cmake.task.cmake.build INFO Building CMake package in '/home/ubuntu/research_ws/ur10_pick_place_ws/src/ur_yt_sim'
[2.273s] colcon.colcon_core.shell INFO Skip shell extension 'powershell' for command environment: Not usable outside of PowerShell
[2.274s] colcon.colcon_core.shell DEBUG Skip shell extension 'dsv' for command environment
[2.287s] colcon.colcon_ros.task.ament_cmake.build INFO Building ROS package in '/home/ubuntu/research_ws/ur10_pick_place_ws/src/linkattacher_plugin' with build type 'ament_cmake'
[2.287s] colcon.colcon_cmake.task.cmake.build INFO Building CMake package in '/home/ubuntu/research_ws/ur10_pick_place_ws/src/linkattacher_plugin'
[2.288s] colcon.colcon_core.shell INFO Skip shell extension 'powershell' for command environment: Not usable outside of PowerShell
[2.288s] colcon.colcon_core.shell DEBUG Skip shell extension 'dsv' for command environment
[2.307s] colcon.colcon_core.event_handler.log_command DEBUG Invoking command in '/home/ubuntu/research_ws/ur10_pick_place_ws/build/ur_yt_sim': AMENT_PREFIX_PATH=/home/ubuntu/research_ws/ur10_pick_place_ws/install/linkattacher_msgs:${AMENT_PREFIX_PATH} CMAKE_PREFIX_PATH=/home/ubuntu/research_ws/ur10_pick_place_ws/install/linkattacher_msgs:/home/ubuntu/ur_camera_ws/install/ur_moveit_config:/home/ubuntu/ur_camera_ws/install/easy_handeye2_msgs:/home/ubuntu/ur_camera_ws/install/depthai-ros:/home/ubuntu/ur_camera_ws/install/depthai_ros_driver:/home/ubuntu/ur_camera_ws/install/depthai_filters:/home/ubuntu/ur_camera_ws/install/depthai_examples:/home/ubuntu/ur_camera_ws/install/depthai_bridge:/home/ubuntu/ur_camera_ws/install/depthai_ros_msgs:/home/ubuntu/ur_camera_ws/install/depthai_descriptions:/home/ubuntu/ur_camera_ws/install/pick_place:/home/ubuntu/ur_camera_ws/install/easy_handeye2:/opt/ros/humble LD_LIBRARY_PATH=/home/ubuntu/research_ws/ur10_pick_place_ws/install/linkattacher_msgs/lib:${LD_LIBRARY_PATH} PYTHONPATH=/home/ubuntu/research_ws/ur10_pick_place_ws/install/linkattacher_msgs/local/lib/python3.10/dist-packages:${PYTHONPATH} /usr/bin/cmake --build /home/ubuntu/research_ws/ur10_pick_place_ws/build/ur_yt_sim -- -j12 -l12
[2.313s] colcon.colcon_core.event_handler.log_command DEBUG Invoking command in '/home/ubuntu/research_ws/ur10_pick_place_ws/build/ros2_linkattacher': AMENT_PREFIX_PATH=/home/ubuntu/research_ws/ur10_pick_place_ws/install/linkattacher_msgs:${AMENT_PREFIX_PATH} CMAKE_PREFIX_PATH=/home/ubuntu/research_ws/ur10_pick_place_ws/install/linkattacher_msgs:/home/ubuntu/ur_camera_ws/install/ur_moveit_config:/home/ubuntu/ur_camera_ws/install/easy_handeye2_msgs:/home/ubuntu/ur_camera_ws/install/depthai-ros:/home/ubuntu/ur_camera_ws/install/depthai_ros_driver:/home/ubuntu/ur_camera_ws/install/depthai_filters:/home/ubuntu/ur_camera_ws/install/depthai_examples:/home/ubuntu/ur_camera_ws/install/depthai_bridge:/home/ubuntu/ur_camera_ws/install/depthai_ros_msgs:/home/ubuntu/ur_camera_ws/install/depthai_descriptions:/home/ubuntu/ur_camera_ws/install/pick_place:/home/ubuntu/ur_camera_ws/install/easy_handeye2:/opt/ros/humble LD_LIBRARY_PATH=/home/ubuntu/research_ws/ur10_pick_place_ws/install/linkattacher_msgs/lib:${LD_LIBRARY_PATH} PYTHONPATH=/home/ubuntu/research_ws/ur10_pick_place_ws/install/linkattacher_msgs/local/lib/python3.10/dist-packages:${PYTHONPATH} /usr/bin/cmake --build /home/ubuntu/research_ws/ur10_pick_place_ws/build/ros2_linkattacher -- -j12 -l12
[2.389s] colcon.colcon_core.event_handler.log_command DEBUG Invoked command in '/home/ubuntu/research_ws/ur10_pick_place_ws/build/ros2_linkattacher' returned '0': AMENT_PREFIX_PATH=/home/ubuntu/research_ws/ur10_pick_place_ws/install/linkattacher_msgs:${AMENT_PREFIX_PATH} CMAKE_PREFIX_PATH=/home/ubuntu/research_ws/ur10_pick_place_ws/install/linkattacher_msgs:/home/ubuntu/ur_camera_ws/install/ur_moveit_config:/home/ubuntu/ur_camera_ws/install/easy_handeye2_msgs:/home/ubuntu/ur_camera_ws/install/depthai-ros:/home/ubuntu/ur_camera_ws/install/depthai_ros_driver:/home/ubuntu/ur_camera_ws/install/depthai_filters:/home/ubuntu/ur_camera_ws/install/depthai_examples:/home/ubuntu/ur_camera_ws/install/depthai_bridge:/home/ubuntu/ur_camera_ws/install/depthai_ros_msgs:/home/ubuntu/ur_camera_ws/install/depthai_descriptions:/home/ubuntu/ur_camera_ws/install/pick_place:/home/ubuntu/ur_camera_ws/install/easy_handeye2:/opt/ros/humble LD_LIBRARY_PATH=/home/ubuntu/research_ws/ur10_pick_place_ws/install/linkattacher_msgs/lib:${LD_LIBRARY_PATH} PYTHONPATH=/home/ubuntu/research_ws/ur10_pick_place_ws/install/linkattacher_msgs/local/lib/python3.10/dist-packages:${PYTHONPATH} /usr/bin/cmake --build /home/ubuntu/research_ws/ur10_pick_place_ws/build/ros2_linkattacher -- -j12 -l12
[2.391s] colcon.colcon_core.event_handler.log_command DEBUG Invoking command in '/home/ubuntu/research_ws/ur10_pick_place_ws/build/ros2_linkattacher': AMENT_PREFIX_PATH=/home/ubuntu/research_ws/ur10_pick_place_ws/install/linkattacher_msgs:${AMENT_PREFIX_PATH} CMAKE_PREFIX_PATH=/home/ubuntu/research_ws/ur10_pick_place_ws/install/linkattacher_msgs:/home/ubuntu/ur_camera_ws/install/ur_moveit_config:/home/ubuntu/ur_camera_ws/install/easy_handeye2_msgs:/home/ubuntu/ur_camera_ws/install/depthai-ros:/home/ubuntu/ur_camera_ws/install/depthai_ros_driver:/home/ubuntu/ur_camera_ws/install/depthai_filters:/home/ubuntu/ur_camera_ws/install/depthai_examples:/home/ubuntu/ur_camera_ws/install/depthai_bridge:/home/ubuntu/ur_camera_ws/install/depthai_ros_msgs:/home/ubuntu/ur_camera_ws/install/depthai_descriptions:/home/ubuntu/ur_camera_ws/install/pick_place:/home/ubuntu/ur_camera_ws/install/easy_handeye2:/opt/ros/humble LD_LIBRARY_PATH=/home/ubuntu/research_ws/ur10_pick_place_ws/install/linkattacher_msgs/lib:${LD_LIBRARY_PATH} PYTHONPATH=/home/ubuntu/research_ws/ur10_pick_place_ws/install/linkattacher_msgs/local/lib/python3.10/dist-packages:${PYTHONPATH} /usr/bin/cmake --install /home/ubuntu/research_ws/ur10_pick_place_ws/build/ros2_linkattacher
[2.413s] colcon.colcon_core.environment Level 1 create_environment_scripts_only(ros2_linkattacher)
[2.414s] colcon.colcon_core.environment Level 1 checking '/home/ubuntu/research_ws/ur10_pick_place_ws/install/ros2_linkattacher' for CMake module files
[2.415s] colcon.colcon_core.event_handler.log_command DEBUG Invoked command in '/home/ubuntu/research_ws/ur10_pick_place_ws/build/ros2_linkattacher' returned '0': AMENT_PREFIX_PATH=/home/ubuntu/research_ws/ur10_pick_place_ws/install/linkattacher_msgs:${AMENT_PREFIX_PATH} CMAKE_PREFIX_PATH=/home/ubuntu/research_ws/ur10_pick_place_ws/install/linkattacher_msgs:/home/ubuntu/ur_camera_ws/install/ur_moveit_config:/home/ubuntu/ur_camera_ws/install/easy_handeye2_msgs:/home/ubuntu/ur_camera_ws/install/depthai-ros:/home/ubuntu/ur_camera_ws/install/depthai_ros_driver:/home/ubuntu/ur_camera_ws/install/depthai_filters:/home/ubuntu/ur_camera_ws/install/depthai_examples:/home/ubuntu/ur_camera_ws/install/depthai_bridge:/home/ubuntu/ur_camera_ws/install/depthai_ros_msgs:/home/ubuntu/ur_camera_ws/install/depthai_descriptions:/home/ubuntu/ur_camera_ws/install/pick_place:/home/ubuntu/ur_camera_ws/install/easy_handeye2:/opt/ros/humble LD_LIBRARY_PATH=/home/ubuntu/research_ws/ur10_pick_place_ws/install/linkattacher_msgs/lib:${LD_LIBRARY_PATH} PYTHONPATH=/home/ubuntu/research_ws/ur10_pick_place_ws/install/linkattacher_msgs/local/lib/python3.10/dist-packages:${PYTHONPATH} /usr/bin/cmake --install /home/ubuntu/research_ws/ur10_pick_place_ws/build/ros2_linkattacher
[2.416s] colcon.colcon_core.environment Level 1 checking '/home/ubuntu/research_ws/ur10_pick_place_ws/install/ros2_linkattacher' for CMake config files
[2.416s] colcon.colcon_core.shell Level 1 create_environment_hook('ros2_linkattacher', 'cmake_prefix_path')
[2.417s] colcon.colcon_core.shell INFO Creating environment hook '/home/ubuntu/research_ws/ur10_pick_place_ws/install/ros2_linkattacher/share/ros2_linkattacher/hook/cmake_prefix_path.ps1'
[2.419s] colcon.colcon_core.shell INFO Creating environment descriptor '/home/ubuntu/research_ws/ur10_pick_place_ws/install/ros2_linkattacher/share/ros2_linkattacher/hook/cmake_prefix_path.dsv'
[2.422s] colcon.colcon_core.shell INFO Creating environment hook '/home/ubuntu/research_ws/ur10_pick_place_ws/install/ros2_linkattacher/share/ros2_linkattacher/hook/cmake_prefix_path.sh'
[2.425s] colcon.colcon_core.environment Level 1 checking '/home/ubuntu/research_ws/ur10_pick_place_ws/install/ros2_linkattacher/bin'
[2.425s] colcon.colcon_core.environment Level 1 checking '/home/ubuntu/research_ws/ur10_pick_place_ws/install/ros2_linkattacher/lib/pkgconfig/ros2_linkattacher.pc'
[2.426s] colcon.colcon_core.environment Level 1 checking '/home/ubuntu/research_ws/ur10_pick_place_ws/install/ros2_linkattacher/lib/python3.10/site-packages'
[2.428s] colcon.colcon_core.environment Level 1 checking '/home/ubuntu/research_ws/ur10_pick_place_ws/install/ros2_linkattacher/bin'
[2.428s] colcon.colcon_core.shell INFO Creating package script '/home/ubuntu/research_ws/ur10_pick_place_ws/install/ros2_linkattacher/share/ros2_linkattacher/package.ps1'
[2.430s] colcon.colcon_core.shell INFO Creating package descriptor '/home/ubuntu/research_ws/ur10_pick_place_ws/install/ros2_linkattacher/share/ros2_linkattacher/package.dsv'
[2.431s] colcon.colcon_core.shell INFO Creating package script '/home/ubuntu/research_ws/ur10_pick_place_ws/install/ros2_linkattacher/share/ros2_linkattacher/package.sh'
[2.431s] colcon.colcon_core.shell INFO Creating package script '/home/ubuntu/research_ws/ur10_pick_place_ws/install/ros2_linkattacher/share/ros2_linkattacher/package.bash'
[2.433s] colcon.colcon_core.shell INFO Creating package script '/home/ubuntu/research_ws/ur10_pick_place_ws/install/ros2_linkattacher/share/ros2_linkattacher/package.zsh'
[2.435s] colcon.colcon_core.environment Level 1 create_file_with_runtime_dependencies(/home/ubuntu/research_ws/ur10_pick_place_ws/install/ros2_linkattacher/share/colcon-core/packages/ros2_linkattacher)
[2.436s] colcon.colcon_core.environment Level 1 create_environment_scripts_only(ros2_linkattacher)
[2.437s] colcon.colcon_core.environment Level 1 checking '/home/ubuntu/research_ws/ur10_pick_place_ws/install/ros2_linkattacher' for CMake module files
[2.438s] colcon.colcon_core.environment Level 1 checking '/home/ubuntu/research_ws/ur10_pick_place_ws/install/ros2_linkattacher' for CMake config files
[2.439s] colcon.colcon_core.shell Level 1 create_environment_hook('ros2_linkattacher', 'cmake_prefix_path')
[2.439s] colcon.colcon_core.shell INFO Creating environment hook '/home/ubuntu/research_ws/ur10_pick_place_ws/install/ros2_linkattacher/share/ros2_linkattacher/hook/cmake_prefix_path.ps1'
[2.441s] colcon.colcon_core.shell INFO Creating environment descriptor '/home/ubuntu/research_ws/ur10_pick_place_ws/install/ros2_linkattacher/share/ros2_linkattacher/hook/cmake_prefix_path.dsv'
[2.442s] colcon.colcon_core.shell INFO Creating environment hook '/home/ubuntu/research_ws/ur10_pick_place_ws/install/ros2_linkattacher/share/ros2_linkattacher/hook/cmake_prefix_path.sh'
[2.444s] colcon.colcon_core.environment Level 1 checking '/home/ubuntu/research_ws/ur10_pick_place_ws/install/ros2_linkattacher/bin'
[2.444s] colcon.colcon_core.environment Level 1 checking '/home/ubuntu/research_ws/ur10_pick_place_ws/install/ros2_linkattacher/lib/pkgconfig/ros2_linkattacher.pc'
[2.445s] colcon.colcon_core.environment Level 1 checking '/home/ubuntu/research_ws/ur10_pick_place_ws/install/ros2_linkattacher/lib/python3.10/site-packages'
[2.446s] colcon.colcon_core.environment Level 1 checking '/home/ubuntu/research_ws/ur10_pick_place_ws/install/ros2_linkattacher/bin'
[2.447s] colcon.colcon_core.shell INFO Creating package script '/home/ubuntu/research_ws/ur10_pick_place_ws/install/ros2_linkattacher/share/ros2_linkattacher/package.ps1'
[2.449s] colcon.colcon_core.shell INFO Creating package descriptor '/home/ubuntu/research_ws/ur10_pick_place_ws/install/ros2_linkattacher/share/ros2_linkattacher/package.dsv'
[2.451s] colcon.colcon_core.shell INFO Creating package script '/home/ubuntu/research_ws/ur10_pick_place_ws/install/ros2_linkattacher/share/ros2_linkattacher/package.sh'
[2.453s] colcon.colcon_core.shell INFO Creating package script '/home/ubuntu/research_ws/ur10_pick_place_ws/install/ros2_linkattacher/share/ros2_linkattacher/package.bash'
[2.454s] colcon.colcon_core.shell INFO Creating package script '/home/ubuntu/research_ws/ur10_pick_place_ws/install/ros2_linkattacher/share/ros2_linkattacher/package.zsh'
[2.455s] colcon.colcon_core.environment Level 1 create_file_with_runtime_dependencies(/home/ubuntu/research_ws/ur10_pick_place_ws/install/ros2_linkattacher/share/colcon-core/packages/ros2_linkattacher)
[2.468s] colcon.colcon_core.event_handler.log_command DEBUG Invoked command in '/home/ubuntu/research_ws/ur10_pick_place_ws/build/ur_yt_sim' returned '0': AMENT_PREFIX_PATH=/home/ubuntu/research_ws/ur10_pick_place_ws/install/linkattacher_msgs:${AMENT_PREFIX_PATH} CMAKE_PREFIX_PATH=/home/ubuntu/research_ws/ur10_pick_place_ws/install/linkattacher_msgs:/home/ubuntu/ur_camera_ws/install/ur_moveit_config:/home/ubuntu/ur_camera_ws/install/easy_handeye2_msgs:/home/ubuntu/ur_camera_ws/install/depthai-ros:/home/ubuntu/ur_camera_ws/install/depthai_ros_driver:/home/ubuntu/ur_camera_ws/install/depthai_filters:/home/ubuntu/ur_camera_ws/install/depthai_examples:/home/ubuntu/ur_camera_ws/install/depthai_bridge:/home/ubuntu/ur_camera_ws/install/depthai_ros_msgs:/home/ubuntu/ur_camera_ws/install/depthai_descriptions:/home/ubuntu/ur_camera_ws/install/pick_place:/home/ubuntu/ur_camera_ws/install/easy_handeye2:/opt/ros/humble LD_LIBRARY_PATH=/home/ubuntu/research_ws/ur10_pick_place_ws/install/linkattacher_msgs/lib:${LD_LIBRARY_PATH} PYTHONPATH=/home/ubuntu/research_ws/ur10_pick_place_ws/install/linkattacher_msgs/local/lib/python3.10/dist-packages:${PYTHONPATH} /usr/bin/cmake --build /home/ubuntu/research_ws/ur10_pick_place_ws/build/ur_yt_sim -- -j12 -l12
[2.471s] colcon.colcon_core.event_handler.log_command DEBUG Invoking command in '/home/ubuntu/research_ws/ur10_pick_place_ws/build/ur_yt_sim': AMENT_PREFIX_PATH=/home/ubuntu/research_ws/ur10_pick_place_ws/install/linkattacher_msgs:${AMENT_PREFIX_PATH} CMAKE_PREFIX_PATH=/home/ubuntu/research_ws/ur10_pick_place_ws/install/linkattacher_msgs:/home/ubuntu/ur_camera_ws/install/ur_moveit_config:/home/ubuntu/ur_camera_ws/install/easy_handeye2_msgs:/home/ubuntu/ur_camera_ws/install/depthai-ros:/home/ubuntu/ur_camera_ws/install/depthai_ros_driver:/home/ubuntu/ur_camera_ws/install/depthai_filters:/home/ubuntu/ur_camera_ws/install/depthai_examples:/home/ubuntu/ur_camera_ws/install/depthai_bridge:/home/ubuntu/ur_camera_ws/install/depthai_ros_msgs:/home/ubuntu/ur_camera_ws/install/depthai_descriptions:/home/ubuntu/ur_camera_ws/install/pick_place:/home/ubuntu/ur_camera_ws/install/easy_handeye2:/opt/ros/humble LD_LIBRARY_PATH=/home/ubuntu/research_ws/ur10_pick_place_ws/install/linkattacher_msgs/lib:${LD_LIBRARY_PATH} PYTHONPATH=/home/ubuntu/research_ws/ur10_pick_place_ws/install/linkattacher_msgs/local/lib/python3.10/dist-packages:${PYTHONPATH} /usr/bin/cmake --install /home/ubuntu/research_ws/ur10_pick_place_ws/build/ur_yt_sim
[2.499s] colcon.colcon_core.environment Level 1 create_environment_scripts_only(ur_yt_sim)
[2.500s] colcon.colcon_core.environment Level 1 checking '/home/ubuntu/research_ws/ur10_pick_place_ws/install/ur_yt_sim' for CMake module files
[2.506s] colcon.colcon_core.environment Level 1 checking '/home/ubuntu/research_ws/ur10_pick_place_ws/install/ur_yt_sim' for CMake config files
[2.513s] colcon.colcon_core.event_handler.log_command DEBUG Invoked command in '/home/ubuntu/research_ws/ur10_pick_place_ws/build/ur_yt_sim' returned '0': AMENT_PREFIX_PATH=/home/ubuntu/research_ws/ur10_pick_place_ws/install/linkattacher_msgs:${AMENT_PREFIX_PATH} CMAKE_PREFIX_PATH=/home/ubuntu/research_ws/ur10_pick_place_ws/install/linkattacher_msgs:/home/ubuntu/ur_camera_ws/install/ur_moveit_config:/home/ubuntu/ur_camera_ws/install/easy_handeye2_msgs:/home/ubuntu/ur_camera_ws/install/depthai-ros:/home/ubuntu/ur_camera_ws/install/depthai_ros_driver:/home/ubuntu/ur_camera_ws/install/depthai_filters:/home/ubuntu/ur_camera_ws/install/depthai_examples:/home/ubuntu/ur_camera_ws/install/depthai_bridge:/home/ubuntu/ur_camera_ws/install/depthai_ros_msgs:/home/ubuntu/ur_camera_ws/install/depthai_descriptions:/home/ubuntu/ur_camera_ws/install/pick_place:/home/ubuntu/ur_camera_ws/install/easy_handeye2:/opt/ros/humble LD_LIBRARY_PATH=/home/ubuntu/research_ws/ur10_pick_place_ws/install/linkattacher_msgs/lib:${LD_LIBRARY_PATH} PYTHONPATH=/home/ubuntu/research_ws/ur10_pick_place_ws/install/linkattacher_msgs/local/lib/python3.10/dist-packages:${PYTHONPATH} /usr/bin/cmake --install /home/ubuntu/research_ws/ur10_pick_place_ws/build/ur_yt_sim
[2.514s] colcon.colcon_core.shell Level 1 create_environment_hook('ur_yt_sim', 'cmake_prefix_path')
[2.515s] colcon.colcon_core.shell INFO Creating environment hook '/home/ubuntu/research_ws/ur10_pick_place_ws/install/ur_yt_sim/share/ur_yt_sim/hook/cmake_prefix_path.ps1'
[2.517s] colcon.colcon_core.shell INFO Creating environment descriptor '/home/ubuntu/research_ws/ur10_pick_place_ws/install/ur_yt_sim/share/ur_yt_sim/hook/cmake_prefix_path.dsv'
[2.518s] colcon.colcon_core.shell INFO Creating environment hook '/home/ubuntu/research_ws/ur10_pick_place_ws/install/ur_yt_sim/share/ur_yt_sim/hook/cmake_prefix_path.sh'
[2.521s] colcon.colcon_core.environment Level 1 checking '/home/ubuntu/research_ws/ur10_pick_place_ws/install/ur_yt_sim/lib'
[2.521s] colcon.colcon_core.environment Level 1 checking '/home/ubuntu/research_ws/ur10_pick_place_ws/install/ur_yt_sim/bin'
[2.521s] colcon.colcon_core.environment Level 1 checking '/home/ubuntu/research_ws/ur10_pick_place_ws/install/ur_yt_sim/lib/pkgconfig/ur_yt_sim.pc'
[2.522s] colcon.colcon_core.environment Level 1 checking '/home/ubuntu/research_ws/ur10_pick_place_ws/install/ur_yt_sim/lib/python3.10/site-packages'
[2.524s] colcon.colcon_core.environment Level 1 checking '/home/ubuntu/research_ws/ur10_pick_place_ws/install/ur_yt_sim/bin'
[2.525s] colcon.colcon_core.shell INFO Creating package script '/home/ubuntu/research_ws/ur10_pick_place_ws/install/ur_yt_sim/share/ur_yt_sim/package.ps1'
[2.526s] colcon.colcon_core.shell INFO Creating package descriptor '/home/ubuntu/research_ws/ur10_pick_place_ws/install/ur_yt_sim/share/ur_yt_sim/package.dsv'
[2.528s] colcon.colcon_core.shell INFO Creating package script '/home/ubuntu/research_ws/ur10_pick_place_ws/install/ur_yt_sim/share/ur_yt_sim/package.sh'
[2.529s] colcon.colcon_core.shell INFO Creating package script '/home/ubuntu/research_ws/ur10_pick_place_ws/install/ur_yt_sim/share/ur_yt_sim/package.bash'
[2.530s] colcon.colcon_core.shell INFO Creating package script '/home/ubuntu/research_ws/ur10_pick_place_ws/install/ur_yt_sim/share/ur_yt_sim/package.zsh'
[2.532s] colcon.colcon_core.environment Level 1 create_file_with_runtime_dependencies(/home/ubuntu/research_ws/ur10_pick_place_ws/install/ur_yt_sim/share/colcon-core/packages/ur_yt_sim)
[2.533s] colcon.colcon_core.environment Level 1 create_environment_scripts_only(ur_yt_sim)
[2.534s] colcon.colcon_core.environment Level 1 checking '/home/ubuntu/research_ws/ur10_pick_place_ws/install/ur_yt_sim' for CMake module files
[2.536s] colcon.colcon_core.environment Level 1 checking '/home/ubuntu/research_ws/ur10_pick_place_ws/install/ur_yt_sim' for CMake config files
[2.537s] colcon.colcon_core.shell Level 1 create_environment_hook('ur_yt_sim', 'cmake_prefix_path')
[2.538s] colcon.colcon_core.shell INFO Creating environment hook '/home/ubuntu/research_ws/ur10_pick_place_ws/install/ur_yt_sim/share/ur_yt_sim/hook/cmake_prefix_path.ps1'
[2.539s] colcon.colcon_core.shell INFO Creating environment descriptor '/home/ubuntu/research_ws/ur10_pick_place_ws/install/ur_yt_sim/share/ur_yt_sim/hook/cmake_prefix_path.dsv'
[2.540s] colcon.colcon_core.shell INFO Creating environment hook '/home/ubuntu/research_ws/ur10_pick_place_ws/install/ur_yt_sim/share/ur_yt_sim/hook/cmake_prefix_path.sh'
[2.542s] colcon.colcon_core.environment Level 1 checking '/home/ubuntu/research_ws/ur10_pick_place_ws/install/ur_yt_sim/lib'
[2.542s] colcon.colcon_core.environment Level 1 checking '/home/ubuntu/research_ws/ur10_pick_place_ws/install/ur_yt_sim/bin'
[2.542s] colcon.colcon_core.environment Level 1 checking '/home/ubuntu/research_ws/ur10_pick_place_ws/install/ur_yt_sim/lib/pkgconfig/ur_yt_sim.pc'
[2.543s] colcon.colcon_core.environment Level 1 checking '/home/ubuntu/research_ws/ur10_pick_place_ws/install/ur_yt_sim/lib/python3.10/site-packages'
[2.544s] colcon.colcon_core.environment Level 1 checking '/home/ubuntu/research_ws/ur10_pick_place_ws/install/ur_yt_sim/bin'
[2.544s] colcon.colcon_core.shell INFO Creating package script '/home/ubuntu/research_ws/ur10_pick_place_ws/install/ur_yt_sim/share/ur_yt_sim/package.ps1'
[2.546s] colcon.colcon_core.shell INFO Creating package descriptor '/home/ubuntu/research_ws/ur10_pick_place_ws/install/ur_yt_sim/share/ur_yt_sim/package.dsv'
[2.547s] colcon.colcon_core.shell INFO Creating package script '/home/ubuntu/research_ws/ur10_pick_place_ws/install/ur_yt_sim/share/ur_yt_sim/package.sh'
[2.548s] colcon.colcon_core.shell INFO Creating package script '/home/ubuntu/research_ws/ur10_pick_place_ws/install/ur_yt_sim/share/ur_yt_sim/package.bash'
[2.549s] colcon.colcon_core.shell INFO Creating package script '/home/ubuntu/research_ws/ur10_pick_place_ws/install/ur_yt_sim/share/ur_yt_sim/package.zsh'
[2.550s] colcon.colcon_core.environment Level 1 create_file_with_runtime_dependencies(/home/ubuntu/research_ws/ur10_pick_place_ws/install/ur_yt_sim/share/colcon-core/packages/ur_yt_sim)
[2.551s] colcon.colcon_ros.task.ament_cmake.build INFO Building ROS package in '/home/ubuntu/research_ws/ur10_pick_place_ws/src/ur10_camera_gripper_moveit_config' with build type 'ament_cmake'
[2.553s] colcon.colcon_cmake.task.cmake.build INFO Building CMake package in '/home/ubuntu/research_ws/ur10_pick_place_ws/src/ur10_camera_gripper_moveit_config'
[2.554s] colcon.colcon_core.shell INFO Skip shell extension 'powershell' for command environment: Not usable outside of PowerShell
[2.554s] colcon.colcon_core.shell DEBUG Skip shell extension 'dsv' for command environment
[2.588s] colcon.colcon_core.event_handler.log_command DEBUG Invoking command in '/home/ubuntu/research_ws/ur10_pick_place_ws/build/ur10_camera_gripper_moveit_config': AMENT_PREFIX_PATH=/home/ubuntu/research_ws/ur10_pick_place_ws/install/ur_yt_sim:/home/ubuntu/research_ws/ur10_pick_place_ws/install/linkattacher_msgs:${AMENT_PREFIX_PATH} CMAKE_PREFIX_PATH=/home/ubuntu/research_ws/ur10_pick_place_ws/install/ur_yt_sim:/home/ubuntu/research_ws/ur10_pick_place_ws/install/linkattacher_msgs:/home/ubuntu/ur_camera_ws/install/ur_moveit_config:/home/ubuntu/ur_camera_ws/install/easy_handeye2_msgs:/home/ubuntu/ur_camera_ws/install/depthai-ros:/home/ubuntu/ur_camera_ws/install/depthai_ros_driver:/home/ubuntu/ur_camera_ws/install/depthai_filters:/home/ubuntu/ur_camera_ws/install/depthai_examples:/home/ubuntu/ur_camera_ws/install/depthai_bridge:/home/ubuntu/ur_camera_ws/install/depthai_ros_msgs:/home/ubuntu/ur_camera_ws/install/depthai_descriptions:/home/ubuntu/ur_camera_ws/install/pick_place:/home/ubuntu/ur_camera_ws/install/easy_handeye2:/opt/ros/humble LD_LIBRARY_PATH=/home/ubuntu/research_ws/ur10_pick_place_ws/install/linkattacher_msgs/lib:${LD_LIBRARY_PATH} PYTHONPATH=/home/ubuntu/research_ws/ur10_pick_place_ws/install/linkattacher_msgs/local/lib/python3.10/dist-packages:${PYTHONPATH} /usr/bin/cmake --build /home/ubuntu/research_ws/ur10_pick_place_ws/build/ur10_camera_gripper_moveit_config -- -j12 -l12
[2.674s] colcon.colcon_core.event_handler.log_command DEBUG Invoked command in '/home/ubuntu/research_ws/ur10_pick_place_ws/build/ur10_camera_gripper_moveit_config' returned '0': AMENT_PREFIX_PATH=/home/ubuntu/research_ws/ur10_pick_place_ws/install/ur_yt_sim:/home/ubuntu/research_ws/ur10_pick_place_ws/install/linkattacher_msgs:${AMENT_PREFIX_PATH} CMAKE_PREFIX_PATH=/home/ubuntu/research_ws/ur10_pick_place_ws/install/ur_yt_sim:/home/ubuntu/research_ws/ur10_pick_place_ws/install/linkattacher_msgs:/home/ubuntu/ur_camera_ws/install/ur_moveit_config:/home/ubuntu/ur_camera_ws/install/easy_handeye2_msgs:/home/ubuntu/ur_camera_ws/install/depthai-ros:/home/ubuntu/ur_camera_ws/install/depthai_ros_driver:/home/ubuntu/ur_camera_ws/install/depthai_filters:/home/ubuntu/ur_camera_ws/install/depthai_examples:/home/ubuntu/ur_camera_ws/install/depthai_bridge:/home/ubuntu/ur_camera_ws/install/depthai_ros_msgs:/home/ubuntu/ur_camera_ws/install/depthai_descriptions:/home/ubuntu/ur_camera_ws/install/pick_place:/home/ubuntu/ur_camera_ws/install/easy_handeye2:/opt/ros/humble LD_LIBRARY_PATH=/home/ubuntu/research_ws/ur10_pick_place_ws/install/linkattacher_msgs/lib:${LD_LIBRARY_PATH} PYTHONPATH=/home/ubuntu/research_ws/ur10_pick_place_ws/install/linkattacher_msgs/local/lib/python3.10/dist-packages:${PYTHONPATH} /usr/bin/cmake --build /home/ubuntu/research_ws/ur10_pick_place_ws/build/ur10_camera_gripper_moveit_config -- -j12 -l12
[2.678s] colcon.colcon_core.event_handler.log_command DEBUG Invoking command in '/home/ubuntu/research_ws/ur10_pick_place_ws/build/ur10_camera_gripper_moveit_config': AMENT_PREFIX_PATH=/home/ubuntu/research_ws/ur10_pick_place_ws/install/ur_yt_sim:/home/ubuntu/research_ws/ur10_pick_place_ws/install/linkattacher_msgs:${AMENT_PREFIX_PATH} CMAKE_PREFIX_PATH=/home/ubuntu/research_ws/ur10_pick_place_ws/install/ur_yt_sim:/home/ubuntu/research_ws/ur10_pick_place_ws/install/linkattacher_msgs:/home/ubuntu/ur_camera_ws/install/ur_moveit_config:/home/ubuntu/ur_camera_ws/install/easy_handeye2_msgs:/home/ubuntu/ur_camera_ws/install/depthai-ros:/home/ubuntu/ur_camera_ws/install/depthai_ros_driver:/home/ubuntu/ur_camera_ws/install/depthai_filters:/home/ubuntu/ur_camera_ws/install/depthai_examples:/home/ubuntu/ur_camera_ws/install/depthai_bridge:/home/ubuntu/ur_camera_ws/install/depthai_ros_msgs:/home/ubuntu/ur_camera_ws/install/depthai_descriptions:/home/ubuntu/ur_camera_ws/install/pick_place:/home/ubuntu/ur_camera_ws/install/easy_handeye2:/opt/ros/humble LD_LIBRARY_PATH=/home/ubuntu/research_ws/ur10_pick_place_ws/install/linkattacher_msgs/lib:${LD_LIBRARY_PATH} PYTHONPATH=/home/ubuntu/research_ws/ur10_pick_place_ws/install/linkattacher_msgs/local/lib/python3.10/dist-packages:${PYTHONPATH} /usr/bin/cmake --install /home/ubuntu/research_ws/ur10_pick_place_ws/build/ur10_camera_gripper_moveit_config
[2.703s] colcon.colcon_core.environment Level 1 create_environment_scripts_only(ur10_camera_gripper_moveit_config)
[2.704s] colcon.colcon_core.environment Level 1 checking '/home/ubuntu/research_ws/ur10_pick_place_ws/install/ur10_camera_gripper_moveit_config' for CMake module files
[2.707s] colcon.colcon_core.environment Level 1 checking '/home/ubuntu/research_ws/ur10_pick_place_ws/install/ur10_camera_gripper_moveit_config' for CMake config files
[2.709s] colcon.colcon_core.event_handler.log_command DEBUG Invoked command in '/home/ubuntu/research_ws/ur10_pick_place_ws/build/ur10_camera_gripper_moveit_config' returned '0': AMENT_PREFIX_PATH=/home/ubuntu/research_ws/ur10_pick_place_ws/install/ur_yt_sim:/home/ubuntu/research_ws/ur10_pick_place_ws/install/linkattacher_msgs:${AMENT_PREFIX_PATH} CMAKE_PREFIX_PATH=/home/ubuntu/research_ws/ur10_pick_place_ws/install/ur_yt_sim:/home/ubuntu/research_ws/ur10_pick_place_ws/install/linkattacher_msgs:/home/ubuntu/ur_camera_ws/install/ur_moveit_config:/home/ubuntu/ur_camera_ws/install/easy_handeye2_msgs:/home/ubuntu/ur_camera_ws/install/depthai-ros:/home/ubuntu/ur_camera_ws/install/depthai_ros_driver:/home/ubuntu/ur_camera_ws/install/depthai_filters:/home/ubuntu/ur_camera_ws/install/depthai_examples:/home/ubuntu/ur_camera_ws/install/depthai_bridge:/home/ubuntu/ur_camera_ws/install/depthai_ros_msgs:/home/ubuntu/ur_camera_ws/install/depthai_descriptions:/home/ubuntu/ur_camera_ws/install/pick_place:/home/ubuntu/ur_camera_ws/install/easy_handeye2:/opt/ros/humble LD_LIBRARY_PATH=/home/ubuntu/research_ws/ur10_pick_place_ws/install/linkattacher_msgs/lib:${LD_LIBRARY_PATH} PYTHONPATH=/home/ubuntu/research_ws/ur10_pick_place_ws/install/linkattacher_msgs/local/lib/python3.10/dist-packages:${PYTHONPATH} /usr/bin/cmake --install /home/ubuntu/research_ws/ur10_pick_place_ws/build/ur10_camera_gripper_moveit_config
[2.710s] colcon.colcon_core.shell Level 1 create_environment_hook('ur10_camera_gripper_moveit_config', 'cmake_prefix_path')
[2.711s] colcon.colcon_core.shell INFO Creating environment hook '/home/ubuntu/research_ws/ur10_pick_place_ws/install/ur10_camera_gripper_moveit_config/share/ur10_camera_gripper_moveit_config/hook/cmake_prefix_path.ps1'
[2.712s] colcon.colcon_core.shell INFO Creating environment descriptor '/home/ubuntu/research_ws/ur10_pick_place_ws/install/ur10_camera_gripper_moveit_config/share/ur10_camera_gripper_moveit_config/hook/cmake_prefix_path.dsv'
[2.713s] colcon.colcon_core.shell INFO Creating environment hook '/home/ubuntu/research_ws/ur10_pick_place_ws/install/ur10_camera_gripper_moveit_config/share/ur10_camera_gripper_moveit_config/hook/cmake_prefix_path.sh'
[2.714s] colcon.colcon_core.environment Level 1 checking '/home/ubuntu/research_ws/ur10_pick_place_ws/install/ur10_camera_gripper_moveit_config/bin'
[2.715s] colcon.colcon_core.environment Level 1 checking '/home/ubuntu/research_ws/ur10_pick_place_ws/install/ur10_camera_gripper_moveit_config/lib/pkgconfig/ur10_camera_gripper_moveit_config.pc'
[2.715s] colcon.colcon_core.environment Level 1 checking '/home/ubuntu/research_ws/ur10_pick_place_ws/install/ur10_camera_gripper_moveit_config/lib/python3.10/site-packages'
[2.716s] colcon.colcon_core.environment Level 1 checking '/home/ubuntu/research_ws/ur10_pick_place_ws/install/ur10_camera_gripper_moveit_config/bin'
[2.717s] colcon.colcon_core.shell INFO Creating package script '/home/ubuntu/research_ws/ur10_pick_place_ws/install/ur10_camera_gripper_moveit_config/share/ur10_camera_gripper_moveit_config/package.ps1'
[2.719s] colcon.colcon_core.shell INFO Creating package descriptor '/home/ubuntu/research_ws/ur10_pick_place_ws/install/ur10_camera_gripper_moveit_config/share/ur10_camera_gripper_moveit_config/package.dsv'
[2.720s] colcon.colcon_core.shell INFO Creating package script '/home/ubuntu/research_ws/ur10_pick_place_ws/install/ur10_camera_gripper_moveit_config/share/ur10_camera_gripper_moveit_config/package.sh'
[2.721s] colcon.colcon_core.shell INFO Creating package script '/home/ubuntu/research_ws/ur10_pick_place_ws/install/ur10_camera_gripper_moveit_config/share/ur10_camera_gripper_moveit_config/package.bash'
[2.722s] colcon.colcon_core.shell INFO Creating package script '/home/ubuntu/research_ws/ur10_pick_place_ws/install/ur10_camera_gripper_moveit_config/share/ur10_camera_gripper_moveit_config/package.zsh'
[2.723s] colcon.colcon_core.environment Level 1 create_file_with_runtime_dependencies(/home/ubuntu/research_ws/ur10_pick_place_ws/install/ur10_camera_gripper_moveit_config/share/colcon-core/packages/ur10_camera_gripper_moveit_config)
[2.725s] colcon.colcon_core.environment Level 1 create_environment_scripts_only(ur10_camera_gripper_moveit_config)
[2.725s] colcon.colcon_core.environment Level 1 checking '/home/ubuntu/research_ws/ur10_pick_place_ws/install/ur10_camera_gripper_moveit_config' for CMake module files
[2.726s] colcon.colcon_core.environment Level 1 checking '/home/ubuntu/research_ws/ur10_pick_place_ws/install/ur10_camera_gripper_moveit_config' for CMake config files
[2.727s] colcon.colcon_core.shell Level 1 create_environment_hook('ur10_camera_gripper_moveit_config', 'cmake_prefix_path')
[2.728s] colcon.colcon_core.shell INFO Creating environment hook '/home/ubuntu/research_ws/ur10_pick_place_ws/install/ur10_camera_gripper_moveit_config/share/ur10_camera_gripper_moveit_config/hook/cmake_prefix_path.ps1'
[2.729s] colcon.colcon_core.shell INFO Creating environment descriptor '/home/ubuntu/research_ws/ur10_pick_place_ws/install/ur10_camera_gripper_moveit_config/share/ur10_camera_gripper_moveit_config/hook/cmake_prefix_path.dsv'
[2.730s] colcon.colcon_core.shell INFO Creating environment hook '/home/ubuntu/research_ws/ur10_pick_place_ws/install/ur10_camera_gripper_moveit_config/share/ur10_camera_gripper_moveit_config/hook/cmake_prefix_path.sh'
[2.732s] colcon.colcon_core.environment Level 1 checking '/home/ubuntu/research_ws/ur10_pick_place_ws/install/ur10_camera_gripper_moveit_config/bin'
[2.732s] colcon.colcon_core.environment Level 1 checking '/home/ubuntu/research_ws/ur10_pick_place_ws/install/ur10_camera_gripper_moveit_config/lib/pkgconfig/ur10_camera_gripper_moveit_config.pc'
[2.732s] colcon.colcon_core.environment Level 1 checking '/home/ubuntu/research_ws/ur10_pick_place_ws/install/ur10_camera_gripper_moveit_config/lib/python3.10/site-packages'
[2.733s] colcon.colcon_core.environment Level 1 checking '/home/ubuntu/research_ws/ur10_pick_place_ws/install/ur10_camera_gripper_moveit_config/bin'
[2.734s] colcon.colcon_core.shell INFO Creating package script '/home/ubuntu/research_ws/ur10_pick_place_ws/install/ur10_camera_gripper_moveit_config/share/ur10_camera_gripper_moveit_config/package.ps1'
[2.735s] colcon.colcon_core.shell INFO Creating package descriptor '/home/ubuntu/research_ws/ur10_pick_place_ws/install/ur10_camera_gripper_moveit_config/share/ur10_camera_gripper_moveit_config/package.dsv'
[2.736s] colcon.colcon_core.shell INFO Creating package script '/home/ubuntu/research_ws/ur10_pick_place_ws/install/ur10_camera_gripper_moveit_config/share/ur10_camera_gripper_moveit_config/package.sh'
[2.738s] colcon.colcon_core.shell INFO Creating package script '/home/ubuntu/research_ws/ur10_pick_place_ws/install/ur10_camera_gripper_moveit_config/share/ur10_camera_gripper_moveit_config/package.bash'
[2.739s] colcon.colcon_core.shell INFO Creating package script '/home/ubuntu/research_ws/ur10_pick_place_ws/install/ur10_camera_gripper_moveit_config/share/ur10_camera_gripper_moveit_config/package.zsh'
[2.740s] colcon.colcon_core.environment Level 1 create_file_with_runtime_dependencies(/home/ubuntu/research_ws/ur10_pick_place_ws/install/ur10_camera_gripper_moveit_config/share/colcon-core/packages/ur10_camera_gripper_moveit_config)
[2.741s] colcon.colcon_ros.task.ament_cmake.build INFO Building ROS package in '/home/ubuntu/research_ws/ur10_pick_place_ws/src/ur10_pick_place' with build type 'ament_cmake'
[2.741s] colcon.colcon_cmake.task.cmake.build INFO Building CMake package in '/home/ubuntu/research_ws/ur10_pick_place_ws/src/ur10_pick_place'
[2.742s] colcon.colcon_core.shell INFO Skip shell extension 'powershell' for command environment: Not usable outside of PowerShell
[2.742s] colcon.colcon_core.shell DEBUG Skip shell extension 'dsv' for command environment
[2.775s] colcon.colcon_core.event_handler.log_command DEBUG Invoking command in '/home/ubuntu/research_ws/ur10_pick_place_ws/build/ur10_pick_place': AMENT_PREFIX_PATH=/home/ubuntu/research_ws/ur10_pick_place_ws/install/ur10_camera_gripper_moveit_config:/home/ubuntu/research_ws/ur10_pick_place_ws/install/ur_yt_sim:/home/ubuntu/research_ws/ur10_pick_place_ws/install/robotiq_3f_description:/home/ubuntu/research_ws/ur10_pick_place_ws/install/linkattacher_msgs:${AMENT_PREFIX_PATH} CMAKE_PREFIX_PATH=/home/ubuntu/research_ws/ur10_pick_place_ws/install/ur10_camera_gripper_moveit_config:/home/ubuntu/research_ws/ur10_pick_place_ws/install/ur_yt_sim:/home/ubuntu/research_ws/ur10_pick_place_ws/install/robotiq_3f_description:/home/ubuntu/research_ws/ur10_pick_place_ws/install/linkattacher_msgs:/home/ubuntu/ur_camera_ws/install/ur_moveit_config:/home/ubuntu/ur_camera_ws/install/easy_handeye2_msgs:/home/ubuntu/ur_camera_ws/install/depthai-ros:/home/ubuntu/ur_camera_ws/install/depthai_ros_driver:/home/ubuntu/ur_camera_ws/install/depthai_filters:/home/ubuntu/ur_camera_ws/install/depthai_examples:/home/ubuntu/ur_camera_ws/install/depthai_bridge:/home/ubuntu/ur_camera_ws/install/depthai_ros_msgs:/home/ubuntu/ur_camera_ws/install/depthai_descriptions:/home/ubuntu/ur_camera_ws/install/pick_place:/home/ubuntu/ur_camera_ws/install/easy_handeye2:/opt/ros/humble LD_LIBRARY_PATH=/home/ubuntu/research_ws/ur10_pick_place_ws/install/linkattacher_msgs/lib:${LD_LIBRARY_PATH} PYTHONPATH=/home/ubuntu/research_ws/ur10_pick_place_ws/install/linkattacher_msgs/local/lib/python3.10/dist-packages:${PYTHONPATH} /usr/bin/cmake --build /home/ubuntu/research_ws/ur10_pick_place_ws/build/ur10_pick_place -- -j12 -l12
[2.777s] colcon.colcon_core.event_handler.log_command DEBUG Invoked command in '/home/ubuntu/research_ws/ur10_pick_place_ws/build/robotiq_3f_interfaces' returned '0': CMAKE_PREFIX_PATH=${CMAKE_PREFIX_PATH}:/home/ubuntu/ur_camera_ws/install/pick_place:/home/ubuntu/ur_camera_ws/install/easy_handeye2:/opt/ros/humble /usr/bin/cmake --build /home/ubuntu/research_ws/ur10_pick_place_ws/build/robotiq_3f_interfaces -- -j12 -l12
[2.780s] colcon.colcon_core.event_handler.log_command DEBUG Invoking command in '/home/ubuntu/research_ws/ur10_pick_place_ws/build/robotiq_3f_interfaces': CMAKE_PREFIX_PATH=${CMAKE_PREFIX_PATH}:/home/ubuntu/ur_camera_ws/install/pick_place:/home/ubuntu/ur_camera_ws/install/easy_handeye2:/opt/ros/humble /usr/bin/cmake --install /home/ubuntu/research_ws/ur10_pick_place_ws/build/robotiq_3f_interfaces
[2.865s] colcon.colcon_core.event_handler.log_command DEBUG Invoked command in '/home/ubuntu/research_ws/ur10_pick_place_ws/build/ur10_pick_place' returned '0': AMENT_PREFIX_PATH=/home/ubuntu/research_ws/ur10_pick_place_ws/install/ur10_camera_gripper_moveit_config:/home/ubuntu/research_ws/ur10_pick_place_ws/install/ur_yt_sim:/home/ubuntu/research_ws/ur10_pick_place_ws/install/robotiq_3f_description:/home/ubuntu/research_ws/ur10_pick_place_ws/install/linkattacher_msgs:${AMENT_PREFIX_PATH} CMAKE_PREFIX_PATH=/home/ubuntu/research_ws/ur10_pick_place_ws/install/ur10_camera_gripper_moveit_config:/home/ubuntu/research_ws/ur10_pick_place_ws/install/ur_yt_sim:/home/ubuntu/research_ws/ur10_pick_place_ws/install/robotiq_3f_description:/home/ubuntu/research_ws/ur10_pick_place_ws/install/linkattacher_msgs:/home/ubuntu/ur_camera_ws/install/ur_moveit_config:/home/ubuntu/ur_camera_ws/install/easy_handeye2_msgs:/home/ubuntu/ur_camera_ws/install/depthai-ros:/home/ubuntu/ur_camera_ws/install/depthai_ros_driver:/home/ubuntu/ur_camera_ws/install/depthai_filters:/home/ubuntu/ur_camera_ws/install/depthai_examples:/home/ubuntu/ur_camera_ws/install/depthai_bridge:/home/ubuntu/ur_camera_ws/install/depthai_ros_msgs:/home/ubuntu/ur_camera_ws/install/depthai_descriptions:/home/ubuntu/ur_camera_ws/install/pick_place:/home/ubuntu/ur_camera_ws/install/easy_handeye2:/opt/ros/humble LD_LIBRARY_PATH=/home/ubuntu/research_ws/ur10_pick_place_ws/install/linkattacher_msgs/lib:${LD_LIBRARY_PATH} PYTHONPATH=/home/ubuntu/research_ws/ur10_pick_place_ws/install/linkattacher_msgs/local/lib/python3.10/dist-packages:${PYTHONPATH} /usr/bin/cmake --build /home/ubuntu/research_ws/ur10_pick_place_ws/build/ur10_pick_place -- -j12 -l12
[2.867s] colcon.colcon_core.event_handler.log_command DEBUG Invoking command in '/home/ubuntu/research_ws/ur10_pick_place_ws/build/ur10_pick_place': AMENT_PREFIX_PATH=/home/ubuntu/research_ws/ur10_pick_place_ws/install/ur10_camera_gripper_moveit_config:/home/ubuntu/research_ws/ur10_pick_place_ws/install/ur_yt_sim:/home/ubuntu/research_ws/ur10_pick_place_ws/install/robotiq_3f_description:/home/ubuntu/research_ws/ur10_pick_place_ws/install/linkattacher_msgs:${AMENT_PREFIX_PATH} CMAKE_PREFIX_PATH=/home/ubuntu/research_ws/ur10_pick_place_ws/install/ur10_camera_gripper_moveit_config:/home/ubuntu/research_ws/ur10_pick_place_ws/install/ur_yt_sim:/home/ubuntu/research_ws/ur10_pick_place_ws/install/robotiq_3f_description:/home/ubuntu/research_ws/ur10_pick_place_ws/install/linkattacher_msgs:/home/ubuntu/ur_camera_ws/install/ur_moveit_config:/home/ubuntu/ur_camera_ws/install/easy_handeye2_msgs:/home/ubuntu/ur_camera_ws/install/depthai-ros:/home/ubuntu/ur_camera_ws/install/depthai_ros_driver:/home/ubuntu/ur_camera_ws/install/depthai_filters:/home/ubuntu/ur_camera_ws/install/depthai_examples:/home/ubuntu/ur_camera_ws/install/depthai_bridge:/home/ubuntu/ur_camera_ws/install/depthai_ros_msgs:/home/ubuntu/ur_camera_ws/install/depthai_descriptions:/home/ubuntu/ur_camera_ws/install/pick_place:/home/ubuntu/ur_camera_ws/install/easy_handeye2:/opt/ros/humble LD_LIBRARY_PATH=/home/ubuntu/research_ws/ur10_pick_place_ws/install/linkattacher_msgs/lib:${LD_LIBRARY_PATH} PYTHONPATH=/home/ubuntu/research_ws/ur10_pick_place_ws/install/linkattacher_msgs/local/lib/python3.10/dist-packages:${PYTHONPATH} /usr/bin/cmake --install /home/ubuntu/research_ws/ur10_pick_place_ws/build/ur10_pick_place
[2.892s] colcon.colcon_core.environment Level 1 create_environment_scripts_only(ur10_pick_place)
[2.893s] colcon.colcon_core.environment Level 1 checking '/home/ubuntu/research_ws/ur10_pick_place_ws/install/ur10_pick_place' for CMake module files
[2.894s] colcon.colcon_core.event_handler.log_command DEBUG Invoked command in '/home/ubuntu/research_ws/ur10_pick_place_ws/build/ur10_pick_place' returned '0': AMENT_PREFIX_PATH=/home/ubuntu/research_ws/ur10_pick_place_ws/install/ur10_camera_gripper_moveit_config:/home/ubuntu/research_ws/ur10_pick_place_ws/install/ur_yt_sim:/home/ubuntu/research_ws/ur10_pick_place_ws/install/robotiq_3f_description:/home/ubuntu/research_ws/ur10_pick_place_ws/install/linkattacher_msgs:${AMENT_PREFIX_PATH} CMAKE_PREFIX_PATH=/home/ubuntu/research_ws/ur10_pick_place_ws/install/ur10_camera_gripper_moveit_config:/home/ubuntu/research_ws/ur10_pick_place_ws/install/ur_yt_sim:/home/ubuntu/research_ws/ur10_pick_place_ws/install/robotiq_3f_description:/home/ubuntu/research_ws/ur10_pick_place_ws/install/linkattacher_msgs:/home/ubuntu/ur_camera_ws/install/ur_moveit_config:/home/ubuntu/ur_camera_ws/install/easy_handeye2_msgs:/home/ubuntu/ur_camera_ws/install/depthai-ros:/home/ubuntu/ur_camera_ws/install/depthai_ros_driver:/home/ubuntu/ur_camera_ws/install/depthai_filters:/home/ubuntu/ur_camera_ws/install/depthai_examples:/home/ubuntu/ur_camera_ws/install/depthai_bridge:/home/ubuntu/ur_camera_ws/install/depthai_ros_msgs:/home/ubuntu/ur_camera_ws/install/depthai_descriptions:/home/ubuntu/ur_camera_ws/install/pick_place:/home/ubuntu/ur_camera_ws/install/easy_handeye2:/opt/ros/humble LD_LIBRARY_PATH=/home/ubuntu/research_ws/ur10_pick_place_ws/install/linkattacher_msgs/lib:${LD_LIBRARY_PATH} PYTHONPATH=/home/ubuntu/research_ws/ur10_pick_place_ws/install/linkattacher_msgs/local/lib/python3.10/dist-packages:${PYTHONPATH} /usr/bin/cmake --install /home/ubuntu/research_ws/ur10_pick_place_ws/build/ur10_pick_place
[2.895s] colcon.colcon_core.environment Level 1 checking '/home/ubuntu/research_ws/ur10_pick_place_ws/install/ur10_pick_place' for CMake config files
[2.896s] colcon.colcon_core.shell Level 1 create_environment_hook('ur10_pick_place', 'cmake_prefix_path')
[2.896s] colcon.colcon_core.shell INFO Creating environment hook '/home/ubuntu/research_ws/ur10_pick_place_ws/install/ur10_pick_place/share/ur10_pick_place/hook/cmake_prefix_path.ps1'
[2.898s] colcon.colcon_core.shell INFO Creating environment descriptor '/home/ubuntu/research_ws/ur10_pick_place_ws/install/ur10_pick_place/share/ur10_pick_place/hook/cmake_prefix_path.dsv'
[2.899s] colcon.colcon_core.shell INFO Creating environment hook '/home/ubuntu/research_ws/ur10_pick_place_ws/install/ur10_pick_place/share/ur10_pick_place/hook/cmake_prefix_path.sh'
[2.901s] colcon.colcon_core.environment Level 1 checking '/home/ubuntu/research_ws/ur10_pick_place_ws/install/ur10_pick_place/bin'
[2.901s] colcon.colcon_core.environment Level 1 checking '/home/ubuntu/research_ws/ur10_pick_place_ws/install/ur10_pick_place/lib/pkgconfig/ur10_pick_place.pc'
[2.901s] colcon.colcon_core.environment Level 1 checking '/home/ubuntu/research_ws/ur10_pick_place_ws/install/ur10_pick_place/lib/python3.10/site-packages'
[2.902s] colcon.colcon_core.environment Level 1 checking '/home/ubuntu/research_ws/ur10_pick_place_ws/install/ur10_pick_place/bin'
[2.903s] colcon.colcon_core.shell INFO Creating package script '/home/ubuntu/research_ws/ur10_pick_place_ws/install/ur10_pick_place/share/ur10_pick_place/package.ps1'
[2.904s] colcon.colcon_core.shell INFO Creating package descriptor '/home/ubuntu/research_ws/ur10_pick_place_ws/install/ur10_pick_place/share/ur10_pick_place/package.dsv'
[2.905s] colcon.colcon_core.shell INFO Creating package script '/home/ubuntu/research_ws/ur10_pick_place_ws/install/ur10_pick_place/share/ur10_pick_place/package.sh'
[2.907s] colcon.colcon_core.shell INFO Creating package script '/home/ubuntu/research_ws/ur10_pick_place_ws/install/ur10_pick_place/share/ur10_pick_place/package.bash'
[2.908s] colcon.colcon_core.shell INFO Creating package script '/home/ubuntu/research_ws/ur10_pick_place_ws/install/ur10_pick_place/share/ur10_pick_place/package.zsh'
[2.909s] colcon.colcon_core.environment Level 1 create_file_with_runtime_dependencies(/home/ubuntu/research_ws/ur10_pick_place_ws/install/ur10_pick_place/share/colcon-core/packages/ur10_pick_place)
[2.910s] colcon.colcon_core.environment Level 1 create_environment_scripts_only(ur10_pick_place)
[2.911s] colcon.colcon_core.environment Level 1 checking '/home/ubuntu/research_ws/ur10_pick_place_ws/install/ur10_pick_place' for CMake module files
[2.912s] colcon.colcon_core.environment Level 1 checking '/home/ubuntu/research_ws/ur10_pick_place_ws/install/ur10_pick_place' for CMake config files
[2.913s] colcon.colcon_core.shell Level 1 create_environment_hook('ur10_pick_place', 'cmake_prefix_path')
[2.913s] colcon.colcon_core.shell INFO Creating environment hook '/home/ubuntu/research_ws/ur10_pick_place_ws/install/ur10_pick_place/share/ur10_pick_place/hook/cmake_prefix_path.ps1'
[2.915s] colcon.colcon_core.shell INFO Creating environment descriptor '/home/ubuntu/research_ws/ur10_pick_place_ws/install/ur10_pick_place/share/ur10_pick_place/hook/cmake_prefix_path.dsv'
[2.915s] colcon.colcon_core.shell INFO Creating environment hook '/home/ubuntu/research_ws/ur10_pick_place_ws/install/ur10_pick_place/share/ur10_pick_place/hook/cmake_prefix_path.sh'
[2.917s] colcon.colcon_core.environment Level 1 checking '/home/ubuntu/research_ws/ur10_pick_place_ws/install/ur10_pick_place/bin'
[2.917s] colcon.colcon_core.environment Level 1 checking '/home/ubuntu/research_ws/ur10_pick_place_ws/install/ur10_pick_place/lib/pkgconfig/ur10_pick_place.pc'
[2.918s] colcon.colcon_core.environment Level 1 checking '/home/ubuntu/research_ws/ur10_pick_place_ws/install/ur10_pick_place/lib/python3.10/site-packages'
[2.918s] colcon.colcon_core.environment Level 1 checking '/home/ubuntu/research_ws/ur10_pick_place_ws/install/ur10_pick_place/bin'
[2.919s] colcon.colcon_core.shell INFO Creating package script '/home/ubuntu/research_ws/ur10_pick_place_ws/install/ur10_pick_place/share/ur10_pick_place/package.ps1'
[2.920s] colcon.colcon_core.shell INFO Creating package descriptor '/home/ubuntu/research_ws/ur10_pick_place_ws/install/ur10_pick_place/share/ur10_pick_place/package.dsv'
[2.922s] colcon.colcon_core.shell INFO Creating package script '/home/ubuntu/research_ws/ur10_pick_place_ws/install/ur10_pick_place/share/ur10_pick_place/package.sh'
[2.923s] colcon.colcon_core.shell INFO Creating package script '/home/ubuntu/research_ws/ur10_pick_place_ws/install/ur10_pick_place/share/ur10_pick_place/package.bash'
[2.924s] colcon.colcon_core.shell INFO Creating package script '/home/ubuntu/research_ws/ur10_pick_place_ws/install/ur10_pick_place/share/ur10_pick_place/package.zsh'
[2.925s] colcon.colcon_core.environment Level 1 create_file_with_runtime_dependencies(/home/ubuntu/research_ws/ur10_pick_place_ws/install/ur10_pick_place/share/colcon-core/packages/ur10_pick_place)
[2.928s] colcon.colcon_core.environment Level 1 create_environment_scripts_only(robotiq_3f_interfaces)
[2.929s] colcon.colcon_core.environment Level 1 checking '/home/ubuntu/research_ws/ur10_pick_place_ws/install/robotiq_3f_interfaces' for CMake module files
[2.934s] colcon.colcon_core.environment Level 1 checking '/home/ubuntu/research_ws/ur10_pick_place_ws/install/robotiq_3f_interfaces' for CMake config files
[2.943s] colcon.colcon_core.event_handler.log_command DEBUG Invoked command in '/home/ubuntu/research_ws/ur10_pick_place_ws/build/robotiq_3f_interfaces' returned '0': CMAKE_PREFIX_PATH=${CMAKE_PREFIX_PATH}:/home/ubuntu/ur_camera_ws/install/pick_place:/home/ubuntu/ur_camera_ws/install/easy_handeye2:/opt/ros/humble /usr/bin/cmake --install /home/ubuntu/research_ws/ur10_pick_place_ws/build/robotiq_3f_interfaces
[2.945s] colcon.colcon_core.shell Level 1 create_environment_hook('robotiq_3f_interfaces', 'cmake_prefix_path')
[2.945s] colcon.colcon_core.shell INFO Creating environment hook '/home/ubuntu/research_ws/ur10_pick_place_ws/install/robotiq_3f_interfaces/share/robotiq_3f_interfaces/hook/cmake_prefix_path.ps1'
[2.947s] colcon.colcon_core.shell INFO Creating environment descriptor '/home/ubuntu/research_ws/ur10_pick_place_ws/install/robotiq_3f_interfaces/share/robotiq_3f_interfaces/hook/cmake_prefix_path.dsv'
[2.948s] colcon.colcon_core.shell INFO Creating environment hook '/home/ubuntu/research_ws/ur10_pick_place_ws/install/robotiq_3f_interfaces/share/robotiq_3f_interfaces/hook/cmake_prefix_path.sh'
[2.951s] colcon.colcon_core.environment Level 1 checking '/home/ubuntu/research_ws/ur10_pick_place_ws/install/robotiq_3f_interfaces/lib'
[2.951s] colcon.colcon_core.shell Level 1 create_environment_hook('robotiq_3f_interfaces', 'ld_library_path_lib')
[2.951s] colcon.colcon_core.shell INFO Creating environment hook '/home/ubuntu/research_ws/ur10_pick_place_ws/install/robotiq_3f_interfaces/share/robotiq_3f_interfaces/hook/ld_library_path_lib.ps1'
[2.953s] colcon.colcon_core.shell INFO Creating environment descriptor '/home/ubuntu/research_ws/ur10_pick_place_ws/install/robotiq_3f_interfaces/share/robotiq_3f_interfaces/hook/ld_library_path_lib.dsv'
[2.953s] colcon.colcon_core.shell INFO Creating environment hook '/home/ubuntu/research_ws/ur10_pick_place_ws/install/robotiq_3f_interfaces/share/robotiq_3f_interfaces/hook/ld_library_path_lib.sh'
[2.954s] colcon.colcon_core.environment Level 1 checking '/home/ubuntu/research_ws/ur10_pick_place_ws/install/robotiq_3f_interfaces/bin'
[2.955s] colcon.colcon_core.environment Level 1 checking '/home/ubuntu/research_ws/ur10_pick_place_ws/install/robotiq_3f_interfaces/lib/pkgconfig/robotiq_3f_interfaces.pc'
[2.955s] colcon.colcon_core.environment Level 1 checking '/home/ubuntu/research_ws/ur10_pick_place_ws/install/robotiq_3f_interfaces/lib/python3.10/site-packages'
[2.956s] colcon.colcon_core.environment Level 1 checking '/home/ubuntu/research_ws/ur10_pick_place_ws/install/robotiq_3f_interfaces/bin'
[2.957s] colcon.colcon_core.shell INFO Creating package script '/home/ubuntu/research_ws/ur10_pick_place_ws/install/robotiq_3f_interfaces/share/robotiq_3f_interfaces/package.ps1'
[2.958s] colcon.colcon_core.shell INFO Creating package descriptor '/home/ubuntu/research_ws/ur10_pick_place_ws/install/robotiq_3f_interfaces/share/robotiq_3f_interfaces/package.dsv'
[2.959s] colcon.colcon_core.shell INFO Creating package script '/home/ubuntu/research_ws/ur10_pick_place_ws/install/robotiq_3f_interfaces/share/robotiq_3f_interfaces/package.sh'
[2.961s] colcon.colcon_core.shell INFO Creating package script '/home/ubuntu/research_ws/ur10_pick_place_ws/install/robotiq_3f_interfaces/share/robotiq_3f_interfaces/package.bash'
[2.962s] colcon.colcon_core.shell INFO Creating package script '/home/ubuntu/research_ws/ur10_pick_place_ws/install/robotiq_3f_interfaces/share/robotiq_3f_interfaces/package.zsh'
[2.962s] colcon.colcon_core.environment Level 1 create_file_with_runtime_dependencies(/home/ubuntu/research_ws/ur10_pick_place_ws/install/robotiq_3f_interfaces/share/colcon-core/packages/robotiq_3f_interfaces)
[2.964s] colcon.colcon_core.environment Level 1 create_environment_scripts_only(robotiq_3f_interfaces)
[2.964s] colcon.colcon_core.environment Level 1 checking '/home/ubuntu/research_ws/ur10_pick_place_ws/install/robotiq_3f_interfaces' for CMake module files
[2.966s] colcon.colcon_core.environment Level 1 checking '/home/ubuntu/research_ws/ur10_pick_place_ws/install/robotiq_3f_interfaces' for CMake config files
[2.967s] colcon.colcon_core.shell Level 1 create_environment_hook('robotiq_3f_interfaces', 'cmake_prefix_path')
[2.968s] colcon.colcon_core.shell INFO Creating environment hook '/home/ubuntu/research_ws/ur10_pick_place_ws/install/robotiq_3f_interfaces/share/robotiq_3f_interfaces/hook/cmake_prefix_path.ps1'
[2.969s] colcon.colcon_core.shell INFO Creating environment descriptor '/home/ubuntu/research_ws/ur10_pick_place_ws/install/robotiq_3f_interfaces/share/robotiq_3f_interfaces/hook/cmake_prefix_path.dsv'
[2.970s] colcon.colcon_core.shell INFO Creating environment hook '/home/ubuntu/research_ws/ur10_pick_place_ws/install/robotiq_3f_interfaces/share/robotiq_3f_interfaces/hook/cmake_prefix_path.sh'
[2.971s] colcon.colcon_core.environment Level 1 checking '/home/ubuntu/research_ws/ur10_pick_place_ws/install/robotiq_3f_interfaces/lib'
[2.971s] colcon.colcon_core.shell Level 1 create_environment_hook('robotiq_3f_interfaces', 'ld_library_path_lib')
[2.972s] colcon.colcon_core.shell INFO Creating environment hook '/home/ubuntu/research_ws/ur10_pick_place_ws/install/robotiq_3f_interfaces/share/robotiq_3f_interfaces/hook/ld_library_path_lib.ps1'
[2.973s] colcon.colcon_core.shell INFO Creating environment descriptor '/home/ubuntu/research_ws/ur10_pick_place_ws/install/robotiq_3f_interfaces/share/robotiq_3f_interfaces/hook/ld_library_path_lib.dsv'
[2.974s] colcon.colcon_core.shell INFO Creating environment hook '/home/ubuntu/research_ws/ur10_pick_place_ws/install/robotiq_3f_interfaces/share/robotiq_3f_interfaces/hook/ld_library_path_lib.sh'
[2.975s] colcon.colcon_core.environment Level 1 checking '/home/ubuntu/research_ws/ur10_pick_place_ws/install/robotiq_3f_interfaces/bin'
[2.975s] colcon.colcon_core.environment Level 1 checking '/home/ubuntu/research_ws/ur10_pick_place_ws/install/robotiq_3f_interfaces/lib/pkgconfig/robotiq_3f_interfaces.pc'
[2.976s] colcon.colcon_core.environment Level 1 checking '/home/ubuntu/research_ws/ur10_pick_place_ws/install/robotiq_3f_interfaces/lib/python3.10/site-packages'
[2.976s] colcon.colcon_core.environment Level 1 checking '/home/ubuntu/research_ws/ur10_pick_place_ws/install/robotiq_3f_interfaces/bin'
[2.977s] colcon.colcon_core.shell INFO Creating package script '/home/ubuntu/research_ws/ur10_pick_place_ws/install/robotiq_3f_interfaces/share/robotiq_3f_interfaces/package.ps1'
[2.978s] colcon.colcon_core.shell INFO Creating package descriptor '/home/ubuntu/research_ws/ur10_pick_place_ws/install/robotiq_3f_interfaces/share/robotiq_3f_interfaces/package.dsv'
[2.980s] colcon.colcon_core.shell INFO Creating package script '/home/ubuntu/research_ws/ur10_pick_place_ws/install/robotiq_3f_interfaces/share/robotiq_3f_interfaces/package.sh'
[2.981s] colcon.colcon_core.shell INFO Creating package script '/home/ubuntu/research_ws/ur10_pick_place_ws/install/robotiq_3f_interfaces/share/robotiq_3f_interfaces/package.bash'
[2.982s] colcon.colcon_core.shell INFO Creating package script '/home/ubuntu/research_ws/ur10_pick_place_ws/install/robotiq_3f_interfaces/share/robotiq_3f_interfaces/package.zsh'
[2.982s] colcon.colcon_core.environment Level 1 create_file_with_runtime_dependencies(/home/ubuntu/research_ws/ur10_pick_place_ws/install/robotiq_3f_interfaces/share/colcon-core/packages/robotiq_3f_interfaces)
[3.025s] colcon.colcon_core.event_handler.log_command DEBUG Invoking command in '/home/ubuntu/research_ws/ur10_pick_place_ws/src/grasp_executor': PYTHONPATH=/home/ubuntu/research_ws/ur10_pick_place_ws/build/grasp_executor/prefix_override:/usr/lib/python3/dist-packages/colcon_core/task/python/colcon_distutils_commands:/home/ubuntu/research_ws/ur10_pick_place_ws/install/grasp_executor/lib/python3.10/site-packages:${PYTHONPATH} /usr/bin/python3 -W ignore:setup.py install is deprecated -W ignore:easy_install command is deprecated setup.py egg_info --egg-base ../../build/grasp_executor build --build-base /home/ubuntu/research_ws/ur10_pick_place_ws/build/grasp_executor/build install --record /home/ubuntu/research_ws/ur10_pick_place_ws/build/grasp_executor/install.log --single-version-externally-managed install_data
[3.826s] colcon.colcon_core.environment Level 1 checking '/home/ubuntu/research_ws/ur10_pick_place_ws/install/grasp_executor' for CMake module files
[3.828s] colcon.colcon_core.event_handler.log_command DEBUG Invoked command in '/home/ubuntu/research_ws/ur10_pick_place_ws/src/grasp_executor' returned '0': PYTHONPATH=/home/ubuntu/research_ws/ur10_pick_place_ws/build/grasp_executor/prefix_override:/usr/lib/python3/dist-packages/colcon_core/task/python/colcon_distutils_commands:/home/ubuntu/research_ws/ur10_pick_place_ws/install/grasp_executor/lib/python3.10/site-packages:${PYTHONPATH} /usr/bin/python3 -W ignore:setup.py install is deprecated -W ignore:easy_install command is deprecated setup.py egg_info --egg-base ../../build/grasp_executor build --build-base /home/ubuntu/research_ws/ur10_pick_place_ws/build/grasp_executor/build install --record /home/ubuntu/research_ws/ur10_pick_place_ws/build/grasp_executor/install.log --single-version-externally-managed install_data
[3.829s] colcon.colcon_core.environment Level 1 checking '/home/ubuntu/research_ws/ur10_pick_place_ws/install/grasp_executor' for CMake config files
[3.831s] colcon.colcon_core.environment Level 1 checking '/home/ubuntu/research_ws/ur10_pick_place_ws/install/grasp_executor/lib'
[3.832s] colcon.colcon_core.environment Level 1 checking '/home/ubuntu/research_ws/ur10_pick_place_ws/install/grasp_executor/bin'
[3.832s] colcon.colcon_core.environment Level 1 checking '/home/ubuntu/research_ws/ur10_pick_place_ws/install/grasp_executor/lib/pkgconfig/grasp_executor.pc'
[3.833s] colcon.colcon_core.environment Level 1 checking '/home/ubuntu/research_ws/ur10_pick_place_ws/install/grasp_executor/lib/python3.10/site-packages'
[3.833s] colcon.colcon_core.shell Level 1 create_environment_hook('grasp_executor', 'pythonpath')
[3.834s] colcon.colcon_core.shell INFO Creating environment hook '/home/ubuntu/research_ws/ur10_pick_place_ws/install/grasp_executor/share/grasp_executor/hook/pythonpath.ps1'
[3.836s] colcon.colcon_core.shell INFO Creating environment descriptor '/home/ubuntu/research_ws/ur10_pick_place_ws/install/grasp_executor/share/grasp_executor/hook/pythonpath.dsv'
[3.837s] colcon.colcon_core.shell INFO Creating environment hook '/home/ubuntu/research_ws/ur10_pick_place_ws/install/grasp_executor/share/grasp_executor/hook/pythonpath.sh'
[3.840s] colcon.colcon_core.environment Level 1 checking '/home/ubuntu/research_ws/ur10_pick_place_ws/install/grasp_executor/bin'
[3.841s] colcon.colcon_core.environment Level 1 create_environment_scripts_only(grasp_executor)
[3.842s] colcon.colcon_core.shell INFO Creating package script '/home/ubuntu/research_ws/ur10_pick_place_ws/install/grasp_executor/share/grasp_executor/package.ps1'
[3.844s] colcon.colcon_core.shell INFO Creating package descriptor '/home/ubuntu/research_ws/ur10_pick_place_ws/install/grasp_executor/share/grasp_executor/package.dsv'
[3.846s] colcon.colcon_core.shell INFO Creating package script '/home/ubuntu/research_ws/ur10_pick_place_ws/install/grasp_executor/share/grasp_executor/package.sh'
[3.847s] colcon.colcon_core.shell INFO Creating package script '/home/ubuntu/research_ws/ur10_pick_place_ws/install/grasp_executor/share/grasp_executor/package.bash'
[3.849s] colcon.colcon_core.shell INFO Creating package script '/home/ubuntu/research_ws/ur10_pick_place_ws/install/grasp_executor/share/grasp_executor/package.zsh'
[3.850s] colcon.colcon_core.environment Level 1 create_file_with_runtime_dependencies(/home/ubuntu/research_ws/ur10_pick_place_ws/install/grasp_executor/share/colcon-core/packages/grasp_executor)
[3.852s] colcon.colcon_parallel_executor.executor.parallel DEBUG closing loop
[3.853s] colcon.colcon_parallel_executor.executor.parallel DEBUG loop closed
[3.853s] colcon.colcon_parallel_executor.executor.parallel DEBUG run_until_complete finished with '0'
[3.853s] colcon.colcon_core.event_reactor DEBUG joining thread
[3.875s] colcon.colcon_core.plugin_system INFO Skipping extension 'colcon_notification.desktop_notification.terminal_notifier': Not used on non-Darwin systems
[3.875s] colcon.colcon_core.plugin_system INFO Skipping extension 'colcon_notification.desktop_notification.win32': Not used on non-Windows systems
[3.875s] colcon.colcon_notification.desktop_notification INFO Sending desktop notification using 'notify2'
[3.919s] colcon.colcon_core.event_reactor DEBUG joined thread
[3.920s] colcon.colcon_core.shell INFO Creating prefix script '/home/ubuntu/research_ws/ur10_pick_place_ws/install/local_setup.ps1'
[3.923s] colcon.colcon_core.shell INFO Creating prefix util module '/home/ubuntu/research_ws/ur10_pick_place_ws/install/_local_setup_util_ps1.py'
[3.927s] colcon.colcon_core.shell INFO Creating prefix chain script '/home/ubuntu/research_ws/ur10_pick_place_ws/install/setup.ps1'
[3.933s] colcon.colcon_core.shell INFO Creating prefix script '/home/ubuntu/research_ws/ur10_pick_place_ws/install/local_setup.sh'
[3.935s] colcon.colcon_core.shell INFO Creating prefix util module '/home/ubuntu/research_ws/ur10_pick_place_ws/install/_local_setup_util_sh.py'
[3.938s] colcon.colcon_core.shell INFO Creating prefix chain script '/home/ubuntu/research_ws/ur10_pick_place_ws/install/setup.sh'
[3.944s] colcon.colcon_core.shell INFO Creating prefix script '/home/ubuntu/research_ws/ur10_pick_place_ws/install/local_setup.bash'
[3.946s] colcon.colcon_core.shell INFO Creating prefix chain script '/home/ubuntu/research_ws/ur10_pick_place_ws/install/setup.bash'
[3.952s] colcon.colcon_core.shell INFO Creating prefix script '/home/ubuntu/research_ws/ur10_pick_place_ws/install/local_setup.zsh'
[3.954s] colcon.colcon_core.shell INFO Creating prefix chain script '/home/ubuntu/research_ws/ur10_pick_place_ws/install/setup.zsh'
