[0.117s] DEBUG:colcon:Command line arguments: ['/usr/bin/colcon', 'build']
[0.117s] DEBUG:colcon:Parsed command line arguments: Namespace(log_base=None, log_level=None, verb_name='build', build_base='build', install_base='install', merge_install=False, symlink_install=False, test_result_base=None, continue_on_error=False, executor='parallel', parallel_workers=32, event_handlers=None, ignore_user_meta=False, metas=['./colcon.meta'], base_paths=['.'], packages_ignore=None, packages_ignore_regex=None, paths=None, packages_up_to=None, packages_up_to_regex=None, packages_above=None, packages_above_and_dependencies=None, packages_above_depth=None, packages_select_by_dep=None, packages_skip_by_dep=None, packages_skip_up_to=None, packages_select_build_failed=False, packages_skip_build_finished=False, packages_select_test_failures=False, packages_skip_test_passed=False, packages_select=None, packages_skip=None, packages_select_regex=None, packages_skip_regex=None, packages_start=None, packages_end=None, allow_overriding=[], cmake_args=None, cmake_target=None, cmake_target_skip_unavailable=False, cmake_clean_cache=False, cmake_clean_first=False, cmake_force_configure=False, ament_cmake_args=None, catkin_cmake_args=None, catkin_skip_building_tests=False, mixin_files=None, mixin=None, verb_parser=<colcon_mixin.mixin.mixin_argument.MixinArgumentDecorator object at 0x749112d5e1d0>, verb_extension=<colcon_core.verb.build.BuildVerb object at 0x749112d5d420>, main=<bound method BuildVerb.main of <colcon_core.verb.build.BuildVerb object at 0x749112d5d420>>, mixin_verb=('build',))
[0.299s] Level 1:colcon.colcon_core.package_discovery:discover_packages(colcon_meta) check parameters
[0.299s] Level 1:colcon.colcon_core.package_discovery:discover_packages(recursive) check parameters
[0.299s] Level 1:colcon.colcon_core.package_discovery:discover_packages(ignore) check parameters
[0.299s] Level 1:colcon.colcon_core.package_discovery:discover_packages(path) check parameters
[0.299s] Level 1:colcon.colcon_core.package_discovery:discover_packages(colcon_meta) discover
[0.299s] Level 1:colcon.colcon_core.package_discovery:discover_packages(recursive) discover
[0.299s] INFO:colcon.colcon_core.package_discovery:Crawling recursively for packages in '/home/user/research_ws/ur10_pick_place_ws'
[0.299s] Level 1:colcon.colcon_core.package_identification:_identify(.) by extensions ['ignore', 'ignore_ament_install']
[0.299s] Level 1:colcon.colcon_core.package_identification:_identify(.) by extension 'ignore'
[0.299s] Level 1:colcon.colcon_core.package_identification:_identify(.) by extension 'ignore_ament_install'
[0.299s] Level 1:colcon.colcon_core.package_identification:_identify(.) by extensions ['colcon_pkg']
[0.299s] Level 1:colcon.colcon_core.package_identification:_identify(.) by extension 'colcon_pkg'
[0.299s] Level 1:colcon.colcon_core.package_identification:_identify(.) by extensions ['colcon_meta']
[0.299s] Level 1:colcon.colcon_core.package_identification:_identify(.) by extension 'colcon_meta'
[0.299s] Level 1:colcon.colcon_core.package_identification:_identify(.) by extensions ['ros']
[0.299s] Level 1:colcon.colcon_core.package_identification:_identify(.) by extension 'ros'
[0.308s] Level 1:colcon.colcon_core.package_identification:_identify(.) by extensions ['cmake', 'python']
[0.308s] Level 1:colcon.colcon_core.package_identification:_identify(.) by extension 'cmake'
[0.308s] Level 1:colcon.colcon_core.package_identification:_identify(.) by extension 'python'
[0.308s] Level 1:colcon.colcon_core.package_identification:_identify(.) by extensions ['python_setup_py']
[0.308s] Level 1:colcon.colcon_core.package_identification:_identify(.) by extension 'python_setup_py'
[0.308s] Level 1:colcon.colcon_core.package_identification:_identify(build) by extensions ['ignore', 'ignore_ament_install']
[0.308s] Level 1:colcon.colcon_core.package_identification:_identify(build) by extension 'ignore'
[0.308s] Level 1:colcon.colcon_core.package_identification:_identify(build) ignored
[0.308s] Level 1:colcon.colcon_core.package_identification:_identify(install) by extensions ['ignore', 'ignore_ament_install']
[0.308s] Level 1:colcon.colcon_core.package_identification:_identify(install) by extension 'ignore'
[0.308s] Level 1:colcon.colcon_core.package_identification:_identify(install) ignored
[0.308s] Level 1:colcon.colcon_core.package_identification:_identify(log) by extensions ['ignore', 'ignore_ament_install']
[0.308s] Level 1:colcon.colcon_core.package_identification:_identify(log) by extension 'ignore'
[0.308s] Level 1:colcon.colcon_core.package_identification:_identify(log) ignored
[0.308s] Level 1:colcon.colcon_core.package_identification:_identify(src) by extensions ['ignore', 'ignore_ament_install']
[0.308s] Level 1:colcon.colcon_core.package_identification:_identify(src) by extension 'ignore'
[0.308s] Level 1:colcon.colcon_core.package_identification:_identify(src) by extension 'ignore_ament_install'
[0.308s] Level 1:colcon.colcon_core.package_identification:_identify(src) by extensions ['colcon_pkg']
[0.308s] Level 1:colcon.colcon_core.package_identification:_identify(src) by extension 'colcon_pkg'
[0.309s] Level 1:colcon.colcon_core.package_identification:_identify(src) by extensions ['colcon_meta']
[0.309s] Level 1:colcon.colcon_core.package_identification:_identify(src) by extension 'colcon_meta'
[0.309s] Level 1:colcon.colcon_core.package_identification:_identify(src) by extensions ['ros']
[0.309s] Level 1:colcon.colcon_core.package_identification:_identify(src) by extension 'ros'
[0.309s] Level 1:colcon.colcon_core.package_identification:_identify(src) by extensions ['cmake', 'python']
[0.309s] Level 1:colcon.colcon_core.package_identification:_identify(src) by extension 'cmake'
[0.309s] Level 1:colcon.colcon_core.package_identification:_identify(src) by extension 'python'
[0.309s] Level 1:colcon.colcon_core.package_identification:_identify(src) by extensions ['python_setup_py']
[0.309s] Level 1:colcon.colcon_core.package_identification:_identify(src) by extension 'python_setup_py'
[0.309s] Level 1:colcon.colcon_core.package_identification:_identify(src/Universal_Robots_ROS2_Gazebo_Simulation) by extensions ['ignore', 'ignore_ament_install']
[0.309s] Level 1:colcon.colcon_core.package_identification:_identify(src/Universal_Robots_ROS2_Gazebo_Simulation) by extension 'ignore'
[0.309s] Level 1:colcon.colcon_core.package_identification:_identify(src/Universal_Robots_ROS2_Gazebo_Simulation) by extension 'ignore_ament_install'
[0.309s] Level 1:colcon.colcon_core.package_identification:_identify(src/Universal_Robots_ROS2_Gazebo_Simulation) by extensions ['colcon_pkg']
[0.309s] Level 1:colcon.colcon_core.package_identification:_identify(src/Universal_Robots_ROS2_Gazebo_Simulation) by extension 'colcon_pkg'
[0.309s] Level 1:colcon.colcon_core.package_identification:_identify(src/Universal_Robots_ROS2_Gazebo_Simulation) by extensions ['colcon_meta']
[0.309s] Level 1:colcon.colcon_core.package_identification:_identify(src/Universal_Robots_ROS2_Gazebo_Simulation) by extension 'colcon_meta'
[0.309s] Level 1:colcon.colcon_core.package_identification:_identify(src/Universal_Robots_ROS2_Gazebo_Simulation) by extensions ['ros']
[0.309s] Level 1:colcon.colcon_core.package_identification:_identify(src/Universal_Robots_ROS2_Gazebo_Simulation) by extension 'ros'
[0.309s] Level 1:colcon.colcon_core.package_identification:_identify(src/Universal_Robots_ROS2_Gazebo_Simulation) by extensions ['cmake', 'python']
[0.309s] Level 1:colcon.colcon_core.package_identification:_identify(src/Universal_Robots_ROS2_Gazebo_Simulation) by extension 'cmake'
[0.309s] Level 1:colcon.colcon_core.package_identification:_identify(src/Universal_Robots_ROS2_Gazebo_Simulation) by extension 'python'
[0.309s] Level 1:colcon.colcon_core.package_identification:_identify(src/Universal_Robots_ROS2_Gazebo_Simulation) by extensions ['python_setup_py']
[0.309s] Level 1:colcon.colcon_core.package_identification:_identify(src/Universal_Robots_ROS2_Gazebo_Simulation) by extension 'python_setup_py'
[0.309s] Level 1:colcon.colcon_core.package_identification:_identify(src/Universal_Robots_ROS2_Gazebo_Simulation/ur_simulation_gazebo) by extensions ['ignore', 'ignore_ament_install']
[0.309s] Level 1:colcon.colcon_core.package_identification:_identify(src/Universal_Robots_ROS2_Gazebo_Simulation/ur_simulation_gazebo) by extension 'ignore'
[0.309s] Level 1:colcon.colcon_core.package_identification:_identify(src/Universal_Robots_ROS2_Gazebo_Simulation/ur_simulation_gazebo) by extension 'ignore_ament_install'
[0.309s] Level 1:colcon.colcon_core.package_identification:_identify(src/Universal_Robots_ROS2_Gazebo_Simulation/ur_simulation_gazebo) by extensions ['colcon_pkg']
[0.309s] Level 1:colcon.colcon_core.package_identification:_identify(src/Universal_Robots_ROS2_Gazebo_Simulation/ur_simulation_gazebo) by extension 'colcon_pkg'
[0.309s] Level 1:colcon.colcon_core.package_identification:_identify(src/Universal_Robots_ROS2_Gazebo_Simulation/ur_simulation_gazebo) by extensions ['colcon_meta']
[0.310s] Level 1:colcon.colcon_core.package_identification:_identify(src/Universal_Robots_ROS2_Gazebo_Simulation/ur_simulation_gazebo) by extension 'colcon_meta'
[0.310s] Level 1:colcon.colcon_core.package_identification:_identify(src/Universal_Robots_ROS2_Gazebo_Simulation/ur_simulation_gazebo) by extensions ['ros']
[0.310s] Level 1:colcon.colcon_core.package_identification:_identify(src/Universal_Robots_ROS2_Gazebo_Simulation/ur_simulation_gazebo) by extension 'ros'
[0.312s] DEBUG:colcon.colcon_core.package_identification:Package 'src/Universal_Robots_ROS2_Gazebo_Simulation/ur_simulation_gazebo' with type 'ros.ament_cmake' and name 'ur_simulation_gazebo'
[0.312s] Level 1:colcon.colcon_core.package_identification:_identify(src/linkattacher_msgs) by extensions ['ignore', 'ignore_ament_install']
[0.312s] Level 1:colcon.colcon_core.package_identification:_identify(src/linkattacher_msgs) by extension 'ignore'
[0.312s] Level 1:colcon.colcon_core.package_identification:_identify(src/linkattacher_msgs) by extension 'ignore_ament_install'
[0.312s] Level 1:colcon.colcon_core.package_identification:_identify(src/linkattacher_msgs) by extensions ['colcon_pkg']
[0.312s] Level 1:colcon.colcon_core.package_identification:_identify(src/linkattacher_msgs) by extension 'colcon_pkg'
[0.312s] Level 1:colcon.colcon_core.package_identification:_identify(src/linkattacher_msgs) by extensions ['colcon_meta']
[0.312s] Level 1:colcon.colcon_core.package_identification:_identify(src/linkattacher_msgs) by extension 'colcon_meta'
[0.312s] Level 1:colcon.colcon_core.package_identification:_identify(src/linkattacher_msgs) by extensions ['ros']
[0.312s] Level 1:colcon.colcon_core.package_identification:_identify(src/linkattacher_msgs) by extension 'ros'
[0.313s] DEBUG:colcon.colcon_core.package_identification:Package 'src/linkattacher_msgs' with type 'ros.ament_cmake' and name 'linkattacher_msgs'
[0.313s] Level 1:colcon.colcon_core.package_identification:_identify(src/linkattacher_plugin) by extensions ['ignore', 'ignore_ament_install']
[0.313s] Level 1:colcon.colcon_core.package_identification:_identify(src/linkattacher_plugin) by extension 'ignore'
[0.313s] Level 1:colcon.colcon_core.package_identification:_identify(src/linkattacher_plugin) by extension 'ignore_ament_install'
[0.313s] Level 1:colcon.colcon_core.package_identification:_identify(src/linkattacher_plugin) by extensions ['colcon_pkg']
[0.313s] Level 1:colcon.colcon_core.package_identification:_identify(src/linkattacher_plugin) by extension 'colcon_pkg'
[0.313s] Level 1:colcon.colcon_core.package_identification:_identify(src/linkattacher_plugin) by extensions ['colcon_meta']
[0.313s] Level 1:colcon.colcon_core.package_identification:_identify(src/linkattacher_plugin) by extension 'colcon_meta'
[0.313s] Level 1:colcon.colcon_core.package_identification:_identify(src/linkattacher_plugin) by extensions ['ros']
[0.313s] Level 1:colcon.colcon_core.package_identification:_identify(src/linkattacher_plugin) by extension 'ros'
[0.314s] DEBUG:colcon.colcon_core.package_identification:Package 'src/linkattacher_plugin' with type 'ros.ament_cmake' and name 'ros2_linkattacher'
[0.314s] Level 1:colcon.colcon_core.package_identification:_identify(src/ros2_robotiq_3f_gripper) by extensions ['ignore', 'ignore_ament_install']
[0.314s] Level 1:colcon.colcon_core.package_identification:_identify(src/ros2_robotiq_3f_gripper) by extension 'ignore'
[0.314s] Level 1:colcon.colcon_core.package_identification:_identify(src/ros2_robotiq_3f_gripper) by extension 'ignore_ament_install'
[0.314s] Level 1:colcon.colcon_core.package_identification:_identify(src/ros2_robotiq_3f_gripper) by extensions ['colcon_pkg']
[0.314s] Level 1:colcon.colcon_core.package_identification:_identify(src/ros2_robotiq_3f_gripper) by extension 'colcon_pkg'
[0.314s] Level 1:colcon.colcon_core.package_identification:_identify(src/ros2_robotiq_3f_gripper) by extensions ['colcon_meta']
[0.314s] Level 1:colcon.colcon_core.package_identification:_identify(src/ros2_robotiq_3f_gripper) by extension 'colcon_meta'
[0.314s] Level 1:colcon.colcon_core.package_identification:_identify(src/ros2_robotiq_3f_gripper) by extensions ['ros']
[0.314s] Level 1:colcon.colcon_core.package_identification:_identify(src/ros2_robotiq_3f_gripper) by extension 'ros'
[0.314s] Level 1:colcon.colcon_core.package_identification:_identify(src/ros2_robotiq_3f_gripper) by extensions ['cmake', 'python']
[0.314s] Level 1:colcon.colcon_core.package_identification:_identify(src/ros2_robotiq_3f_gripper) by extension 'cmake'
[0.314s] Level 1:colcon.colcon_core.package_identification:_identify(src/ros2_robotiq_3f_gripper) by extension 'python'
[0.314s] Level 1:colcon.colcon_core.package_identification:_identify(src/ros2_robotiq_3f_gripper) by extensions ['python_setup_py']
[0.314s] Level 1:colcon.colcon_core.package_identification:_identify(src/ros2_robotiq_3f_gripper) by extension 'python_setup_py'
[0.314s] Level 1:colcon.colcon_core.package_identification:_identify(src/ros2_robotiq_3f_gripper/robotiq_3f_description) by extensions ['ignore', 'ignore_ament_install']
[0.315s] Level 1:colcon.colcon_core.package_identification:_identify(src/ros2_robotiq_3f_gripper/robotiq_3f_description) by extension 'ignore'
[0.315s] Level 1:colcon.colcon_core.package_identification:_identify(src/ros2_robotiq_3f_gripper/robotiq_3f_description) by extension 'ignore_ament_install'
[0.315s] Level 1:colcon.colcon_core.package_identification:_identify(src/ros2_robotiq_3f_gripper/robotiq_3f_description) by extensions ['colcon_pkg']
[0.315s] Level 1:colcon.colcon_core.package_identification:_identify(src/ros2_robotiq_3f_gripper/robotiq_3f_description) by extension 'colcon_pkg'
[0.315s] Level 1:colcon.colcon_core.package_identification:_identify(src/ros2_robotiq_3f_gripper/robotiq_3f_description) by extensions ['colcon_meta']
[0.315s] Level 1:colcon.colcon_core.package_identification:_identify(src/ros2_robotiq_3f_gripper/robotiq_3f_description) by extension 'colcon_meta'
[0.315s] Level 1:colcon.colcon_core.package_identification:_identify(src/ros2_robotiq_3f_gripper/robotiq_3f_description) by extensions ['ros']
[0.315s] Level 1:colcon.colcon_core.package_identification:_identify(src/ros2_robotiq_3f_gripper/robotiq_3f_description) by extension 'ros'
[0.315s] DEBUG:colcon.colcon_core.package_identification:Package 'src/ros2_robotiq_3f_gripper/robotiq_3f_description' with type 'ros.ament_cmake' and name 'robotiq_3f_description'
[0.315s] Level 1:colcon.colcon_core.package_identification:_identify(src/ros2_robotiq_3f_gripper/robotiq_3f_driver) by extensions ['ignore', 'ignore_ament_install']
[0.315s] Level 1:colcon.colcon_core.package_identification:_identify(src/ros2_robotiq_3f_gripper/robotiq_3f_driver) by extension 'ignore'
[0.315s] Level 1:colcon.colcon_core.package_identification:_identify(src/ros2_robotiq_3f_gripper/robotiq_3f_driver) ignored
[0.315s] Level 1:colcon.colcon_core.package_identification:_identify(src/ros2_robotiq_3f_gripper/robotiq_3f_hardware_tests) by extensions ['ignore', 'ignore_ament_install']
[0.316s] Level 1:colcon.colcon_core.package_identification:_identify(src/ros2_robotiq_3f_gripper/robotiq_3f_hardware_tests) by extension 'ignore'
[0.316s] Level 1:colcon.colcon_core.package_identification:_identify(src/ros2_robotiq_3f_gripper/robotiq_3f_hardware_tests) ignored
[0.316s] Level 1:colcon.colcon_core.package_identification:_identify(src/ros2_robotiq_3f_gripper/robotiq_3f_interfaces) by extensions ['ignore', 'ignore_ament_install']
[0.316s] Level 1:colcon.colcon_core.package_identification:_identify(src/ros2_robotiq_3f_gripper/robotiq_3f_interfaces) by extension 'ignore'
[0.316s] Level 1:colcon.colcon_core.package_identification:_identify(src/ros2_robotiq_3f_gripper/robotiq_3f_interfaces) by extension 'ignore_ament_install'
[0.316s] Level 1:colcon.colcon_core.package_identification:_identify(src/ros2_robotiq_3f_gripper/robotiq_3f_interfaces) by extensions ['colcon_pkg']
[0.316s] Level 1:colcon.colcon_core.package_identification:_identify(src/ros2_robotiq_3f_gripper/robotiq_3f_interfaces) by extension 'colcon_pkg'
[0.316s] Level 1:colcon.colcon_core.package_identification:_identify(src/ros2_robotiq_3f_gripper/robotiq_3f_interfaces) by extensions ['colcon_meta']
[0.316s] Level 1:colcon.colcon_core.package_identification:_identify(src/ros2_robotiq_3f_gripper/robotiq_3f_interfaces) by extension 'colcon_meta'
[0.316s] Level 1:colcon.colcon_core.package_identification:_identify(src/ros2_robotiq_3f_gripper/robotiq_3f_interfaces) by extensions ['ros']
[0.316s] Level 1:colcon.colcon_core.package_identification:_identify(src/ros2_robotiq_3f_gripper/robotiq_3f_interfaces) by extension 'ros'
[0.316s] DEBUG:colcon.colcon_core.package_identification:Package 'src/ros2_robotiq_3f_gripper/robotiq_3f_interfaces' with type 'ros.ament_cmake' and name 'robotiq_3f_interfaces'
[0.316s] Level 1:colcon.colcon_core.package_identification:_identify(src/ros2_robotiq_3f_gripper/robotiq_3f_transmission_plugins) by extensions ['ignore', 'ignore_ament_install']
[0.317s] Level 1:colcon.colcon_core.package_identification:_identify(src/ros2_robotiq_3f_gripper/robotiq_3f_transmission_plugins) by extension 'ignore'
[0.317s] Level 1:colcon.colcon_core.package_identification:_identify(src/ros2_robotiq_3f_gripper/robotiq_3f_transmission_plugins) ignored
[0.317s] Level 1:colcon.colcon_core.package_identification:_identify(src/ros2_robotiq_gripper) by extensions ['ignore', 'ignore_ament_install']
[0.317s] Level 1:colcon.colcon_core.package_identification:_identify(src/ros2_robotiq_gripper) by extension 'ignore'
[0.317s] Level 1:colcon.colcon_core.package_identification:_identify(src/ros2_robotiq_gripper) by extension 'ignore_ament_install'
[0.317s] Level 1:colcon.colcon_core.package_identification:_identify(src/ros2_robotiq_gripper) by extensions ['colcon_pkg']
[0.317s] Level 1:colcon.colcon_core.package_identification:_identify(src/ros2_robotiq_gripper) by extension 'colcon_pkg'
[0.317s] Level 1:colcon.colcon_core.package_identification:_identify(src/ros2_robotiq_gripper) by extensions ['colcon_meta']
[0.317s] Level 1:colcon.colcon_core.package_identification:_identify(src/ros2_robotiq_gripper) by extension 'colcon_meta'
[0.317s] Level 1:colcon.colcon_core.package_identification:_identify(src/ros2_robotiq_gripper) by extensions ['ros']
[0.317s] Level 1:colcon.colcon_core.package_identification:_identify(src/ros2_robotiq_gripper) by extension 'ros'
[0.317s] Level 1:colcon.colcon_core.package_identification:_identify(src/ros2_robotiq_gripper) by extensions ['cmake', 'python']
[0.317s] Level 1:colcon.colcon_core.package_identification:_identify(src/ros2_robotiq_gripper) by extension 'cmake'
[0.317s] Level 1:colcon.colcon_core.package_identification:_identify(src/ros2_robotiq_gripper) by extension 'python'
[0.317s] Level 1:colcon.colcon_core.package_identification:_identify(src/ros2_robotiq_gripper) by extensions ['python_setup_py']
[0.317s] Level 1:colcon.colcon_core.package_identification:_identify(src/ros2_robotiq_gripper) by extension 'python_setup_py'
[0.317s] Level 1:colcon.colcon_core.package_identification:_identify(src/ros2_robotiq_gripper/robotiq_controllers) by extensions ['ignore', 'ignore_ament_install']
[0.317s] Level 1:colcon.colcon_core.package_identification:_identify(src/ros2_robotiq_gripper/robotiq_controllers) by extension 'ignore'
[0.317s] Level 1:colcon.colcon_core.package_identification:_identify(src/ros2_robotiq_gripper/robotiq_controllers) by extension 'ignore_ament_install'
[0.317s] Level 1:colcon.colcon_core.package_identification:_identify(src/ros2_robotiq_gripper/robotiq_controllers) by extensions ['colcon_pkg']
[0.317s] Level 1:colcon.colcon_core.package_identification:_identify(src/ros2_robotiq_gripper/robotiq_controllers) by extension 'colcon_pkg'
[0.318s] Level 1:colcon.colcon_core.package_identification:_identify(src/ros2_robotiq_gripper/robotiq_controllers) by extensions ['colcon_meta']
[0.318s] Level 1:colcon.colcon_core.package_identification:_identify(src/ros2_robotiq_gripper/robotiq_controllers) by extension 'colcon_meta'
[0.318s] Level 1:colcon.colcon_core.package_identification:_identify(src/ros2_robotiq_gripper/robotiq_controllers) by extensions ['ros']
[0.318s] Level 1:colcon.colcon_core.package_identification:_identify(src/ros2_robotiq_gripper/robotiq_controllers) by extension 'ros'
[0.318s] DEBUG:colcon.colcon_core.package_identification:Package 'src/ros2_robotiq_gripper/robotiq_controllers' with type 'ros.ament_cmake' and name 'robotiq_controllers'
[0.318s] Level 1:colcon.colcon_core.package_identification:_identify(src/ros2_robotiq_gripper/robotiq_description) by extensions ['ignore', 'ignore_ament_install']
[0.319s] Level 1:colcon.colcon_core.package_identification:_identify(src/ros2_robotiq_gripper/robotiq_description) by extension 'ignore'
[0.319s] Level 1:colcon.colcon_core.package_identification:_identify(src/ros2_robotiq_gripper/robotiq_description) by extension 'ignore_ament_install'
[0.319s] Level 1:colcon.colcon_core.package_identification:_identify(src/ros2_robotiq_gripper/robotiq_description) by extensions ['colcon_pkg']
[0.319s] Level 1:colcon.colcon_core.package_identification:_identify(src/ros2_robotiq_gripper/robotiq_description) by extension 'colcon_pkg'
[0.319s] Level 1:colcon.colcon_core.package_identification:_identify(src/ros2_robotiq_gripper/robotiq_description) by extensions ['colcon_meta']
[0.319s] Level 1:colcon.colcon_core.package_identification:_identify(src/ros2_robotiq_gripper/robotiq_description) by extension 'colcon_meta'
[0.319s] Level 1:colcon.colcon_core.package_identification:_identify(src/ros2_robotiq_gripper/robotiq_description) by extensions ['ros']
[0.319s] Level 1:colcon.colcon_core.package_identification:_identify(src/ros2_robotiq_gripper/robotiq_description) by extension 'ros'
[0.319s] DEBUG:colcon.colcon_core.package_identification:Package 'src/ros2_robotiq_gripper/robotiq_description' with type 'ros.ament_cmake' and name 'robotiq_description'
[0.320s] Level 1:colcon.colcon_core.package_identification:_identify(src/ur10_camera_gripper_moveit_config) by extensions ['ignore', 'ignore_ament_install']
[0.320s] Level 1:colcon.colcon_core.package_identification:_identify(src/ur10_camera_gripper_moveit_config) by extension 'ignore'
[0.320s] Level 1:colcon.colcon_core.package_identification:_identify(src/ur10_camera_gripper_moveit_config) by extension 'ignore_ament_install'
[0.320s] Level 1:colcon.colcon_core.package_identification:_identify(src/ur10_camera_gripper_moveit_config) by extensions ['colcon_pkg']
[0.320s] Level 1:colcon.colcon_core.package_identification:_identify(src/ur10_camera_gripper_moveit_config) by extension 'colcon_pkg'
[0.320s] Level 1:colcon.colcon_core.package_identification:_identify(src/ur10_camera_gripper_moveit_config) by extensions ['colcon_meta']
[0.320s] Level 1:colcon.colcon_core.package_identification:_identify(src/ur10_camera_gripper_moveit_config) by extension 'colcon_meta'
[0.320s] Level 1:colcon.colcon_core.package_identification:_identify(src/ur10_camera_gripper_moveit_config) by extensions ['ros']
[0.320s] Level 1:colcon.colcon_core.package_identification:_identify(src/ur10_camera_gripper_moveit_config) by extension 'ros'
[0.321s] DEBUG:colcon.colcon_core.package_identification:Package 'src/ur10_camera_gripper_moveit_config' with type 'ros.ament_cmake' and name 'ur10_camera_gripper_moveit_config'
[0.321s] Level 1:colcon.colcon_core.package_identification:_identify(src/ur10_camera_moveit_config) by extensions ['ignore', 'ignore_ament_install']
[0.321s] Level 1:colcon.colcon_core.package_identification:_identify(src/ur10_camera_moveit_config) by extension 'ignore'
[0.321s] Level 1:colcon.colcon_core.package_identification:_identify(src/ur10_camera_moveit_config) ignored
[0.321s] Level 1:colcon.colcon_core.package_identification:_identify(src/ur_yt_sim) by extensions ['ignore', 'ignore_ament_install']
[0.321s] Level 1:colcon.colcon_core.package_identification:_identify(src/ur_yt_sim) by extension 'ignore'
[0.321s] Level 1:colcon.colcon_core.package_identification:_identify(src/ur_yt_sim) by extension 'ignore_ament_install'
[0.321s] Level 1:colcon.colcon_core.package_identification:_identify(src/ur_yt_sim) by extensions ['colcon_pkg']
[0.321s] Level 1:colcon.colcon_core.package_identification:_identify(src/ur_yt_sim) by extension 'colcon_pkg'
[0.321s] Level 1:colcon.colcon_core.package_identification:_identify(src/ur_yt_sim) by extensions ['colcon_meta']
[0.321s] Level 1:colcon.colcon_core.package_identification:_identify(src/ur_yt_sim) by extension 'colcon_meta'
[0.321s] Level 1:colcon.colcon_core.package_identification:_identify(src/ur_yt_sim) by extensions ['ros']
[0.321s] Level 1:colcon.colcon_core.package_identification:_identify(src/ur_yt_sim) by extension 'ros'
[0.322s] DEBUG:colcon.colcon_core.package_identification:Package 'src/ur_yt_sim' with type 'ros.ament_cmake' and name 'ur_yt_sim'
[0.322s] Level 1:colcon.colcon_core.package_discovery:discover_packages(recursive) using defaults
[0.322s] Level 1:colcon.colcon_core.package_discovery:discover_packages(ignore) discover
[0.322s] Level 1:colcon.colcon_core.package_discovery:discover_packages(ignore) using defaults
[0.322s] Level 1:colcon.colcon_core.package_discovery:discover_packages(path) discover
[0.322s] Level 1:colcon.colcon_core.package_discovery:discover_packages(path) using defaults
[0.353s] Level 1:colcon.colcon_core.package_discovery:discover_packages(prefix_path) check parameters
[0.353s] Level 1:colcon.colcon_core.package_discovery:discover_packages(prefix_path) discover
[0.355s] DEBUG:colcon.colcon_installed_package_information.package_discovery:Found 9 installed packages in /home/user/research_ws/ur10_pick_place_ws/install
[0.356s] DEBUG:colcon.colcon_installed_package_information.package_discovery:Found 407 installed packages in /opt/ros/humble
[0.358s] Level 1:colcon.colcon_core.package_discovery:discover_packages(prefix_path) using defaults
[0.396s] Level 5:colcon.colcon_core.verb:set package 'linkattacher_msgs' build argument 'cmake_args' from command line to 'None'
[0.396s] Level 5:colcon.colcon_core.verb:set package 'linkattacher_msgs' build argument 'cmake_target' from command line to 'None'
[0.396s] Level 5:colcon.colcon_core.verb:set package 'linkattacher_msgs' build argument 'cmake_target_skip_unavailable' from command line to 'False'
[0.396s] Level 5:colcon.colcon_core.verb:set package 'linkattacher_msgs' build argument 'cmake_clean_cache' from command line to 'False'
[0.396s] Level 5:colcon.colcon_core.verb:set package 'linkattacher_msgs' build argument 'cmake_clean_first' from command line to 'False'
[0.396s] Level 5:colcon.colcon_core.verb:set package 'linkattacher_msgs' build argument 'cmake_force_configure' from command line to 'False'
[0.396s] Level 5:colcon.colcon_core.verb:set package 'linkattacher_msgs' build argument 'ament_cmake_args' from command line to 'None'
[0.396s] Level 5:colcon.colcon_core.verb:set package 'linkattacher_msgs' build argument 'catkin_cmake_args' from command line to 'None'
[0.396s] Level 5:colcon.colcon_core.verb:set package 'linkattacher_msgs' build argument 'catkin_skip_building_tests' from command line to 'False'
[0.396s] DEBUG:colcon.colcon_core.verb:Building package 'linkattacher_msgs' with the following arguments: {'ament_cmake_args': None, 'build_base': '/home/user/research_ws/ur10_pick_place_ws/build/linkattacher_msgs', 'catkin_cmake_args': None, 'catkin_skip_building_tests': False, 'cmake_args': None, 'cmake_clean_cache': False, 'cmake_clean_first': False, 'cmake_force_configure': False, 'cmake_target': None, 'cmake_target_skip_unavailable': False, 'install_base': '/home/user/research_ws/ur10_pick_place_ws/install/linkattacher_msgs', 'merge_install': False, 'path': '/home/user/research_ws/ur10_pick_place_ws/src/linkattacher_msgs', 'symlink_install': False, 'test_result_base': None}
[0.396s] Level 5:colcon.colcon_core.verb:set package 'robotiq_3f_description' build argument 'cmake_args' from command line to 'None'
[0.396s] Level 5:colcon.colcon_core.verb:set package 'robotiq_3f_description' build argument 'cmake_target' from command line to 'None'
[0.396s] Level 5:colcon.colcon_core.verb:set package 'robotiq_3f_description' build argument 'cmake_target_skip_unavailable' from command line to 'False'
[0.396s] Level 5:colcon.colcon_core.verb:set package 'robotiq_3f_description' build argument 'cmake_clean_cache' from command line to 'False'
[0.396s] Level 5:colcon.colcon_core.verb:set package 'robotiq_3f_description' build argument 'cmake_clean_first' from command line to 'False'
[0.396s] Level 5:colcon.colcon_core.verb:set package 'robotiq_3f_description' build argument 'cmake_force_configure' from command line to 'False'
[0.396s] Level 5:colcon.colcon_core.verb:set package 'robotiq_3f_description' build argument 'ament_cmake_args' from command line to 'None'
[0.396s] Level 5:colcon.colcon_core.verb:set package 'robotiq_3f_description' build argument 'catkin_cmake_args' from command line to 'None'
[0.396s] Level 5:colcon.colcon_core.verb:set package 'robotiq_3f_description' build argument 'catkin_skip_building_tests' from command line to 'False'
[0.397s] DEBUG:colcon.colcon_core.verb:Building package 'robotiq_3f_description' with the following arguments: {'ament_cmake_args': None, 'build_base': '/home/user/research_ws/ur10_pick_place_ws/build/robotiq_3f_description', 'catkin_cmake_args': None, 'catkin_skip_building_tests': False, 'cmake_args': None, 'cmake_clean_cache': False, 'cmake_clean_first': False, 'cmake_force_configure': False, 'cmake_target': None, 'cmake_target_skip_unavailable': False, 'install_base': '/home/user/research_ws/ur10_pick_place_ws/install/robotiq_3f_description', 'merge_install': False, 'path': '/home/user/research_ws/ur10_pick_place_ws/src/ros2_robotiq_3f_gripper/robotiq_3f_description', 'symlink_install': False, 'test_result_base': None}
[0.397s] Level 5:colcon.colcon_core.verb:set package 'robotiq_3f_interfaces' build argument 'cmake_args' from command line to 'None'
[0.397s] Level 5:colcon.colcon_core.verb:set package 'robotiq_3f_interfaces' build argument 'cmake_target' from command line to 'None'
[0.397s] Level 5:colcon.colcon_core.verb:set package 'robotiq_3f_interfaces' build argument 'cmake_target_skip_unavailable' from command line to 'False'
[0.397s] Level 5:colcon.colcon_core.verb:set package 'robotiq_3f_interfaces' build argument 'cmake_clean_cache' from command line to 'False'
[0.397s] Level 5:colcon.colcon_core.verb:set package 'robotiq_3f_interfaces' build argument 'cmake_clean_first' from command line to 'False'
[0.397s] Level 5:colcon.colcon_core.verb:set package 'robotiq_3f_interfaces' build argument 'cmake_force_configure' from command line to 'False'
[0.397s] Level 5:colcon.colcon_core.verb:set package 'robotiq_3f_interfaces' build argument 'ament_cmake_args' from command line to 'None'
[0.397s] Level 5:colcon.colcon_core.verb:set package 'robotiq_3f_interfaces' build argument 'catkin_cmake_args' from command line to 'None'
[0.397s] Level 5:colcon.colcon_core.verb:set package 'robotiq_3f_interfaces' build argument 'catkin_skip_building_tests' from command line to 'False'
[0.397s] DEBUG:colcon.colcon_core.verb:Building package 'robotiq_3f_interfaces' with the following arguments: {'ament_cmake_args': None, 'build_base': '/home/user/research_ws/ur10_pick_place_ws/build/robotiq_3f_interfaces', 'catkin_cmake_args': None, 'catkin_skip_building_tests': False, 'cmake_args': None, 'cmake_clean_cache': False, 'cmake_clean_first': False, 'cmake_force_configure': False, 'cmake_target': None, 'cmake_target_skip_unavailable': False, 'install_base': '/home/user/research_ws/ur10_pick_place_ws/install/robotiq_3f_interfaces', 'merge_install': False, 'path': '/home/user/research_ws/ur10_pick_place_ws/src/ros2_robotiq_3f_gripper/robotiq_3f_interfaces', 'symlink_install': False, 'test_result_base': None}
[0.397s] Level 5:colcon.colcon_core.verb:set package 'robotiq_controllers' build argument 'cmake_args' from command line to 'None'
[0.397s] Level 5:colcon.colcon_core.verb:set package 'robotiq_controllers' build argument 'cmake_target' from command line to 'None'
[0.397s] Level 5:colcon.colcon_core.verb:set package 'robotiq_controllers' build argument 'cmake_target_skip_unavailable' from command line to 'False'
[0.397s] Level 5:colcon.colcon_core.verb:set package 'robotiq_controllers' build argument 'cmake_clean_cache' from command line to 'False'
[0.397s] Level 5:colcon.colcon_core.verb:set package 'robotiq_controllers' build argument 'cmake_clean_first' from command line to 'False'
[0.397s] Level 5:colcon.colcon_core.verb:set package 'robotiq_controllers' build argument 'cmake_force_configure' from command line to 'False'
[0.397s] Level 5:colcon.colcon_core.verb:set package 'robotiq_controllers' build argument 'ament_cmake_args' from command line to 'None'
[0.397s] Level 5:colcon.colcon_core.verb:set package 'robotiq_controllers' build argument 'catkin_cmake_args' from command line to 'None'
[0.397s] Level 5:colcon.colcon_core.verb:set package 'robotiq_controllers' build argument 'catkin_skip_building_tests' from command line to 'False'
[0.397s] DEBUG:colcon.colcon_core.verb:Building package 'robotiq_controllers' with the following arguments: {'ament_cmake_args': None, 'build_base': '/home/user/research_ws/ur10_pick_place_ws/build/robotiq_controllers', 'catkin_cmake_args': None, 'catkin_skip_building_tests': False, 'cmake_args': None, 'cmake_clean_cache': False, 'cmake_clean_first': False, 'cmake_force_configure': False, 'cmake_target': None, 'cmake_target_skip_unavailable': False, 'install_base': '/home/user/research_ws/ur10_pick_place_ws/install/robotiq_controllers', 'merge_install': False, 'path': '/home/user/research_ws/ur10_pick_place_ws/src/ros2_robotiq_gripper/robotiq_controllers', 'symlink_install': False, 'test_result_base': None}
[0.397s] Level 5:colcon.colcon_core.verb:set package 'robotiq_description' build argument 'cmake_args' from command line to 'None'
[0.398s] Level 5:colcon.colcon_core.verb:set package 'robotiq_description' build argument 'cmake_target' from command line to 'None'
[0.398s] Level 5:colcon.colcon_core.verb:set package 'robotiq_description' build argument 'cmake_target_skip_unavailable' from command line to 'False'
[0.398s] Level 5:colcon.colcon_core.verb:set package 'robotiq_description' build argument 'cmake_clean_cache' from command line to 'False'
[0.398s] Level 5:colcon.colcon_core.verb:set package 'robotiq_description' build argument 'cmake_clean_first' from command line to 'False'
[0.398s] Level 5:colcon.colcon_core.verb:set package 'robotiq_description' build argument 'cmake_force_configure' from command line to 'False'
[0.398s] Level 5:colcon.colcon_core.verb:set package 'robotiq_description' build argument 'ament_cmake_args' from command line to 'None'
[0.398s] Level 5:colcon.colcon_core.verb:set package 'robotiq_description' build argument 'catkin_cmake_args' from command line to 'None'
[0.398s] Level 5:colcon.colcon_core.verb:set package 'robotiq_description' build argument 'catkin_skip_building_tests' from command line to 'False'
[0.398s] DEBUG:colcon.colcon_core.verb:Building package 'robotiq_description' with the following arguments: {'ament_cmake_args': None, 'build_base': '/home/user/research_ws/ur10_pick_place_ws/build/robotiq_description', 'catkin_cmake_args': None, 'catkin_skip_building_tests': False, 'cmake_args': None, 'cmake_clean_cache': False, 'cmake_clean_first': False, 'cmake_force_configure': False, 'cmake_target': None, 'cmake_target_skip_unavailable': False, 'install_base': '/home/user/research_ws/ur10_pick_place_ws/install/robotiq_description', 'merge_install': False, 'path': '/home/user/research_ws/ur10_pick_place_ws/src/ros2_robotiq_gripper/robotiq_description', 'symlink_install': False, 'test_result_base': None}
[0.398s] Level 5:colcon.colcon_core.verb:set package 'ur_simulation_gazebo' build argument 'cmake_args' from command line to 'None'
[0.398s] Level 5:colcon.colcon_core.verb:set package 'ur_simulation_gazebo' build argument 'cmake_target' from command line to 'None'
[0.398s] Level 5:colcon.colcon_core.verb:set package 'ur_simulation_gazebo' build argument 'cmake_target_skip_unavailable' from command line to 'False'
[0.398s] Level 5:colcon.colcon_core.verb:set package 'ur_simulation_gazebo' build argument 'cmake_clean_cache' from command line to 'False'
[0.398s] Level 5:colcon.colcon_core.verb:set package 'ur_simulation_gazebo' build argument 'cmake_clean_first' from command line to 'False'
[0.398s] Level 5:colcon.colcon_core.verb:set package 'ur_simulation_gazebo' build argument 'cmake_force_configure' from command line to 'False'
[0.398s] Level 5:colcon.colcon_core.verb:set package 'ur_simulation_gazebo' build argument 'ament_cmake_args' from command line to 'None'
[0.398s] Level 5:colcon.colcon_core.verb:set package 'ur_simulation_gazebo' build argument 'catkin_cmake_args' from command line to 'None'
[0.398s] Level 5:colcon.colcon_core.verb:set package 'ur_simulation_gazebo' build argument 'catkin_skip_building_tests' from command line to 'False'
[0.398s] DEBUG:colcon.colcon_core.verb:Building package 'ur_simulation_gazebo' with the following arguments: {'ament_cmake_args': None, 'build_base': '/home/user/research_ws/ur10_pick_place_ws/build/ur_simulation_gazebo', 'catkin_cmake_args': None, 'catkin_skip_building_tests': False, 'cmake_args': None, 'cmake_clean_cache': False, 'cmake_clean_first': False, 'cmake_force_configure': False, 'cmake_target': None, 'cmake_target_skip_unavailable': False, 'install_base': '/home/user/research_ws/ur10_pick_place_ws/install/ur_simulation_gazebo', 'merge_install': False, 'path': '/home/user/research_ws/ur10_pick_place_ws/src/Universal_Robots_ROS2_Gazebo_Simulation/ur_simulation_gazebo', 'symlink_install': False, 'test_result_base': None}
[0.398s] Level 5:colcon.colcon_core.verb:set package 'ros2_linkattacher' build argument 'cmake_args' from command line to 'None'
[0.398s] Level 5:colcon.colcon_core.verb:set package 'ros2_linkattacher' build argument 'cmake_target' from command line to 'None'
[0.398s] Level 5:colcon.colcon_core.verb:set package 'ros2_linkattacher' build argument 'cmake_target_skip_unavailable' from command line to 'False'
[0.398s] Level 5:colcon.colcon_core.verb:set package 'ros2_linkattacher' build argument 'cmake_clean_cache' from command line to 'False'
[0.398s] Level 5:colcon.colcon_core.verb:set package 'ros2_linkattacher' build argument 'cmake_clean_first' from command line to 'False'
[0.398s] Level 5:colcon.colcon_core.verb:set package 'ros2_linkattacher' build argument 'cmake_force_configure' from command line to 'False'
[0.398s] Level 5:colcon.colcon_core.verb:set package 'ros2_linkattacher' build argument 'ament_cmake_args' from command line to 'None'
[0.398s] Level 5:colcon.colcon_core.verb:set package 'ros2_linkattacher' build argument 'catkin_cmake_args' from command line to 'None'
[0.398s] Level 5:colcon.colcon_core.verb:set package 'ros2_linkattacher' build argument 'catkin_skip_building_tests' from command line to 'False'
[0.398s] DEBUG:colcon.colcon_core.verb:Building package 'ros2_linkattacher' with the following arguments: {'ament_cmake_args': None, 'build_base': '/home/user/research_ws/ur10_pick_place_ws/build/ros2_linkattacher', 'catkin_cmake_args': None, 'catkin_skip_building_tests': False, 'cmake_args': None, 'cmake_clean_cache': False, 'cmake_clean_first': False, 'cmake_force_configure': False, 'cmake_target': None, 'cmake_target_skip_unavailable': False, 'install_base': '/home/user/research_ws/ur10_pick_place_ws/install/ros2_linkattacher', 'merge_install': False, 'path': '/home/user/research_ws/ur10_pick_place_ws/src/linkattacher_plugin', 'symlink_install': False, 'test_result_base': None}
[0.399s] Level 5:colcon.colcon_core.verb:set package 'ur_yt_sim' build argument 'cmake_args' from command line to 'None'
[0.399s] Level 5:colcon.colcon_core.verb:set package 'ur_yt_sim' build argument 'cmake_target' from command line to 'None'
[0.399s] Level 5:colcon.colcon_core.verb:set package 'ur_yt_sim' build argument 'cmake_target_skip_unavailable' from command line to 'False'
[0.399s] Level 5:colcon.colcon_core.verb:set package 'ur_yt_sim' build argument 'cmake_clean_cache' from command line to 'False'
[0.399s] Level 5:colcon.colcon_core.verb:set package 'ur_yt_sim' build argument 'cmake_clean_first' from command line to 'False'
[0.399s] Level 5:colcon.colcon_core.verb:set package 'ur_yt_sim' build argument 'cmake_force_configure' from command line to 'False'
[0.399s] Level 5:colcon.colcon_core.verb:set package 'ur_yt_sim' build argument 'ament_cmake_args' from command line to 'None'
[0.399s] Level 5:colcon.colcon_core.verb:set package 'ur_yt_sim' build argument 'catkin_cmake_args' from command line to 'None'
[0.399s] Level 5:colcon.colcon_core.verb:set package 'ur_yt_sim' build argument 'catkin_skip_building_tests' from command line to 'False'
[0.399s] DEBUG:colcon.colcon_core.verb:Building package 'ur_yt_sim' with the following arguments: {'ament_cmake_args': None, 'build_base': '/home/user/research_ws/ur10_pick_place_ws/build/ur_yt_sim', 'catkin_cmake_args': None, 'catkin_skip_building_tests': False, 'cmake_args': None, 'cmake_clean_cache': False, 'cmake_clean_first': False, 'cmake_force_configure': False, 'cmake_target': None, 'cmake_target_skip_unavailable': False, 'install_base': '/home/user/research_ws/ur10_pick_place_ws/install/ur_yt_sim', 'merge_install': False, 'path': '/home/user/research_ws/ur10_pick_place_ws/src/ur_yt_sim', 'symlink_install': False, 'test_result_base': None}
[0.399s] Level 5:colcon.colcon_core.verb:set package 'ur10_camera_gripper_moveit_config' build argument 'cmake_args' from command line to 'None'
[0.399s] Level 5:colcon.colcon_core.verb:set package 'ur10_camera_gripper_moveit_config' build argument 'cmake_target' from command line to 'None'
[0.399s] Level 5:colcon.colcon_core.verb:set package 'ur10_camera_gripper_moveit_config' build argument 'cmake_target_skip_unavailable' from command line to 'False'
[0.399s] Level 5:colcon.colcon_core.verb:set package 'ur10_camera_gripper_moveit_config' build argument 'cmake_clean_cache' from command line to 'False'
[0.399s] Level 5:colcon.colcon_core.verb:set package 'ur10_camera_gripper_moveit_config' build argument 'cmake_clean_first' from command line to 'False'
[0.399s] Level 5:colcon.colcon_core.verb:set package 'ur10_camera_gripper_moveit_config' build argument 'cmake_force_configure' from command line to 'False'
[0.399s] Level 5:colcon.colcon_core.verb:set package 'ur10_camera_gripper_moveit_config' build argument 'ament_cmake_args' from command line to 'None'
[0.399s] Level 5:colcon.colcon_core.verb:set package 'ur10_camera_gripper_moveit_config' build argument 'catkin_cmake_args' from command line to 'None'
[0.399s] Level 5:colcon.colcon_core.verb:set package 'ur10_camera_gripper_moveit_config' build argument 'catkin_skip_building_tests' from command line to 'False'
[0.399s] DEBUG:colcon.colcon_core.verb:Building package 'ur10_camera_gripper_moveit_config' with the following arguments: {'ament_cmake_args': None, 'build_base': '/home/user/research_ws/ur10_pick_place_ws/build/ur10_camera_gripper_moveit_config', 'catkin_cmake_args': None, 'catkin_skip_building_tests': False, 'cmake_args': None, 'cmake_clean_cache': False, 'cmake_clean_first': False, 'cmake_force_configure': False, 'cmake_target': None, 'cmake_target_skip_unavailable': False, 'install_base': '/home/user/research_ws/ur10_pick_place_ws/install/ur10_camera_gripper_moveit_config', 'merge_install': False, 'path': '/home/user/research_ws/ur10_pick_place_ws/src/ur10_camera_gripper_moveit_config', 'symlink_install': False, 'test_result_base': None}
[0.399s] INFO:colcon.colcon_core.executor:Executing jobs using 'parallel' executor
[0.400s] DEBUG:colcon.colcon_parallel_executor.executor.parallel:run_until_complete
[0.400s] INFO:colcon.colcon_ros.task.ament_cmake.build:Building ROS package in '/home/user/research_ws/ur10_pick_place_ws/src/linkattacher_msgs' with build type 'ament_cmake'
[0.401s] INFO:colcon.colcon_cmake.task.cmake.build:Building CMake package in '/home/user/research_ws/ur10_pick_place_ws/src/linkattacher_msgs'
[0.403s] INFO:colcon.colcon_core.plugin_system:Skipping extension 'colcon_core.shell.bat': Not used on non-Windows systems
[0.404s] INFO:colcon.colcon_core.shell:Skip shell extension 'powershell' for command environment: Not usable outside of PowerShell
[0.404s] DEBUG:colcon.colcon_core.shell:Skip shell extension 'dsv' for command environment
[0.407s] INFO:colcon.colcon_ros.task.ament_cmake.build:Building ROS package in '/home/user/research_ws/ur10_pick_place_ws/src/ros2_robotiq_3f_gripper/robotiq_3f_description' with build type 'ament_cmake'
[0.407s] INFO:colcon.colcon_cmake.task.cmake.build:Building CMake package in '/home/user/research_ws/ur10_pick_place_ws/src/ros2_robotiq_3f_gripper/robotiq_3f_description'
[0.407s] INFO:colcon.colcon_core.shell:Skip shell extension 'powershell' for command environment: Not usable outside of PowerShell
[0.408s] DEBUG:colcon.colcon_core.shell:Skip shell extension 'dsv' for command environment
[0.411s] INFO:colcon.colcon_ros.task.ament_cmake.build:Building ROS package in '/home/user/research_ws/ur10_pick_place_ws/src/ros2_robotiq_3f_gripper/robotiq_3f_interfaces' with build type 'ament_cmake'
[0.411s] INFO:colcon.colcon_cmake.task.cmake.build:Building CMake package in '/home/user/research_ws/ur10_pick_place_ws/src/ros2_robotiq_3f_gripper/robotiq_3f_interfaces'
[0.411s] INFO:colcon.colcon_core.shell:Skip shell extension 'powershell' for command environment: Not usable outside of PowerShell
[0.411s] DEBUG:colcon.colcon_core.shell:Skip shell extension 'dsv' for command environment
[0.414s] INFO:colcon.colcon_ros.task.ament_cmake.build:Building ROS package in '/home/user/research_ws/ur10_pick_place_ws/src/ros2_robotiq_gripper/robotiq_controllers' with build type 'ament_cmake'
[0.414s] INFO:colcon.colcon_cmake.task.cmake.build:Building CMake package in '/home/user/research_ws/ur10_pick_place_ws/src/ros2_robotiq_gripper/robotiq_controllers'
[0.414s] INFO:colcon.colcon_core.shell:Skip shell extension 'powershell' for command environment: Not usable outside of PowerShell
[0.414s] DEBUG:colcon.colcon_core.shell:Skip shell extension 'dsv' for command environment
[0.417s] INFO:colcon.colcon_ros.task.ament_cmake.build:Building ROS package in '/home/user/research_ws/ur10_pick_place_ws/src/ros2_robotiq_gripper/robotiq_description' with build type 'ament_cmake'
[0.417s] INFO:colcon.colcon_cmake.task.cmake.build:Building CMake package in '/home/user/research_ws/ur10_pick_place_ws/src/ros2_robotiq_gripper/robotiq_description'
[0.417s] INFO:colcon.colcon_core.shell:Skip shell extension 'powershell' for command environment: Not usable outside of PowerShell
[0.417s] DEBUG:colcon.colcon_core.shell:Skip shell extension 'dsv' for command environment
[0.419s] INFO:colcon.colcon_ros.task.ament_cmake.build:Building ROS package in '/home/user/research_ws/ur10_pick_place_ws/src/Universal_Robots_ROS2_Gazebo_Simulation/ur_simulation_gazebo' with build type 'ament_cmake'
[0.419s] INFO:colcon.colcon_cmake.task.cmake.build:Building CMake package in '/home/user/research_ws/ur10_pick_place_ws/src/Universal_Robots_ROS2_Gazebo_Simulation/ur_simulation_gazebo'
[0.420s] INFO:colcon.colcon_core.shell:Skip shell extension 'powershell' for command environment: Not usable outside of PowerShell
[0.420s] DEBUG:colcon.colcon_core.shell:Skip shell extension 'dsv' for command environment
[0.426s] DEBUG:colcon.colcon_core.event_handler.log_command:Invoking command in '/home/user/research_ws/ur10_pick_place_ws/build/linkattacher_msgs': CMAKE_PREFIX_PATH=${CMAKE_PREFIX_PATH}:/opt/ros/humble /usr/bin/cmake --build /home/user/research_ws/ur10_pick_place_ws/build/linkattacher_msgs -- -j32 -l32
[0.429s] DEBUG:colcon.colcon_core.event_handler.log_command:Invoking command in '/home/user/research_ws/ur10_pick_place_ws/build/robotiq_3f_description': CMAKE_PREFIX_PATH=${CMAKE_PREFIX_PATH}:/opt/ros/humble /usr/bin/cmake --build /home/user/research_ws/ur10_pick_place_ws/build/robotiq_3f_description -- -j32 -l32
[0.431s] DEBUG:colcon.colcon_core.event_handler.log_command:Invoking command in '/home/user/research_ws/ur10_pick_place_ws/build/robotiq_3f_interfaces': CMAKE_PREFIX_PATH=${CMAKE_PREFIX_PATH}:/opt/ros/humble /usr/bin/cmake --build /home/user/research_ws/ur10_pick_place_ws/build/robotiq_3f_interfaces -- -j32 -l32
[0.435s] DEBUG:colcon.colcon_core.event_handler.log_command:Invoking command in '/home/user/research_ws/ur10_pick_place_ws/build/robotiq_controllers': CMAKE_PREFIX_PATH=${CMAKE_PREFIX_PATH}:/opt/ros/humble /usr/bin/cmake --build /home/user/research_ws/ur10_pick_place_ws/build/robotiq_controllers -- -j32 -l32
[0.438s] DEBUG:colcon.colcon_core.event_handler.log_command:Invoking command in '/home/user/research_ws/ur10_pick_place_ws/build/robotiq_description': CMAKE_PREFIX_PATH=${CMAKE_PREFIX_PATH}:/opt/ros/humble /usr/bin/cmake --build /home/user/research_ws/ur10_pick_place_ws/build/robotiq_description -- -j32 -l32
[0.441s] DEBUG:colcon.colcon_core.event_handler.log_command:Invoking command in '/home/user/research_ws/ur10_pick_place_ws/build/ur_simulation_gazebo': CMAKE_PREFIX_PATH=${CMAKE_PREFIX_PATH}:/opt/ros/humble /usr/bin/cmake --build /home/user/research_ws/ur10_pick_place_ws/build/ur_simulation_gazebo -- -j32 -l32
[0.479s] DEBUG:colcon.colcon_core.event_handler.log_command:Invoked command in '/home/user/research_ws/ur10_pick_place_ws/build/robotiq_3f_description' returned '0': CMAKE_PREFIX_PATH=${CMAKE_PREFIX_PATH}:/opt/ros/humble /usr/bin/cmake --build /home/user/research_ws/ur10_pick_place_ws/build/robotiq_3f_description -- -j32 -l32
[0.487s] DEBUG:colcon.colcon_core.event_handler.log_command:Invoking command in '/home/user/research_ws/ur10_pick_place_ws/build/robotiq_3f_description': CMAKE_PREFIX_PATH=${CMAKE_PREFIX_PATH}:/opt/ros/humble /usr/bin/cmake --install /home/user/research_ws/ur10_pick_place_ws/build/robotiq_3f_description
[0.488s] DEBUG:colcon.colcon_core.event_handler.log_command:Invoked command in '/home/user/research_ws/ur10_pick_place_ws/build/ur_simulation_gazebo' returned '0': CMAKE_PREFIX_PATH=${CMAKE_PREFIX_PATH}:/opt/ros/humble /usr/bin/cmake --build /home/user/research_ws/ur10_pick_place_ws/build/ur_simulation_gazebo -- -j32 -l32
[0.490s] DEBUG:colcon.colcon_core.event_handler.log_command:Invoking command in '/home/user/research_ws/ur10_pick_place_ws/build/ur_simulation_gazebo': CMAKE_PREFIX_PATH=${CMAKE_PREFIX_PATH}:/opt/ros/humble /usr/bin/cmake --install /home/user/research_ws/ur10_pick_place_ws/build/ur_simulation_gazebo
[0.490s] DEBUG:colcon.colcon_core.event_handler.log_command:Invoked command in '/home/user/research_ws/ur10_pick_place_ws/build/robotiq_description' returned '0': CMAKE_PREFIX_PATH=${CMAKE_PREFIX_PATH}:/opt/ros/humble /usr/bin/cmake --build /home/user/research_ws/ur10_pick_place_ws/build/robotiq_description -- -j32 -l32
[0.492s] DEBUG:colcon.colcon_core.event_handler.log_command:Invoking command in '/home/user/research_ws/ur10_pick_place_ws/build/robotiq_description': CMAKE_PREFIX_PATH=${CMAKE_PREFIX_PATH}:/opt/ros/humble /usr/bin/cmake --install /home/user/research_ws/ur10_pick_place_ws/build/robotiq_description
[0.499s] Level 1:colcon.colcon_core.environment:create_environment_scripts_only(robotiq_3f_description)
[0.501s] DEBUG:colcon.colcon_core.event_handler.log_command:Invoked command in '/home/user/research_ws/ur10_pick_place_ws/build/robotiq_3f_description' returned '0': CMAKE_PREFIX_PATH=${CMAKE_PREFIX_PATH}:/opt/ros/humble /usr/bin/cmake --install /home/user/research_ws/ur10_pick_place_ws/build/robotiq_3f_description
[0.510s] Level 1:colcon.colcon_core.environment:checking '/home/user/research_ws/ur10_pick_place_ws/install/robotiq_3f_description' for CMake module files
[0.510s] Level 1:colcon.colcon_core.environment:checking '/home/user/research_ws/ur10_pick_place_ws/install/robotiq_3f_description' for CMake config files
[0.511s] Level 1:colcon.colcon_core.shell:create_environment_hook('robotiq_3f_description', 'cmake_prefix_path')
[0.511s] INFO:colcon.colcon_core.shell:Creating environment hook '/home/user/research_ws/ur10_pick_place_ws/install/robotiq_3f_description/share/robotiq_3f_description/hook/cmake_prefix_path.ps1'
[0.512s] INFO:colcon.colcon_core.shell:Creating environment descriptor '/home/user/research_ws/ur10_pick_place_ws/install/robotiq_3f_description/share/robotiq_3f_description/hook/cmake_prefix_path.dsv'
[0.513s] INFO:colcon.colcon_core.shell:Creating environment hook '/home/user/research_ws/ur10_pick_place_ws/install/robotiq_3f_description/share/robotiq_3f_description/hook/cmake_prefix_path.sh'
[0.514s] Level 1:colcon.colcon_core.environment:checking '/home/user/research_ws/ur10_pick_place_ws/install/robotiq_3f_description/bin'
[0.514s] Level 1:colcon.colcon_core.environment:checking '/home/user/research_ws/ur10_pick_place_ws/install/robotiq_3f_description/lib/pkgconfig/robotiq_3f_description.pc'
[0.514s] Level 1:colcon.colcon_core.environment:checking '/home/user/research_ws/ur10_pick_place_ws/install/robotiq_3f_description/lib/python3.10/site-packages'
[0.514s] Level 1:colcon.colcon_core.environment:checking '/home/user/research_ws/ur10_pick_place_ws/install/robotiq_3f_description/bin'
[0.514s] INFO:colcon.colcon_core.shell:Creating package script '/home/user/research_ws/ur10_pick_place_ws/install/robotiq_3f_description/share/robotiq_3f_description/package.ps1'
[0.515s] INFO:colcon.colcon_core.shell:Creating package descriptor '/home/user/research_ws/ur10_pick_place_ws/install/robotiq_3f_description/share/robotiq_3f_description/package.dsv'
[0.516s] INFO:colcon.colcon_core.shell:Creating package script '/home/user/research_ws/ur10_pick_place_ws/install/robotiq_3f_description/share/robotiq_3f_description/package.sh'
[0.516s] INFO:colcon.colcon_core.shell:Creating package script '/home/user/research_ws/ur10_pick_place_ws/install/robotiq_3f_description/share/robotiq_3f_description/package.bash'
[0.517s] INFO:colcon.colcon_core.shell:Creating package script '/home/user/research_ws/ur10_pick_place_ws/install/robotiq_3f_description/share/robotiq_3f_description/package.zsh'
[0.518s] Level 1:colcon.colcon_core.environment:create_file_with_runtime_dependencies(/home/user/research_ws/ur10_pick_place_ws/install/robotiq_3f_description/share/colcon-core/packages/robotiq_3f_description)
[0.518s] Level 1:colcon.colcon_core.environment:create_environment_scripts_only(robotiq_3f_description)
[0.518s] Level 1:colcon.colcon_core.environment:checking '/home/user/research_ws/ur10_pick_place_ws/install/robotiq_3f_description' for CMake module files
[0.518s] Level 1:colcon.colcon_core.environment:checking '/home/user/research_ws/ur10_pick_place_ws/install/robotiq_3f_description' for CMake config files
[0.519s] Level 1:colcon.colcon_core.shell:create_environment_hook('robotiq_3f_description', 'cmake_prefix_path')
[0.519s] INFO:colcon.colcon_core.shell:Creating environment hook '/home/user/research_ws/ur10_pick_place_ws/install/robotiq_3f_description/share/robotiq_3f_description/hook/cmake_prefix_path.ps1'
[0.519s] INFO:colcon.colcon_core.shell:Creating environment descriptor '/home/user/research_ws/ur10_pick_place_ws/install/robotiq_3f_description/share/robotiq_3f_description/hook/cmake_prefix_path.dsv'
[0.519s] INFO:colcon.colcon_core.shell:Creating environment hook '/home/user/research_ws/ur10_pick_place_ws/install/robotiq_3f_description/share/robotiq_3f_description/hook/cmake_prefix_path.sh'
[0.520s] Level 1:colcon.colcon_core.environment:checking '/home/user/research_ws/ur10_pick_place_ws/install/robotiq_3f_description/bin'
[0.520s] Level 1:colcon.colcon_core.environment:checking '/home/user/research_ws/ur10_pick_place_ws/install/robotiq_3f_description/lib/pkgconfig/robotiq_3f_description.pc'
[0.520s] Level 1:colcon.colcon_core.environment:checking '/home/user/research_ws/ur10_pick_place_ws/install/robotiq_3f_description/lib/python3.10/site-packages'
[0.520s] Level 1:colcon.colcon_core.environment:checking '/home/user/research_ws/ur10_pick_place_ws/install/robotiq_3f_description/bin'
[0.520s] INFO:colcon.colcon_core.shell:Creating package script '/home/user/research_ws/ur10_pick_place_ws/install/robotiq_3f_description/share/robotiq_3f_description/package.ps1'
[0.521s] INFO:colcon.colcon_core.shell:Creating package descriptor '/home/user/research_ws/ur10_pick_place_ws/install/robotiq_3f_description/share/robotiq_3f_description/package.dsv'
[0.521s] INFO:colcon.colcon_core.shell:Creating package script '/home/user/research_ws/ur10_pick_place_ws/install/robotiq_3f_description/share/robotiq_3f_description/package.sh'
[0.521s] INFO:colcon.colcon_core.shell:Creating package script '/home/user/research_ws/ur10_pick_place_ws/install/robotiq_3f_description/share/robotiq_3f_description/package.bash'
[0.521s] INFO:colcon.colcon_core.shell:Creating package script '/home/user/research_ws/ur10_pick_place_ws/install/robotiq_3f_description/share/robotiq_3f_description/package.zsh'
[0.522s] Level 1:colcon.colcon_core.environment:create_file_with_runtime_dependencies(/home/user/research_ws/ur10_pick_place_ws/install/robotiq_3f_description/share/colcon-core/packages/robotiq_3f_description)
[0.523s] Level 1:colcon.colcon_core.environment:create_environment_scripts_only(ur_simulation_gazebo)
[0.524s] Level 1:colcon.colcon_core.environment:checking '/home/user/research_ws/ur10_pick_place_ws/install/ur_simulation_gazebo' for CMake module files
[0.524s] DEBUG:colcon.colcon_core.event_handler.log_command:Invoked command in '/home/user/research_ws/ur10_pick_place_ws/build/ur_simulation_gazebo' returned '0': CMAKE_PREFIX_PATH=${CMAKE_PREFIX_PATH}:/opt/ros/humble /usr/bin/cmake --install /home/user/research_ws/ur10_pick_place_ws/build/ur_simulation_gazebo
[0.525s] Level 1:colcon.colcon_core.environment:checking '/home/user/research_ws/ur10_pick_place_ws/install/ur_simulation_gazebo' for CMake config files
[0.525s] Level 1:colcon.colcon_core.shell:create_environment_hook('ur_simulation_gazebo', 'cmake_prefix_path')
[0.525s] INFO:colcon.colcon_core.shell:Creating environment hook '/home/user/research_ws/ur10_pick_place_ws/install/ur_simulation_gazebo/share/ur_simulation_gazebo/hook/cmake_prefix_path.ps1'
[0.526s] INFO:colcon.colcon_core.shell:Creating environment descriptor '/home/user/research_ws/ur10_pick_place_ws/install/ur_simulation_gazebo/share/ur_simulation_gazebo/hook/cmake_prefix_path.dsv'
[0.526s] INFO:colcon.colcon_core.shell:Creating environment hook '/home/user/research_ws/ur10_pick_place_ws/install/ur_simulation_gazebo/share/ur_simulation_gazebo/hook/cmake_prefix_path.sh'
[0.526s] Level 1:colcon.colcon_core.environment:checking '/home/user/research_ws/ur10_pick_place_ws/install/ur_simulation_gazebo/bin'
[0.526s] Level 1:colcon.colcon_core.environment:checking '/home/user/research_ws/ur10_pick_place_ws/install/ur_simulation_gazebo/lib/pkgconfig/ur_simulation_gazebo.pc'
[0.526s] Level 1:colcon.colcon_core.environment:checking '/home/user/research_ws/ur10_pick_place_ws/install/ur_simulation_gazebo/lib/python3.10/site-packages'
[0.527s] Level 1:colcon.colcon_core.environment:checking '/home/user/research_ws/ur10_pick_place_ws/install/ur_simulation_gazebo/bin'
[0.527s] INFO:colcon.colcon_core.shell:Creating package script '/home/user/research_ws/ur10_pick_place_ws/install/ur_simulation_gazebo/share/ur_simulation_gazebo/package.ps1'
[0.527s] INFO:colcon.colcon_core.shell:Creating package descriptor '/home/user/research_ws/ur10_pick_place_ws/install/ur_simulation_gazebo/share/ur_simulation_gazebo/package.dsv'
[0.527s] INFO:colcon.colcon_core.shell:Creating package script '/home/user/research_ws/ur10_pick_place_ws/install/ur_simulation_gazebo/share/ur_simulation_gazebo/package.sh'
[0.528s] INFO:colcon.colcon_core.shell:Creating package script '/home/user/research_ws/ur10_pick_place_ws/install/ur_simulation_gazebo/share/ur_simulation_gazebo/package.bash'
[0.528s] INFO:colcon.colcon_core.shell:Creating package script '/home/user/research_ws/ur10_pick_place_ws/install/ur_simulation_gazebo/share/ur_simulation_gazebo/package.zsh'
[0.528s] Level 1:colcon.colcon_core.environment:create_file_with_runtime_dependencies(/home/user/research_ws/ur10_pick_place_ws/install/ur_simulation_gazebo/share/colcon-core/packages/ur_simulation_gazebo)
[0.528s] Level 1:colcon.colcon_core.environment:create_environment_scripts_only(ur_simulation_gazebo)
[0.529s] Level 1:colcon.colcon_core.environment:checking '/home/user/research_ws/ur10_pick_place_ws/install/ur_simulation_gazebo' for CMake module files
[0.529s] Level 1:colcon.colcon_core.environment:checking '/home/user/research_ws/ur10_pick_place_ws/install/ur_simulation_gazebo' for CMake config files
[0.529s] Level 1:colcon.colcon_core.shell:create_environment_hook('ur_simulation_gazebo', 'cmake_prefix_path')
[0.529s] INFO:colcon.colcon_core.shell:Creating environment hook '/home/user/research_ws/ur10_pick_place_ws/install/ur_simulation_gazebo/share/ur_simulation_gazebo/hook/cmake_prefix_path.ps1'
[0.529s] INFO:colcon.colcon_core.shell:Creating environment descriptor '/home/user/research_ws/ur10_pick_place_ws/install/ur_simulation_gazebo/share/ur_simulation_gazebo/hook/cmake_prefix_path.dsv'
[0.530s] INFO:colcon.colcon_core.shell:Creating environment hook '/home/user/research_ws/ur10_pick_place_ws/install/ur_simulation_gazebo/share/ur_simulation_gazebo/hook/cmake_prefix_path.sh'
[0.530s] Level 1:colcon.colcon_core.environment:checking '/home/user/research_ws/ur10_pick_place_ws/install/ur_simulation_gazebo/bin'
[0.530s] Level 1:colcon.colcon_core.environment:checking '/home/user/research_ws/ur10_pick_place_ws/install/ur_simulation_gazebo/lib/pkgconfig/ur_simulation_gazebo.pc'
[0.530s] Level 1:colcon.colcon_core.environment:checking '/home/user/research_ws/ur10_pick_place_ws/install/ur_simulation_gazebo/lib/python3.10/site-packages'
[0.530s] Level 1:colcon.colcon_core.environment:checking '/home/user/research_ws/ur10_pick_place_ws/install/ur_simulation_gazebo/bin'
[0.531s] INFO:colcon.colcon_core.shell:Creating package script '/home/user/research_ws/ur10_pick_place_ws/install/ur_simulation_gazebo/share/ur_simulation_gazebo/package.ps1'
[0.532s] INFO:colcon.colcon_core.shell:Creating package descriptor '/home/user/research_ws/ur10_pick_place_ws/install/ur_simulation_gazebo/share/ur_simulation_gazebo/package.dsv'
[0.532s] INFO:colcon.colcon_core.shell:Creating package script '/home/user/research_ws/ur10_pick_place_ws/install/ur_simulation_gazebo/share/ur_simulation_gazebo/package.sh'
[0.533s] INFO:colcon.colcon_core.shell:Creating package script '/home/user/research_ws/ur10_pick_place_ws/install/ur_simulation_gazebo/share/ur_simulation_gazebo/package.bash'
[0.533s] INFO:colcon.colcon_core.shell:Creating package script '/home/user/research_ws/ur10_pick_place_ws/install/ur_simulation_gazebo/share/ur_simulation_gazebo/package.zsh'
[0.533s] Level 1:colcon.colcon_core.environment:create_file_with_runtime_dependencies(/home/user/research_ws/ur10_pick_place_ws/install/ur_simulation_gazebo/share/colcon-core/packages/ur_simulation_gazebo)
[0.534s] Level 1:colcon.colcon_core.environment:create_environment_scripts_only(robotiq_description)
[0.534s] Level 1:colcon.colcon_core.environment:checking '/home/user/research_ws/ur10_pick_place_ws/install/robotiq_description' for CMake module files
[0.534s] DEBUG:colcon.colcon_core.event_handler.log_command:Invoked command in '/home/user/research_ws/ur10_pick_place_ws/build/robotiq_description' returned '0': CMAKE_PREFIX_PATH=${CMAKE_PREFIX_PATH}:/opt/ros/humble /usr/bin/cmake --install /home/user/research_ws/ur10_pick_place_ws/build/robotiq_description
[0.535s] Level 1:colcon.colcon_core.environment:checking '/home/user/research_ws/ur10_pick_place_ws/install/robotiq_description' for CMake config files
[0.535s] Level 1:colcon.colcon_core.shell:create_environment_hook('robotiq_description', 'cmake_prefix_path')
[0.535s] INFO:colcon.colcon_core.shell:Creating environment hook '/home/user/research_ws/ur10_pick_place_ws/install/robotiq_description/share/robotiq_description/hook/cmake_prefix_path.ps1'
[0.535s] INFO:colcon.colcon_core.shell:Creating environment descriptor '/home/user/research_ws/ur10_pick_place_ws/install/robotiq_description/share/robotiq_description/hook/cmake_prefix_path.dsv'
[0.535s] INFO:colcon.colcon_core.shell:Creating environment hook '/home/user/research_ws/ur10_pick_place_ws/install/robotiq_description/share/robotiq_description/hook/cmake_prefix_path.sh'
[0.536s] Level 1:colcon.colcon_core.environment:checking '/home/user/research_ws/ur10_pick_place_ws/install/robotiq_description/bin'
[0.536s] Level 1:colcon.colcon_core.environment:checking '/home/user/research_ws/ur10_pick_place_ws/install/robotiq_description/lib/pkgconfig/robotiq_description.pc'
[0.536s] Level 1:colcon.colcon_core.environment:checking '/home/user/research_ws/ur10_pick_place_ws/install/robotiq_description/lib/python3.10/site-packages'
[0.536s] Level 1:colcon.colcon_core.environment:checking '/home/user/research_ws/ur10_pick_place_ws/install/robotiq_description/bin'
[0.536s] INFO:colcon.colcon_core.shell:Creating package script '/home/user/research_ws/ur10_pick_place_ws/install/robotiq_description/share/robotiq_description/package.ps1'
[0.537s] INFO:colcon.colcon_core.shell:Creating package descriptor '/home/user/research_ws/ur10_pick_place_ws/install/robotiq_description/share/robotiq_description/package.dsv'
[0.537s] INFO:colcon.colcon_core.shell:Creating package script '/home/user/research_ws/ur10_pick_place_ws/install/robotiq_description/share/robotiq_description/package.sh'
[0.537s] INFO:colcon.colcon_core.shell:Creating package script '/home/user/research_ws/ur10_pick_place_ws/install/robotiq_description/share/robotiq_description/package.bash'
[0.537s] INFO:colcon.colcon_core.shell:Creating package script '/home/user/research_ws/ur10_pick_place_ws/install/robotiq_description/share/robotiq_description/package.zsh'
[0.538s] Level 1:colcon.colcon_core.environment:create_file_with_runtime_dependencies(/home/user/research_ws/ur10_pick_place_ws/install/robotiq_description/share/colcon-core/packages/robotiq_description)
[0.538s] Level 1:colcon.colcon_core.environment:create_environment_scripts_only(robotiq_description)
[0.538s] Level 1:colcon.colcon_core.environment:checking '/home/user/research_ws/ur10_pick_place_ws/install/robotiq_description' for CMake module files
[0.538s] Level 1:colcon.colcon_core.environment:checking '/home/user/research_ws/ur10_pick_place_ws/install/robotiq_description' for CMake config files
[0.538s] Level 1:colcon.colcon_core.shell:create_environment_hook('robotiq_description', 'cmake_prefix_path')
[0.539s] INFO:colcon.colcon_core.shell:Creating environment hook '/home/user/research_ws/ur10_pick_place_ws/install/robotiq_description/share/robotiq_description/hook/cmake_prefix_path.ps1'
[0.539s] INFO:colcon.colcon_core.shell:Creating environment descriptor '/home/user/research_ws/ur10_pick_place_ws/install/robotiq_description/share/robotiq_description/hook/cmake_prefix_path.dsv'
[0.539s] INFO:colcon.colcon_core.shell:Creating environment hook '/home/user/research_ws/ur10_pick_place_ws/install/robotiq_description/share/robotiq_description/hook/cmake_prefix_path.sh'
[0.539s] Level 1:colcon.colcon_core.environment:checking '/home/user/research_ws/ur10_pick_place_ws/install/robotiq_description/bin'
[0.539s] Level 1:colcon.colcon_core.environment:checking '/home/user/research_ws/ur10_pick_place_ws/install/robotiq_description/lib/pkgconfig/robotiq_description.pc'
[0.540s] Level 1:colcon.colcon_core.environment:checking '/home/user/research_ws/ur10_pick_place_ws/install/robotiq_description/lib/python3.10/site-packages'
[0.540s] Level 1:colcon.colcon_core.environment:checking '/home/user/research_ws/ur10_pick_place_ws/install/robotiq_description/bin'
[0.540s] INFO:colcon.colcon_core.shell:Creating package script '/home/user/research_ws/ur10_pick_place_ws/install/robotiq_description/share/robotiq_description/package.ps1'
[0.540s] INFO:colcon.colcon_core.shell:Creating package descriptor '/home/user/research_ws/ur10_pick_place_ws/install/robotiq_description/share/robotiq_description/package.dsv'
[0.541s] INFO:colcon.colcon_core.shell:Creating package script '/home/user/research_ws/ur10_pick_place_ws/install/robotiq_description/share/robotiq_description/package.sh'
[0.541s] INFO:colcon.colcon_core.shell:Creating package script '/home/user/research_ws/ur10_pick_place_ws/install/robotiq_description/share/robotiq_description/package.bash'
[0.541s] INFO:colcon.colcon_core.shell:Creating package script '/home/user/research_ws/ur10_pick_place_ws/install/robotiq_description/share/robotiq_description/package.zsh'
[0.541s] Level 1:colcon.colcon_core.environment:create_file_with_runtime_dependencies(/home/user/research_ws/ur10_pick_place_ws/install/robotiq_description/share/colcon-core/packages/robotiq_description)
[0.542s] DEBUG:colcon.colcon_core.event_handler.log_command:Invoked command in '/home/user/research_ws/ur10_pick_place_ws/build/robotiq_controllers' returned '0': CMAKE_PREFIX_PATH=${CMAKE_PREFIX_PATH}:/opt/ros/humble /usr/bin/cmake --build /home/user/research_ws/ur10_pick_place_ws/build/robotiq_controllers -- -j32 -l32
[0.544s] DEBUG:colcon.colcon_core.event_handler.log_command:Invoking command in '/home/user/research_ws/ur10_pick_place_ws/build/robotiq_controllers': CMAKE_PREFIX_PATH=${CMAKE_PREFIX_PATH}:/opt/ros/humble /usr/bin/cmake --install /home/user/research_ws/ur10_pick_place_ws/build/robotiq_controllers
[0.555s] Level 1:colcon.colcon_core.environment:create_environment_scripts_only(robotiq_controllers)
[0.555s] Level 1:colcon.colcon_core.environment:checking '/home/user/research_ws/ur10_pick_place_ws/install/robotiq_controllers' for CMake module files
[0.556s] DEBUG:colcon.colcon_core.event_handler.log_command:Invoked command in '/home/user/research_ws/ur10_pick_place_ws/build/robotiq_controllers' returned '0': CMAKE_PREFIX_PATH=${CMAKE_PREFIX_PATH}:/opt/ros/humble /usr/bin/cmake --install /home/user/research_ws/ur10_pick_place_ws/build/robotiq_controllers
[0.556s] Level 1:colcon.colcon_core.environment:checking '/home/user/research_ws/ur10_pick_place_ws/install/robotiq_controllers' for CMake config files
[0.556s] Level 1:colcon.colcon_core.shell:create_environment_hook('robotiq_controllers', 'cmake_prefix_path')
[0.556s] INFO:colcon.colcon_core.shell:Creating environment hook '/home/user/research_ws/ur10_pick_place_ws/install/robotiq_controllers/share/robotiq_controllers/hook/cmake_prefix_path.ps1'
[0.557s] INFO:colcon.colcon_core.shell:Creating environment descriptor '/home/user/research_ws/ur10_pick_place_ws/install/robotiq_controllers/share/robotiq_controllers/hook/cmake_prefix_path.dsv'
[0.557s] INFO:colcon.colcon_core.shell:Creating environment hook '/home/user/research_ws/ur10_pick_place_ws/install/robotiq_controllers/share/robotiq_controllers/hook/cmake_prefix_path.sh'
[0.557s] Level 1:colcon.colcon_core.environment:checking '/home/user/research_ws/ur10_pick_place_ws/install/robotiq_controllers/lib'
[0.557s] Level 1:colcon.colcon_core.shell:create_environment_hook('robotiq_controllers', 'ld_library_path_lib')
[0.557s] INFO:colcon.colcon_core.shell:Creating environment hook '/home/user/research_ws/ur10_pick_place_ws/install/robotiq_controllers/share/robotiq_controllers/hook/ld_library_path_lib.ps1'
[0.558s] INFO:colcon.colcon_core.shell:Creating environment descriptor '/home/user/research_ws/ur10_pick_place_ws/install/robotiq_controllers/share/robotiq_controllers/hook/ld_library_path_lib.dsv'
[0.558s] INFO:colcon.colcon_core.shell:Creating environment hook '/home/user/research_ws/ur10_pick_place_ws/install/robotiq_controllers/share/robotiq_controllers/hook/ld_library_path_lib.sh'
[0.558s] Level 1:colcon.colcon_core.environment:checking '/home/user/research_ws/ur10_pick_place_ws/install/robotiq_controllers/bin'
[0.558s] Level 1:colcon.colcon_core.environment:checking '/home/user/research_ws/ur10_pick_place_ws/install/robotiq_controllers/lib/pkgconfig/robotiq_controllers.pc'
[0.558s] Level 1:colcon.colcon_core.environment:checking '/home/user/research_ws/ur10_pick_place_ws/install/robotiq_controllers/lib/python3.10/site-packages'
[0.559s] Level 1:colcon.colcon_core.environment:checking '/home/user/research_ws/ur10_pick_place_ws/install/robotiq_controllers/bin'
[0.559s] INFO:colcon.colcon_core.shell:Creating package script '/home/user/research_ws/ur10_pick_place_ws/install/robotiq_controllers/share/robotiq_controllers/package.ps1'
[0.559s] INFO:colcon.colcon_core.shell:Creating package descriptor '/home/user/research_ws/ur10_pick_place_ws/install/robotiq_controllers/share/robotiq_controllers/package.dsv'
[0.559s] INFO:colcon.colcon_core.shell:Creating package script '/home/user/research_ws/ur10_pick_place_ws/install/robotiq_controllers/share/robotiq_controllers/package.sh'
[0.560s] INFO:colcon.colcon_core.shell:Creating package script '/home/user/research_ws/ur10_pick_place_ws/install/robotiq_controllers/share/robotiq_controllers/package.bash'
[0.560s] INFO:colcon.colcon_core.shell:Creating package script '/home/user/research_ws/ur10_pick_place_ws/install/robotiq_controllers/share/robotiq_controllers/package.zsh'
[0.560s] Level 1:colcon.colcon_core.environment:create_file_with_runtime_dependencies(/home/user/research_ws/ur10_pick_place_ws/install/robotiq_controllers/share/colcon-core/packages/robotiq_controllers)
[0.560s] Level 1:colcon.colcon_core.environment:create_environment_scripts_only(robotiq_controllers)
[0.561s] Level 1:colcon.colcon_core.environment:checking '/home/user/research_ws/ur10_pick_place_ws/install/robotiq_controllers' for CMake module files
[0.561s] Level 1:colcon.colcon_core.environment:checking '/home/user/research_ws/ur10_pick_place_ws/install/robotiq_controllers' for CMake config files
[0.561s] Level 1:colcon.colcon_core.shell:create_environment_hook('robotiq_controllers', 'cmake_prefix_path')
[0.561s] INFO:colcon.colcon_core.shell:Creating environment hook '/home/user/research_ws/ur10_pick_place_ws/install/robotiq_controllers/share/robotiq_controllers/hook/cmake_prefix_path.ps1'
[0.561s] INFO:colcon.colcon_core.shell:Creating environment descriptor '/home/user/research_ws/ur10_pick_place_ws/install/robotiq_controllers/share/robotiq_controllers/hook/cmake_prefix_path.dsv'
[0.562s] INFO:colcon.colcon_core.shell:Creating environment hook '/home/user/research_ws/ur10_pick_place_ws/install/robotiq_controllers/share/robotiq_controllers/hook/cmake_prefix_path.sh'
[0.562s] Level 1:colcon.colcon_core.environment:checking '/home/user/research_ws/ur10_pick_place_ws/install/robotiq_controllers/lib'
[0.562s] Level 1:colcon.colcon_core.shell:create_environment_hook('robotiq_controllers', 'ld_library_path_lib')
[0.562s] INFO:colcon.colcon_core.shell:Creating environment hook '/home/user/research_ws/ur10_pick_place_ws/install/robotiq_controllers/share/robotiq_controllers/hook/ld_library_path_lib.ps1'
[0.562s] INFO:colcon.colcon_core.shell:Creating environment descriptor '/home/user/research_ws/ur10_pick_place_ws/install/robotiq_controllers/share/robotiq_controllers/hook/ld_library_path_lib.dsv'
[0.563s] INFO:colcon.colcon_core.shell:Creating environment hook '/home/user/research_ws/ur10_pick_place_ws/install/robotiq_controllers/share/robotiq_controllers/hook/ld_library_path_lib.sh'
[0.563s] Level 1:colcon.colcon_core.environment:checking '/home/user/research_ws/ur10_pick_place_ws/install/robotiq_controllers/bin'
[0.563s] Level 1:colcon.colcon_core.environment:checking '/home/user/research_ws/ur10_pick_place_ws/install/robotiq_controllers/lib/pkgconfig/robotiq_controllers.pc'
[0.563s] Level 1:colcon.colcon_core.environment:checking '/home/user/research_ws/ur10_pick_place_ws/install/robotiq_controllers/lib/python3.10/site-packages'
[0.563s] Level 1:colcon.colcon_core.environment:checking '/home/user/research_ws/ur10_pick_place_ws/install/robotiq_controllers/bin'
[0.564s] INFO:colcon.colcon_core.shell:Creating package script '/home/user/research_ws/ur10_pick_place_ws/install/robotiq_controllers/share/robotiq_controllers/package.ps1'
[0.564s] INFO:colcon.colcon_core.shell:Creating package descriptor '/home/user/research_ws/ur10_pick_place_ws/install/robotiq_controllers/share/robotiq_controllers/package.dsv'
[0.564s] INFO:colcon.colcon_core.shell:Creating package script '/home/user/research_ws/ur10_pick_place_ws/install/robotiq_controllers/share/robotiq_controllers/package.sh'
[0.565s] INFO:colcon.colcon_core.shell:Creating package script '/home/user/research_ws/ur10_pick_place_ws/install/robotiq_controllers/share/robotiq_controllers/package.bash'
[0.565s] INFO:colcon.colcon_core.shell:Creating package script '/home/user/research_ws/ur10_pick_place_ws/install/robotiq_controllers/share/robotiq_controllers/package.zsh'
[0.565s] Level 1:colcon.colcon_core.environment:create_file_with_runtime_dependencies(/home/user/research_ws/ur10_pick_place_ws/install/robotiq_controllers/share/colcon-core/packages/robotiq_controllers)
[0.694s] DEBUG:colcon.colcon_core.event_handler.log_command:Invoked command in '/home/user/research_ws/ur10_pick_place_ws/build/robotiq_3f_interfaces' returned '0': CMAKE_PREFIX_PATH=${CMAKE_PREFIX_PATH}:/opt/ros/humble /usr/bin/cmake --build /home/user/research_ws/ur10_pick_place_ws/build/robotiq_3f_interfaces -- -j32 -l32
[0.696s] DEBUG:colcon.colcon_core.event_handler.log_command:Invoking command in '/home/user/research_ws/ur10_pick_place_ws/build/robotiq_3f_interfaces': CMAKE_PREFIX_PATH=${CMAKE_PREFIX_PATH}:/opt/ros/humble /usr/bin/cmake --install /home/user/research_ws/ur10_pick_place_ws/build/robotiq_3f_interfaces
[0.716s] DEBUG:colcon.colcon_core.event_handler.log_command:Invoked command in '/home/user/research_ws/ur10_pick_place_ws/build/linkattacher_msgs' returned '0': CMAKE_PREFIX_PATH=${CMAKE_PREFIX_PATH}:/opt/ros/humble /usr/bin/cmake --build /home/user/research_ws/ur10_pick_place_ws/build/linkattacher_msgs -- -j32 -l32
[0.718s] DEBUG:colcon.colcon_core.event_handler.log_command:Invoking command in '/home/user/research_ws/ur10_pick_place_ws/build/linkattacher_msgs': CMAKE_PREFIX_PATH=${CMAKE_PREFIX_PATH}:/opt/ros/humble /usr/bin/cmake --install /home/user/research_ws/ur10_pick_place_ws/build/linkattacher_msgs
[0.752s] Level 1:colcon.colcon_core.environment:create_environment_scripts_only(robotiq_3f_interfaces)
[0.752s] Level 1:colcon.colcon_core.environment:checking '/home/user/research_ws/ur10_pick_place_ws/install/robotiq_3f_interfaces' for CMake module files
[0.752s] DEBUG:colcon.colcon_core.event_handler.log_command:Invoked command in '/home/user/research_ws/ur10_pick_place_ws/build/robotiq_3f_interfaces' returned '0': CMAKE_PREFIX_PATH=${CMAKE_PREFIX_PATH}:/opt/ros/humble /usr/bin/cmake --install /home/user/research_ws/ur10_pick_place_ws/build/robotiq_3f_interfaces
[0.753s] Level 1:colcon.colcon_core.environment:checking '/home/user/research_ws/ur10_pick_place_ws/install/robotiq_3f_interfaces' for CMake config files
[0.753s] Level 1:colcon.colcon_core.shell:create_environment_hook('robotiq_3f_interfaces', 'cmake_prefix_path')
[0.753s] INFO:colcon.colcon_core.shell:Creating environment hook '/home/user/research_ws/ur10_pick_place_ws/install/robotiq_3f_interfaces/share/robotiq_3f_interfaces/hook/cmake_prefix_path.ps1'
[0.754s] INFO:colcon.colcon_core.shell:Creating environment descriptor '/home/user/research_ws/ur10_pick_place_ws/install/robotiq_3f_interfaces/share/robotiq_3f_interfaces/hook/cmake_prefix_path.dsv'
[0.754s] INFO:colcon.colcon_core.shell:Creating environment hook '/home/user/research_ws/ur10_pick_place_ws/install/robotiq_3f_interfaces/share/robotiq_3f_interfaces/hook/cmake_prefix_path.sh'
[0.754s] Level 1:colcon.colcon_core.environment:checking '/home/user/research_ws/ur10_pick_place_ws/install/robotiq_3f_interfaces/lib'
[0.754s] Level 1:colcon.colcon_core.shell:create_environment_hook('robotiq_3f_interfaces', 'ld_library_path_lib')
[0.754s] INFO:colcon.colcon_core.shell:Creating environment hook '/home/user/research_ws/ur10_pick_place_ws/install/robotiq_3f_interfaces/share/robotiq_3f_interfaces/hook/ld_library_path_lib.ps1'
[0.755s] INFO:colcon.colcon_core.shell:Creating environment descriptor '/home/user/research_ws/ur10_pick_place_ws/install/robotiq_3f_interfaces/share/robotiq_3f_interfaces/hook/ld_library_path_lib.dsv'
[0.755s] INFO:colcon.colcon_core.shell:Creating environment hook '/home/user/research_ws/ur10_pick_place_ws/install/robotiq_3f_interfaces/share/robotiq_3f_interfaces/hook/ld_library_path_lib.sh'
[0.755s] Level 1:colcon.colcon_core.environment:checking '/home/user/research_ws/ur10_pick_place_ws/install/robotiq_3f_interfaces/bin'
[0.755s] Level 1:colcon.colcon_core.environment:checking '/home/user/research_ws/ur10_pick_place_ws/install/robotiq_3f_interfaces/lib/pkgconfig/robotiq_3f_interfaces.pc'
[0.755s] Level 1:colcon.colcon_core.environment:checking '/home/user/research_ws/ur10_pick_place_ws/install/robotiq_3f_interfaces/lib/python3.10/site-packages'
[0.756s] Level 1:colcon.colcon_core.environment:checking '/home/user/research_ws/ur10_pick_place_ws/install/robotiq_3f_interfaces/bin'
[0.756s] INFO:colcon.colcon_core.shell:Creating package script '/home/user/research_ws/ur10_pick_place_ws/install/robotiq_3f_interfaces/share/robotiq_3f_interfaces/package.ps1'
[0.756s] INFO:colcon.colcon_core.shell:Creating package descriptor '/home/user/research_ws/ur10_pick_place_ws/install/robotiq_3f_interfaces/share/robotiq_3f_interfaces/package.dsv'
[0.756s] INFO:colcon.colcon_core.shell:Creating package script '/home/user/research_ws/ur10_pick_place_ws/install/robotiq_3f_interfaces/share/robotiq_3f_interfaces/package.sh'
[0.757s] INFO:colcon.colcon_core.shell:Creating package script '/home/user/research_ws/ur10_pick_place_ws/install/robotiq_3f_interfaces/share/robotiq_3f_interfaces/package.bash'
[0.757s] INFO:colcon.colcon_core.shell:Creating package script '/home/user/research_ws/ur10_pick_place_ws/install/robotiq_3f_interfaces/share/robotiq_3f_interfaces/package.zsh'
[0.757s] Level 1:colcon.colcon_core.environment:create_file_with_runtime_dependencies(/home/user/research_ws/ur10_pick_place_ws/install/robotiq_3f_interfaces/share/colcon-core/packages/robotiq_3f_interfaces)
[0.758s] Level 1:colcon.colcon_core.environment:create_environment_scripts_only(robotiq_3f_interfaces)
[0.758s] Level 1:colcon.colcon_core.environment:checking '/home/user/research_ws/ur10_pick_place_ws/install/robotiq_3f_interfaces' for CMake module files
[0.758s] Level 1:colcon.colcon_core.environment:checking '/home/user/research_ws/ur10_pick_place_ws/install/robotiq_3f_interfaces' for CMake config files
[0.758s] Level 1:colcon.colcon_core.shell:create_environment_hook('robotiq_3f_interfaces', 'cmake_prefix_path')
[0.758s] INFO:colcon.colcon_core.shell:Creating environment hook '/home/user/research_ws/ur10_pick_place_ws/install/robotiq_3f_interfaces/share/robotiq_3f_interfaces/hook/cmake_prefix_path.ps1'
[0.759s] INFO:colcon.colcon_core.shell:Creating environment descriptor '/home/user/research_ws/ur10_pick_place_ws/install/robotiq_3f_interfaces/share/robotiq_3f_interfaces/hook/cmake_prefix_path.dsv'
[0.759s] INFO:colcon.colcon_core.shell:Creating environment hook '/home/user/research_ws/ur10_pick_place_ws/install/robotiq_3f_interfaces/share/robotiq_3f_interfaces/hook/cmake_prefix_path.sh'
[0.759s] Level 1:colcon.colcon_core.environment:checking '/home/user/research_ws/ur10_pick_place_ws/install/robotiq_3f_interfaces/lib'
[0.759s] Level 1:colcon.colcon_core.shell:create_environment_hook('robotiq_3f_interfaces', 'ld_library_path_lib')
[0.759s] INFO:colcon.colcon_core.shell:Creating environment hook '/home/user/research_ws/ur10_pick_place_ws/install/robotiq_3f_interfaces/share/robotiq_3f_interfaces/hook/ld_library_path_lib.ps1'
[0.760s] INFO:colcon.colcon_core.shell:Creating environment descriptor '/home/user/research_ws/ur10_pick_place_ws/install/robotiq_3f_interfaces/share/robotiq_3f_interfaces/hook/ld_library_path_lib.dsv'
[0.760s] INFO:colcon.colcon_core.shell:Creating environment hook '/home/user/research_ws/ur10_pick_place_ws/install/robotiq_3f_interfaces/share/robotiq_3f_interfaces/hook/ld_library_path_lib.sh'
[0.760s] Level 1:colcon.colcon_core.environment:checking '/home/user/research_ws/ur10_pick_place_ws/install/robotiq_3f_interfaces/bin'
[0.760s] Level 1:colcon.colcon_core.environment:checking '/home/user/research_ws/ur10_pick_place_ws/install/robotiq_3f_interfaces/lib/pkgconfig/robotiq_3f_interfaces.pc'
[0.760s] Level 1:colcon.colcon_core.environment:checking '/home/user/research_ws/ur10_pick_place_ws/install/robotiq_3f_interfaces/lib/python3.10/site-packages'
[0.761s] Level 1:colcon.colcon_core.environment:checking '/home/user/research_ws/ur10_pick_place_ws/install/robotiq_3f_interfaces/bin'
[0.761s] INFO:colcon.colcon_core.shell:Creating package script '/home/user/research_ws/ur10_pick_place_ws/install/robotiq_3f_interfaces/share/robotiq_3f_interfaces/package.ps1'
[0.762s] INFO:colcon.colcon_core.shell:Creating package descriptor '/home/user/research_ws/ur10_pick_place_ws/install/robotiq_3f_interfaces/share/robotiq_3f_interfaces/package.dsv'
[0.762s] INFO:colcon.colcon_core.shell:Creating package script '/home/user/research_ws/ur10_pick_place_ws/install/robotiq_3f_interfaces/share/robotiq_3f_interfaces/package.sh'
[0.762s] INFO:colcon.colcon_core.shell:Creating package script '/home/user/research_ws/ur10_pick_place_ws/install/robotiq_3f_interfaces/share/robotiq_3f_interfaces/package.bash'
[0.763s] INFO:colcon.colcon_core.shell:Creating package script '/home/user/research_ws/ur10_pick_place_ws/install/robotiq_3f_interfaces/share/robotiq_3f_interfaces/package.zsh'
[0.763s] Level 1:colcon.colcon_core.environment:create_file_with_runtime_dependencies(/home/user/research_ws/ur10_pick_place_ws/install/robotiq_3f_interfaces/share/colcon-core/packages/robotiq_3f_interfaces)
[0.773s] Level 1:colcon.colcon_core.environment:create_environment_scripts_only(linkattacher_msgs)
[0.773s] DEBUG:colcon.colcon_core.event_handler.log_command:Invoked command in '/home/user/research_ws/ur10_pick_place_ws/build/linkattacher_msgs' returned '0': CMAKE_PREFIX_PATH=${CMAKE_PREFIX_PATH}:/opt/ros/humble /usr/bin/cmake --install /home/user/research_ws/ur10_pick_place_ws/build/linkattacher_msgs
[0.774s] Level 1:colcon.colcon_core.environment:checking '/home/user/research_ws/ur10_pick_place_ws/install/linkattacher_msgs' for CMake module files
[0.775s] Level 1:colcon.colcon_core.environment:checking '/home/user/research_ws/ur10_pick_place_ws/install/linkattacher_msgs' for CMake config files
[0.775s] Level 1:colcon.colcon_core.shell:create_environment_hook('linkattacher_msgs', 'cmake_prefix_path')
[0.775s] INFO:colcon.colcon_core.shell:Creating environment hook '/home/user/research_ws/ur10_pick_place_ws/install/linkattacher_msgs/share/linkattacher_msgs/hook/cmake_prefix_path.ps1'
[0.775s] INFO:colcon.colcon_core.shell:Creating environment descriptor '/home/user/research_ws/ur10_pick_place_ws/install/linkattacher_msgs/share/linkattacher_msgs/hook/cmake_prefix_path.dsv'
[0.775s] INFO:colcon.colcon_core.shell:Creating environment hook '/home/user/research_ws/ur10_pick_place_ws/install/linkattacher_msgs/share/linkattacher_msgs/hook/cmake_prefix_path.sh'
[0.776s] Level 1:colcon.colcon_core.environment:checking '/home/user/research_ws/ur10_pick_place_ws/install/linkattacher_msgs/lib'
[0.776s] Level 1:colcon.colcon_core.shell:create_environment_hook('linkattacher_msgs', 'ld_library_path_lib')
[0.776s] INFO:colcon.colcon_core.shell:Creating environment hook '/home/user/research_ws/ur10_pick_place_ws/install/linkattacher_msgs/share/linkattacher_msgs/hook/ld_library_path_lib.ps1'
[0.776s] INFO:colcon.colcon_core.shell:Creating environment descriptor '/home/user/research_ws/ur10_pick_place_ws/install/linkattacher_msgs/share/linkattacher_msgs/hook/ld_library_path_lib.dsv'
[0.776s] INFO:colcon.colcon_core.shell:Creating environment hook '/home/user/research_ws/ur10_pick_place_ws/install/linkattacher_msgs/share/linkattacher_msgs/hook/ld_library_path_lib.sh'
[0.777s] Level 1:colcon.colcon_core.environment:checking '/home/user/research_ws/ur10_pick_place_ws/install/linkattacher_msgs/bin'
[0.777s] Level 1:colcon.colcon_core.environment:checking '/home/user/research_ws/ur10_pick_place_ws/install/linkattacher_msgs/lib/pkgconfig/linkattacher_msgs.pc'
[0.777s] Level 1:colcon.colcon_core.environment:checking '/home/user/research_ws/ur10_pick_place_ws/install/linkattacher_msgs/lib/python3.10/site-packages'
[0.777s] Level 1:colcon.colcon_core.environment:checking '/home/user/research_ws/ur10_pick_place_ws/install/linkattacher_msgs/bin'
[0.778s] INFO:colcon.colcon_core.shell:Creating package script '/home/user/research_ws/ur10_pick_place_ws/install/linkattacher_msgs/share/linkattacher_msgs/package.ps1'
[0.778s] INFO:colcon.colcon_core.shell:Creating package descriptor '/home/user/research_ws/ur10_pick_place_ws/install/linkattacher_msgs/share/linkattacher_msgs/package.dsv'
[0.778s] INFO:colcon.colcon_core.shell:Creating package script '/home/user/research_ws/ur10_pick_place_ws/install/linkattacher_msgs/share/linkattacher_msgs/package.sh'
[0.778s] INFO:colcon.colcon_core.shell:Creating package script '/home/user/research_ws/ur10_pick_place_ws/install/linkattacher_msgs/share/linkattacher_msgs/package.bash'
[0.779s] INFO:colcon.colcon_core.shell:Creating package script '/home/user/research_ws/ur10_pick_place_ws/install/linkattacher_msgs/share/linkattacher_msgs/package.zsh'
[0.779s] Level 1:colcon.colcon_core.environment:create_file_with_runtime_dependencies(/home/user/research_ws/ur10_pick_place_ws/install/linkattacher_msgs/share/colcon-core/packages/linkattacher_msgs)
[0.779s] Level 1:colcon.colcon_core.environment:create_environment_scripts_only(linkattacher_msgs)
[0.779s] Level 1:colcon.colcon_core.environment:checking '/home/user/research_ws/ur10_pick_place_ws/install/linkattacher_msgs' for CMake module files
[0.780s] Level 1:colcon.colcon_core.environment:checking '/home/user/research_ws/ur10_pick_place_ws/install/linkattacher_msgs' for CMake config files
[0.780s] Level 1:colcon.colcon_core.shell:create_environment_hook('linkattacher_msgs', 'cmake_prefix_path')
[0.780s] INFO:colcon.colcon_core.shell:Creating environment hook '/home/user/research_ws/ur10_pick_place_ws/install/linkattacher_msgs/share/linkattacher_msgs/hook/cmake_prefix_path.ps1'
[0.780s] INFO:colcon.colcon_core.shell:Creating environment descriptor '/home/user/research_ws/ur10_pick_place_ws/install/linkattacher_msgs/share/linkattacher_msgs/hook/cmake_prefix_path.dsv'
[0.780s] INFO:colcon.colcon_core.shell:Creating environment hook '/home/user/research_ws/ur10_pick_place_ws/install/linkattacher_msgs/share/linkattacher_msgs/hook/cmake_prefix_path.sh'
[0.780s] Level 1:colcon.colcon_core.environment:checking '/home/user/research_ws/ur10_pick_place_ws/install/linkattacher_msgs/lib'
[0.780s] Level 1:colcon.colcon_core.shell:create_environment_hook('linkattacher_msgs', 'ld_library_path_lib')
[0.781s] INFO:colcon.colcon_core.shell:Creating environment hook '/home/user/research_ws/ur10_pick_place_ws/install/linkattacher_msgs/share/linkattacher_msgs/hook/ld_library_path_lib.ps1'
[0.781s] INFO:colcon.colcon_core.shell:Creating environment descriptor '/home/user/research_ws/ur10_pick_place_ws/install/linkattacher_msgs/share/linkattacher_msgs/hook/ld_library_path_lib.dsv'
[0.781s] INFO:colcon.colcon_core.shell:Creating environment hook '/home/user/research_ws/ur10_pick_place_ws/install/linkattacher_msgs/share/linkattacher_msgs/hook/ld_library_path_lib.sh'
[0.781s] Level 1:colcon.colcon_core.environment:checking '/home/user/research_ws/ur10_pick_place_ws/install/linkattacher_msgs/bin'
[0.781s] Level 1:colcon.colcon_core.environment:checking '/home/user/research_ws/ur10_pick_place_ws/install/linkattacher_msgs/lib/pkgconfig/linkattacher_msgs.pc'
[0.781s] Level 1:colcon.colcon_core.environment:checking '/home/user/research_ws/ur10_pick_place_ws/install/linkattacher_msgs/lib/python3.10/site-packages'
[0.781s] Level 1:colcon.colcon_core.environment:checking '/home/user/research_ws/ur10_pick_place_ws/install/linkattacher_msgs/bin'
[0.782s] INFO:colcon.colcon_core.shell:Creating package script '/home/user/research_ws/ur10_pick_place_ws/install/linkattacher_msgs/share/linkattacher_msgs/package.ps1'
[0.782s] INFO:colcon.colcon_core.shell:Creating package descriptor '/home/user/research_ws/ur10_pick_place_ws/install/linkattacher_msgs/share/linkattacher_msgs/package.dsv'
[0.782s] INFO:colcon.colcon_core.shell:Creating package script '/home/user/research_ws/ur10_pick_place_ws/install/linkattacher_msgs/share/linkattacher_msgs/package.sh'
[0.782s] INFO:colcon.colcon_core.shell:Creating package script '/home/user/research_ws/ur10_pick_place_ws/install/linkattacher_msgs/share/linkattacher_msgs/package.bash'
[0.783s] INFO:colcon.colcon_core.shell:Creating package script '/home/user/research_ws/ur10_pick_place_ws/install/linkattacher_msgs/share/linkattacher_msgs/package.zsh'
[0.783s] Level 1:colcon.colcon_core.environment:create_file_with_runtime_dependencies(/home/user/research_ws/ur10_pick_place_ws/install/linkattacher_msgs/share/colcon-core/packages/linkattacher_msgs)
[0.783s] INFO:colcon.colcon_ros.task.ament_cmake.build:Building ROS package in '/home/user/research_ws/ur10_pick_place_ws/src/ur_yt_sim' with build type 'ament_cmake'
[0.783s] INFO:colcon.colcon_cmake.task.cmake.build:Building CMake package in '/home/user/research_ws/ur10_pick_place_ws/src/ur_yt_sim'
[0.783s] INFO:colcon.colcon_core.shell:Skip shell extension 'powershell' for command environment: Not usable outside of PowerShell
[0.783s] DEBUG:colcon.colcon_core.shell:Skip shell extension 'dsv' for command environment
[0.787s] INFO:colcon.colcon_ros.task.ament_cmake.build:Building ROS package in '/home/user/research_ws/ur10_pick_place_ws/src/linkattacher_plugin' with build type 'ament_cmake'
[0.787s] INFO:colcon.colcon_cmake.task.cmake.build:Building CMake package in '/home/user/research_ws/ur10_pick_place_ws/src/linkattacher_plugin'
[0.787s] INFO:colcon.colcon_core.shell:Skip shell extension 'powershell' for command environment: Not usable outside of PowerShell
[0.787s] DEBUG:colcon.colcon_core.shell:Skip shell extension 'dsv' for command environment
[0.798s] DEBUG:colcon.colcon_core.event_handler.log_command:Invoking command in '/home/user/research_ws/ur10_pick_place_ws/build/ur_yt_sim': CMAKE_PREFIX_PATH=/home/user/research_ws/ur10_pick_place_ws/install/linkattacher_msgs:/home/user/research_ws/ur10_pick_place_ws/install/ur10_camera_gripper_moveit_config:/home/user/research_ws/ur10_pick_place_ws/install/ur_yt_sim:/home/user/research_ws/ur10_pick_place_ws/install/ur_simulation_gazebo:/home/user/research_ws/ur10_pick_place_ws/install/ros2_linkattacher:/home/user/research_ws/ur10_pick_place_ws/install/robotiq_description:/home/user/research_ws/ur10_pick_place_ws/install/robotiq_controllers:/home/user/research_ws/ur10_pick_place_ws/install/robotiq_3f_interfaces:/home/user/research_ws/ur10_pick_place_ws/install/robotiq_3f_description:/opt/ros/humble LD_LIBRARY_PATH=/home/user/research_ws/ur10_pick_place_ws/install/linkattacher_msgs/lib:/home/user/research_ws/ur10_pick_place_ws/install/ros2_linkattacher/lib:/home/user/research_ws/ur10_pick_place_ws/install/robotiq_controllers/lib:/home/user/research_ws/ur10_pick_place_ws/install/robotiq_3f_interfaces/lib:/usr/lib/x86_64-linux-gnu/gazebo-11/plugins:/opt/ros/humble/opt/rviz_ogre_vendor/lib:/opt/ros/humble/lib/x86_64-linux-gnu:/opt/ros/humble/lib /usr/bin/cmake --build /home/user/research_ws/ur10_pick_place_ws/build/ur_yt_sim -- -j32 -l32
[0.800s] DEBUG:colcon.colcon_core.event_handler.log_command:Invoking command in '/home/user/research_ws/ur10_pick_place_ws/build/ros2_linkattacher': CMAKE_PREFIX_PATH=/home/user/research_ws/ur10_pick_place_ws/install/linkattacher_msgs:/home/user/research_ws/ur10_pick_place_ws/install/ur10_camera_gripper_moveit_config:/home/user/research_ws/ur10_pick_place_ws/install/ur_yt_sim:/home/user/research_ws/ur10_pick_place_ws/install/ur_simulation_gazebo:/home/user/research_ws/ur10_pick_place_ws/install/ros2_linkattacher:/home/user/research_ws/ur10_pick_place_ws/install/robotiq_description:/home/user/research_ws/ur10_pick_place_ws/install/robotiq_controllers:/home/user/research_ws/ur10_pick_place_ws/install/robotiq_3f_interfaces:/home/user/research_ws/ur10_pick_place_ws/install/robotiq_3f_description:/opt/ros/humble LD_LIBRARY_PATH=/home/user/research_ws/ur10_pick_place_ws/install/linkattacher_msgs/lib:/home/user/research_ws/ur10_pick_place_ws/install/ros2_linkattacher/lib:/home/user/research_ws/ur10_pick_place_ws/install/robotiq_controllers/lib:/home/user/research_ws/ur10_pick_place_ws/install/robotiq_3f_interfaces/lib:/usr/lib/x86_64-linux-gnu/gazebo-11/plugins:/opt/ros/humble/opt/rviz_ogre_vendor/lib:/opt/ros/humble/lib/x86_64-linux-gnu:/opt/ros/humble/lib /usr/bin/cmake --build /home/user/research_ws/ur10_pick_place_ws/build/ros2_linkattacher -- -j32 -l32
[0.900s] DEBUG:colcon.colcon_core.event_handler.log_command:Invoked command in '/home/user/research_ws/ur10_pick_place_ws/build/ros2_linkattacher' returned '0': CMAKE_PREFIX_PATH=/home/user/research_ws/ur10_pick_place_ws/install/linkattacher_msgs:/home/user/research_ws/ur10_pick_place_ws/install/ur10_camera_gripper_moveit_config:/home/user/research_ws/ur10_pick_place_ws/install/ur_yt_sim:/home/user/research_ws/ur10_pick_place_ws/install/ur_simulation_gazebo:/home/user/research_ws/ur10_pick_place_ws/install/ros2_linkattacher:/home/user/research_ws/ur10_pick_place_ws/install/robotiq_description:/home/user/research_ws/ur10_pick_place_ws/install/robotiq_controllers:/home/user/research_ws/ur10_pick_place_ws/install/robotiq_3f_interfaces:/home/user/research_ws/ur10_pick_place_ws/install/robotiq_3f_description:/opt/ros/humble LD_LIBRARY_PATH=/home/user/research_ws/ur10_pick_place_ws/install/linkattacher_msgs/lib:/home/user/research_ws/ur10_pick_place_ws/install/ros2_linkattacher/lib:/home/user/research_ws/ur10_pick_place_ws/install/robotiq_controllers/lib:/home/user/research_ws/ur10_pick_place_ws/install/robotiq_3f_interfaces/lib:/usr/lib/x86_64-linux-gnu/gazebo-11/plugins:/opt/ros/humble/opt/rviz_ogre_vendor/lib:/opt/ros/humble/lib/x86_64-linux-gnu:/opt/ros/humble/lib /usr/bin/cmake --build /home/user/research_ws/ur10_pick_place_ws/build/ros2_linkattacher -- -j32 -l32
[0.902s] DEBUG:colcon.colcon_core.event_handler.log_command:Invoking command in '/home/user/research_ws/ur10_pick_place_ws/build/ros2_linkattacher': CMAKE_PREFIX_PATH=/home/user/research_ws/ur10_pick_place_ws/install/linkattacher_msgs:/home/user/research_ws/ur10_pick_place_ws/install/ur10_camera_gripper_moveit_config:/home/user/research_ws/ur10_pick_place_ws/install/ur_yt_sim:/home/user/research_ws/ur10_pick_place_ws/install/ur_simulation_gazebo:/home/user/research_ws/ur10_pick_place_ws/install/ros2_linkattacher:/home/user/research_ws/ur10_pick_place_ws/install/robotiq_description:/home/user/research_ws/ur10_pick_place_ws/install/robotiq_controllers:/home/user/research_ws/ur10_pick_place_ws/install/robotiq_3f_interfaces:/home/user/research_ws/ur10_pick_place_ws/install/robotiq_3f_description:/opt/ros/humble LD_LIBRARY_PATH=/home/user/research_ws/ur10_pick_place_ws/install/linkattacher_msgs/lib:/home/user/research_ws/ur10_pick_place_ws/install/ros2_linkattacher/lib:/home/user/research_ws/ur10_pick_place_ws/install/robotiq_controllers/lib:/home/user/research_ws/ur10_pick_place_ws/install/robotiq_3f_interfaces/lib:/usr/lib/x86_64-linux-gnu/gazebo-11/plugins:/opt/ros/humble/opt/rviz_ogre_vendor/lib:/opt/ros/humble/lib/x86_64-linux-gnu:/opt/ros/humble/lib /usr/bin/cmake --install /home/user/research_ws/ur10_pick_place_ws/build/ros2_linkattacher
[0.903s] DEBUG:colcon.colcon_core.event_handler.log_command:Invoked command in '/home/user/research_ws/ur10_pick_place_ws/build/ur_yt_sim' returned '0': CMAKE_PREFIX_PATH=/home/user/research_ws/ur10_pick_place_ws/install/linkattacher_msgs:/home/user/research_ws/ur10_pick_place_ws/install/ur10_camera_gripper_moveit_config:/home/user/research_ws/ur10_pick_place_ws/install/ur_yt_sim:/home/user/research_ws/ur10_pick_place_ws/install/ur_simulation_gazebo:/home/user/research_ws/ur10_pick_place_ws/install/ros2_linkattacher:/home/user/research_ws/ur10_pick_place_ws/install/robotiq_description:/home/user/research_ws/ur10_pick_place_ws/install/robotiq_controllers:/home/user/research_ws/ur10_pick_place_ws/install/robotiq_3f_interfaces:/home/user/research_ws/ur10_pick_place_ws/install/robotiq_3f_description:/opt/ros/humble LD_LIBRARY_PATH=/home/user/research_ws/ur10_pick_place_ws/install/linkattacher_msgs/lib:/home/user/research_ws/ur10_pick_place_ws/install/ros2_linkattacher/lib:/home/user/research_ws/ur10_pick_place_ws/install/robotiq_controllers/lib:/home/user/research_ws/ur10_pick_place_ws/install/robotiq_3f_interfaces/lib:/usr/lib/x86_64-linux-gnu/gazebo-11/plugins:/opt/ros/humble/opt/rviz_ogre_vendor/lib:/opt/ros/humble/lib/x86_64-linux-gnu:/opt/ros/humble/lib /usr/bin/cmake --build /home/user/research_ws/ur10_pick_place_ws/build/ur_yt_sim -- -j32 -l32
[0.904s] DEBUG:colcon.colcon_core.event_handler.log_command:Invoking command in '/home/user/research_ws/ur10_pick_place_ws/build/ur_yt_sim': CMAKE_PREFIX_PATH=/home/user/research_ws/ur10_pick_place_ws/install/linkattacher_msgs:/home/user/research_ws/ur10_pick_place_ws/install/ur10_camera_gripper_moveit_config:/home/user/research_ws/ur10_pick_place_ws/install/ur_yt_sim:/home/user/research_ws/ur10_pick_place_ws/install/ur_simulation_gazebo:/home/user/research_ws/ur10_pick_place_ws/install/ros2_linkattacher:/home/user/research_ws/ur10_pick_place_ws/install/robotiq_description:/home/user/research_ws/ur10_pick_place_ws/install/robotiq_controllers:/home/user/research_ws/ur10_pick_place_ws/install/robotiq_3f_interfaces:/home/user/research_ws/ur10_pick_place_ws/install/robotiq_3f_description:/opt/ros/humble LD_LIBRARY_PATH=/home/user/research_ws/ur10_pick_place_ws/install/linkattacher_msgs/lib:/home/user/research_ws/ur10_pick_place_ws/install/ros2_linkattacher/lib:/home/user/research_ws/ur10_pick_place_ws/install/robotiq_controllers/lib:/home/user/research_ws/ur10_pick_place_ws/install/robotiq_3f_interfaces/lib:/usr/lib/x86_64-linux-gnu/gazebo-11/plugins:/opt/ros/humble/opt/rviz_ogre_vendor/lib:/opt/ros/humble/lib/x86_64-linux-gnu:/opt/ros/humble/lib /usr/bin/cmake --install /home/user/research_ws/ur10_pick_place_ws/build/ur_yt_sim
[0.911s] Level 1:colcon.colcon_core.environment:create_environment_scripts_only(ros2_linkattacher)
[0.911s] Level 1:colcon.colcon_core.environment:checking '/home/user/research_ws/ur10_pick_place_ws/install/ros2_linkattacher' for CMake module files
[0.912s] DEBUG:colcon.colcon_core.event_handler.log_command:Invoked command in '/home/user/research_ws/ur10_pick_place_ws/build/ros2_linkattacher' returned '0': CMAKE_PREFIX_PATH=/home/user/research_ws/ur10_pick_place_ws/install/linkattacher_msgs:/home/user/research_ws/ur10_pick_place_ws/install/ur10_camera_gripper_moveit_config:/home/user/research_ws/ur10_pick_place_ws/install/ur_yt_sim:/home/user/research_ws/ur10_pick_place_ws/install/ur_simulation_gazebo:/home/user/research_ws/ur10_pick_place_ws/install/ros2_linkattacher:/home/user/research_ws/ur10_pick_place_ws/install/robotiq_description:/home/user/research_ws/ur10_pick_place_ws/install/robotiq_controllers:/home/user/research_ws/ur10_pick_place_ws/install/robotiq_3f_interfaces:/home/user/research_ws/ur10_pick_place_ws/install/robotiq_3f_description:/opt/ros/humble LD_LIBRARY_PATH=/home/user/research_ws/ur10_pick_place_ws/install/linkattacher_msgs/lib:/home/user/research_ws/ur10_pick_place_ws/install/ros2_linkattacher/lib:/home/user/research_ws/ur10_pick_place_ws/install/robotiq_controllers/lib:/home/user/research_ws/ur10_pick_place_ws/install/robotiq_3f_interfaces/lib:/usr/lib/x86_64-linux-gnu/gazebo-11/plugins:/opt/ros/humble/opt/rviz_ogre_vendor/lib:/opt/ros/humble/lib/x86_64-linux-gnu:/opt/ros/humble/lib /usr/bin/cmake --install /home/user/research_ws/ur10_pick_place_ws/build/ros2_linkattacher
[0.915s] Level 1:colcon.colcon_core.environment:checking '/home/user/research_ws/ur10_pick_place_ws/install/ros2_linkattacher' for CMake config files
[0.916s] Level 1:colcon.colcon_core.shell:create_environment_hook('ros2_linkattacher', 'cmake_prefix_path')
[0.917s] INFO:colcon.colcon_core.shell:Creating environment hook '/home/user/research_ws/ur10_pick_place_ws/install/ros2_linkattacher/share/ros2_linkattacher/hook/cmake_prefix_path.ps1'
[0.917s] INFO:colcon.colcon_core.shell:Creating environment descriptor '/home/user/research_ws/ur10_pick_place_ws/install/ros2_linkattacher/share/ros2_linkattacher/hook/cmake_prefix_path.dsv'
[0.917s] INFO:colcon.colcon_core.shell:Creating environment hook '/home/user/research_ws/ur10_pick_place_ws/install/ros2_linkattacher/share/ros2_linkattacher/hook/cmake_prefix_path.sh'
[0.918s] Level 1:colcon.colcon_core.environment:checking '/home/user/research_ws/ur10_pick_place_ws/install/ros2_linkattacher/lib'
[0.918s] Level 1:colcon.colcon_core.shell:create_environment_hook('ros2_linkattacher', 'ld_library_path_lib')
[0.918s] INFO:colcon.colcon_core.shell:Creating environment hook '/home/user/research_ws/ur10_pick_place_ws/install/ros2_linkattacher/share/ros2_linkattacher/hook/ld_library_path_lib.ps1'
[0.919s] INFO:colcon.colcon_core.shell:Creating environment descriptor '/home/user/research_ws/ur10_pick_place_ws/install/ros2_linkattacher/share/ros2_linkattacher/hook/ld_library_path_lib.dsv'
[0.919s] INFO:colcon.colcon_core.shell:Creating environment hook '/home/user/research_ws/ur10_pick_place_ws/install/ros2_linkattacher/share/ros2_linkattacher/hook/ld_library_path_lib.sh'
[0.919s] Level 1:colcon.colcon_core.environment:checking '/home/user/research_ws/ur10_pick_place_ws/install/ros2_linkattacher/bin'
[0.919s] Level 1:colcon.colcon_core.environment:checking '/home/user/research_ws/ur10_pick_place_ws/install/ros2_linkattacher/lib/pkgconfig/ros2_linkattacher.pc'
[0.919s] Level 1:colcon.colcon_core.environment:checking '/home/user/research_ws/ur10_pick_place_ws/install/ros2_linkattacher/lib/python3.10/site-packages'
[0.920s] Level 1:colcon.colcon_core.environment:checking '/home/user/research_ws/ur10_pick_place_ws/install/ros2_linkattacher/bin'
[0.920s] INFO:colcon.colcon_core.shell:Creating package script '/home/user/research_ws/ur10_pick_place_ws/install/ros2_linkattacher/share/ros2_linkattacher/package.ps1'
[0.920s] INFO:colcon.colcon_core.shell:Creating package descriptor '/home/user/research_ws/ur10_pick_place_ws/install/ros2_linkattacher/share/ros2_linkattacher/package.dsv'
[0.921s] INFO:colcon.colcon_core.shell:Creating package script '/home/user/research_ws/ur10_pick_place_ws/install/ros2_linkattacher/share/ros2_linkattacher/package.sh'
[0.921s] INFO:colcon.colcon_core.shell:Creating package script '/home/user/research_ws/ur10_pick_place_ws/install/ros2_linkattacher/share/ros2_linkattacher/package.bash'
[0.921s] INFO:colcon.colcon_core.shell:Creating package script '/home/user/research_ws/ur10_pick_place_ws/install/ros2_linkattacher/share/ros2_linkattacher/package.zsh'
[0.921s] Level 1:colcon.colcon_core.environment:create_file_with_runtime_dependencies(/home/user/research_ws/ur10_pick_place_ws/install/ros2_linkattacher/share/colcon-core/packages/ros2_linkattacher)
[0.921s] Level 1:colcon.colcon_core.environment:create_environment_scripts_only(ros2_linkattacher)
[0.922s] Level 1:colcon.colcon_core.environment:checking '/home/user/research_ws/ur10_pick_place_ws/install/ros2_linkattacher' for CMake module files
[0.922s] Level 1:colcon.colcon_core.environment:checking '/home/user/research_ws/ur10_pick_place_ws/install/ros2_linkattacher' for CMake config files
[0.922s] Level 1:colcon.colcon_core.shell:create_environment_hook('ros2_linkattacher', 'cmake_prefix_path')
[0.922s] INFO:colcon.colcon_core.shell:Creating environment hook '/home/user/research_ws/ur10_pick_place_ws/install/ros2_linkattacher/share/ros2_linkattacher/hook/cmake_prefix_path.ps1'
[0.922s] INFO:colcon.colcon_core.shell:Creating environment descriptor '/home/user/research_ws/ur10_pick_place_ws/install/ros2_linkattacher/share/ros2_linkattacher/hook/cmake_prefix_path.dsv'
[0.922s] INFO:colcon.colcon_core.shell:Creating environment hook '/home/user/research_ws/ur10_pick_place_ws/install/ros2_linkattacher/share/ros2_linkattacher/hook/cmake_prefix_path.sh'
[0.923s] Level 1:colcon.colcon_core.environment:checking '/home/user/research_ws/ur10_pick_place_ws/install/ros2_linkattacher/lib'
[0.923s] Level 1:colcon.colcon_core.shell:create_environment_hook('ros2_linkattacher', 'ld_library_path_lib')
[0.923s] INFO:colcon.colcon_core.shell:Creating environment hook '/home/user/research_ws/ur10_pick_place_ws/install/ros2_linkattacher/share/ros2_linkattacher/hook/ld_library_path_lib.ps1'
[0.923s] INFO:colcon.colcon_core.shell:Creating environment descriptor '/home/user/research_ws/ur10_pick_place_ws/install/ros2_linkattacher/share/ros2_linkattacher/hook/ld_library_path_lib.dsv'
[0.923s] INFO:colcon.colcon_core.shell:Creating environment hook '/home/user/research_ws/ur10_pick_place_ws/install/ros2_linkattacher/share/ros2_linkattacher/hook/ld_library_path_lib.sh'
[0.923s] Level 1:colcon.colcon_core.environment:checking '/home/user/research_ws/ur10_pick_place_ws/install/ros2_linkattacher/bin'
[0.923s] Level 1:colcon.colcon_core.environment:checking '/home/user/research_ws/ur10_pick_place_ws/install/ros2_linkattacher/lib/pkgconfig/ros2_linkattacher.pc'
[0.924s] Level 1:colcon.colcon_core.environment:checking '/home/user/research_ws/ur10_pick_place_ws/install/ros2_linkattacher/lib/python3.10/site-packages'
[0.924s] Level 1:colcon.colcon_core.environment:checking '/home/user/research_ws/ur10_pick_place_ws/install/ros2_linkattacher/bin'
[0.924s] INFO:colcon.colcon_core.shell:Creating package script '/home/user/research_ws/ur10_pick_place_ws/install/ros2_linkattacher/share/ros2_linkattacher/package.ps1'
[0.924s] INFO:colcon.colcon_core.shell:Creating package descriptor '/home/user/research_ws/ur10_pick_place_ws/install/ros2_linkattacher/share/ros2_linkattacher/package.dsv'
[0.925s] INFO:colcon.colcon_core.shell:Creating package script '/home/user/research_ws/ur10_pick_place_ws/install/ros2_linkattacher/share/ros2_linkattacher/package.sh'
[0.925s] INFO:colcon.colcon_core.shell:Creating package script '/home/user/research_ws/ur10_pick_place_ws/install/ros2_linkattacher/share/ros2_linkattacher/package.bash'
[0.925s] INFO:colcon.colcon_core.shell:Creating package script '/home/user/research_ws/ur10_pick_place_ws/install/ros2_linkattacher/share/ros2_linkattacher/package.zsh'
[0.925s] Level 1:colcon.colcon_core.environment:create_file_with_runtime_dependencies(/home/user/research_ws/ur10_pick_place_ws/install/ros2_linkattacher/share/colcon-core/packages/ros2_linkattacher)
[0.926s] Level 1:colcon.colcon_core.environment:create_environment_scripts_only(ur_yt_sim)
[0.926s] Level 1:colcon.colcon_core.environment:checking '/home/user/research_ws/ur10_pick_place_ws/install/ur_yt_sim' for CMake module files
[0.928s] DEBUG:colcon.colcon_core.event_handler.log_command:Invoked command in '/home/user/research_ws/ur10_pick_place_ws/build/ur_yt_sim' returned '0': CMAKE_PREFIX_PATH=/home/user/research_ws/ur10_pick_place_ws/install/linkattacher_msgs:/home/user/research_ws/ur10_pick_place_ws/install/ur10_camera_gripper_moveit_config:/home/user/research_ws/ur10_pick_place_ws/install/ur_yt_sim:/home/user/research_ws/ur10_pick_place_ws/install/ur_simulation_gazebo:/home/user/research_ws/ur10_pick_place_ws/install/ros2_linkattacher:/home/user/research_ws/ur10_pick_place_ws/install/robotiq_description:/home/user/research_ws/ur10_pick_place_ws/install/robotiq_controllers:/home/user/research_ws/ur10_pick_place_ws/install/robotiq_3f_interfaces:/home/user/research_ws/ur10_pick_place_ws/install/robotiq_3f_description:/opt/ros/humble LD_LIBRARY_PATH=/home/user/research_ws/ur10_pick_place_ws/install/linkattacher_msgs/lib:/home/user/research_ws/ur10_pick_place_ws/install/ros2_linkattacher/lib:/home/user/research_ws/ur10_pick_place_ws/install/robotiq_controllers/lib:/home/user/research_ws/ur10_pick_place_ws/install/robotiq_3f_interfaces/lib:/usr/lib/x86_64-linux-gnu/gazebo-11/plugins:/opt/ros/humble/opt/rviz_ogre_vendor/lib:/opt/ros/humble/lib/x86_64-linux-gnu:/opt/ros/humble/lib /usr/bin/cmake --install /home/user/research_ws/ur10_pick_place_ws/build/ur_yt_sim
[0.928s] Level 1:colcon.colcon_core.environment:checking '/home/user/research_ws/ur10_pick_place_ws/install/ur_yt_sim' for CMake config files
[0.928s] Level 1:colcon.colcon_core.shell:create_environment_hook('ur_yt_sim', 'cmake_prefix_path')
[0.928s] INFO:colcon.colcon_core.shell:Creating environment hook '/home/user/research_ws/ur10_pick_place_ws/install/ur_yt_sim/share/ur_yt_sim/hook/cmake_prefix_path.ps1'
[0.928s] INFO:colcon.colcon_core.shell:Creating environment descriptor '/home/user/research_ws/ur10_pick_place_ws/install/ur_yt_sim/share/ur_yt_sim/hook/cmake_prefix_path.dsv'
[0.929s] INFO:colcon.colcon_core.shell:Creating environment hook '/home/user/research_ws/ur10_pick_place_ws/install/ur_yt_sim/share/ur_yt_sim/hook/cmake_prefix_path.sh'
[0.929s] Level 1:colcon.colcon_core.environment:checking '/home/user/research_ws/ur10_pick_place_ws/install/ur_yt_sim/lib'
[0.929s] Level 1:colcon.colcon_core.environment:checking '/home/user/research_ws/ur10_pick_place_ws/install/ur_yt_sim/bin'
[0.929s] Level 1:colcon.colcon_core.environment:checking '/home/user/research_ws/ur10_pick_place_ws/install/ur_yt_sim/lib/pkgconfig/ur_yt_sim.pc'
[0.929s] Level 1:colcon.colcon_core.environment:checking '/home/user/research_ws/ur10_pick_place_ws/install/ur_yt_sim/lib/python3.10/site-packages'
[0.929s] Level 1:colcon.colcon_core.environment:checking '/home/user/research_ws/ur10_pick_place_ws/install/ur_yt_sim/bin'
[0.930s] INFO:colcon.colcon_core.shell:Creating package script '/home/user/research_ws/ur10_pick_place_ws/install/ur_yt_sim/share/ur_yt_sim/package.ps1'
[0.930s] INFO:colcon.colcon_core.shell:Creating package descriptor '/home/user/research_ws/ur10_pick_place_ws/install/ur_yt_sim/share/ur_yt_sim/package.dsv'
[0.930s] INFO:colcon.colcon_core.shell:Creating package script '/home/user/research_ws/ur10_pick_place_ws/install/ur_yt_sim/share/ur_yt_sim/package.sh'
[0.930s] INFO:colcon.colcon_core.shell:Creating package script '/home/user/research_ws/ur10_pick_place_ws/install/ur_yt_sim/share/ur_yt_sim/package.bash'
[0.930s] INFO:colcon.colcon_core.shell:Creating package script '/home/user/research_ws/ur10_pick_place_ws/install/ur_yt_sim/share/ur_yt_sim/package.zsh'
[0.930s] Level 1:colcon.colcon_core.environment:create_file_with_runtime_dependencies(/home/user/research_ws/ur10_pick_place_ws/install/ur_yt_sim/share/colcon-core/packages/ur_yt_sim)
[0.931s] Level 1:colcon.colcon_core.environment:create_environment_scripts_only(ur_yt_sim)
[0.931s] Level 1:colcon.colcon_core.environment:checking '/home/user/research_ws/ur10_pick_place_ws/install/ur_yt_sim' for CMake module files
[0.931s] Level 1:colcon.colcon_core.environment:checking '/home/user/research_ws/ur10_pick_place_ws/install/ur_yt_sim' for CMake config files
[0.931s] Level 1:colcon.colcon_core.shell:create_environment_hook('ur_yt_sim', 'cmake_prefix_path')
[0.931s] INFO:colcon.colcon_core.shell:Creating environment hook '/home/user/research_ws/ur10_pick_place_ws/install/ur_yt_sim/share/ur_yt_sim/hook/cmake_prefix_path.ps1'
[0.932s] INFO:colcon.colcon_core.shell:Creating environment descriptor '/home/user/research_ws/ur10_pick_place_ws/install/ur_yt_sim/share/ur_yt_sim/hook/cmake_prefix_path.dsv'
[0.932s] INFO:colcon.colcon_core.shell:Creating environment hook '/home/user/research_ws/ur10_pick_place_ws/install/ur_yt_sim/share/ur_yt_sim/hook/cmake_prefix_path.sh'
[0.932s] Level 1:colcon.colcon_core.environment:checking '/home/user/research_ws/ur10_pick_place_ws/install/ur_yt_sim/lib'
[0.932s] Level 1:colcon.colcon_core.environment:checking '/home/user/research_ws/ur10_pick_place_ws/install/ur_yt_sim/bin'
[0.932s] Level 1:colcon.colcon_core.environment:checking '/home/user/research_ws/ur10_pick_place_ws/install/ur_yt_sim/lib/pkgconfig/ur_yt_sim.pc'
[0.932s] Level 1:colcon.colcon_core.environment:checking '/home/user/research_ws/ur10_pick_place_ws/install/ur_yt_sim/lib/python3.10/site-packages'
[0.932s] Level 1:colcon.colcon_core.environment:checking '/home/user/research_ws/ur10_pick_place_ws/install/ur_yt_sim/bin'
[0.933s] INFO:colcon.colcon_core.shell:Creating package script '/home/user/research_ws/ur10_pick_place_ws/install/ur_yt_sim/share/ur_yt_sim/package.ps1'
[0.933s] INFO:colcon.colcon_core.shell:Creating package descriptor '/home/user/research_ws/ur10_pick_place_ws/install/ur_yt_sim/share/ur_yt_sim/package.dsv'
[0.933s] INFO:colcon.colcon_core.shell:Creating package script '/home/user/research_ws/ur10_pick_place_ws/install/ur_yt_sim/share/ur_yt_sim/package.sh'
[0.933s] INFO:colcon.colcon_core.shell:Creating package script '/home/user/research_ws/ur10_pick_place_ws/install/ur_yt_sim/share/ur_yt_sim/package.bash'
[0.934s] INFO:colcon.colcon_core.shell:Creating package script '/home/user/research_ws/ur10_pick_place_ws/install/ur_yt_sim/share/ur_yt_sim/package.zsh'
[0.934s] Level 1:colcon.colcon_core.environment:create_file_with_runtime_dependencies(/home/user/research_ws/ur10_pick_place_ws/install/ur_yt_sim/share/colcon-core/packages/ur_yt_sim)
[0.934s] INFO:colcon.colcon_ros.task.ament_cmake.build:Building ROS package in '/home/user/research_ws/ur10_pick_place_ws/src/ur10_camera_gripper_moveit_config' with build type 'ament_cmake'
[0.934s] INFO:colcon.colcon_cmake.task.cmake.build:Building CMake package in '/home/user/research_ws/ur10_pick_place_ws/src/ur10_camera_gripper_moveit_config'
[0.934s] INFO:colcon.colcon_core.shell:Skip shell extension 'powershell' for command environment: Not usable outside of PowerShell
[0.934s] DEBUG:colcon.colcon_core.shell:Skip shell extension 'dsv' for command environment
[0.946s] DEBUG:colcon.colcon_core.event_handler.log_command:Invoking command in '/home/user/research_ws/ur10_pick_place_ws/build/ur10_camera_gripper_moveit_config': CMAKE_PREFIX_PATH=/home/user/research_ws/ur10_pick_place_ws/install/ur_yt_sim:/home/user/research_ws/ur10_pick_place_ws/install/linkattacher_msgs:/home/user/research_ws/ur10_pick_place_ws/install/ur10_camera_gripper_moveit_config:/home/user/research_ws/ur10_pick_place_ws/install/ur_simulation_gazebo:/home/user/research_ws/ur10_pick_place_ws/install/ros2_linkattacher:/home/user/research_ws/ur10_pick_place_ws/install/robotiq_description:/home/user/research_ws/ur10_pick_place_ws/install/robotiq_controllers:/home/user/research_ws/ur10_pick_place_ws/install/robotiq_3f_interfaces:/home/user/research_ws/ur10_pick_place_ws/install/robotiq_3f_description:/opt/ros/humble LD_LIBRARY_PATH=/home/user/research_ws/ur10_pick_place_ws/install/linkattacher_msgs/lib:/home/user/research_ws/ur10_pick_place_ws/install/ros2_linkattacher/lib:/home/user/research_ws/ur10_pick_place_ws/install/robotiq_controllers/lib:/home/user/research_ws/ur10_pick_place_ws/install/robotiq_3f_interfaces/lib:/usr/lib/x86_64-linux-gnu/gazebo-11/plugins:/opt/ros/humble/opt/rviz_ogre_vendor/lib:/opt/ros/humble/lib/x86_64-linux-gnu:/opt/ros/humble/lib /usr/bin/cmake --build /home/user/research_ws/ur10_pick_place_ws/build/ur10_camera_gripper_moveit_config -- -j32 -l32
[0.985s] DEBUG:colcon.colcon_core.event_handler.log_command:Invoked command in '/home/user/research_ws/ur10_pick_place_ws/build/ur10_camera_gripper_moveit_config' returned '0': CMAKE_PREFIX_PATH=/home/user/research_ws/ur10_pick_place_ws/install/ur_yt_sim:/home/user/research_ws/ur10_pick_place_ws/install/linkattacher_msgs:/home/user/research_ws/ur10_pick_place_ws/install/ur10_camera_gripper_moveit_config:/home/user/research_ws/ur10_pick_place_ws/install/ur_simulation_gazebo:/home/user/research_ws/ur10_pick_place_ws/install/ros2_linkattacher:/home/user/research_ws/ur10_pick_place_ws/install/robotiq_description:/home/user/research_ws/ur10_pick_place_ws/install/robotiq_controllers:/home/user/research_ws/ur10_pick_place_ws/install/robotiq_3f_interfaces:/home/user/research_ws/ur10_pick_place_ws/install/robotiq_3f_description:/opt/ros/humble LD_LIBRARY_PATH=/home/user/research_ws/ur10_pick_place_ws/install/linkattacher_msgs/lib:/home/user/research_ws/ur10_pick_place_ws/install/ros2_linkattacher/lib:/home/user/research_ws/ur10_pick_place_ws/install/robotiq_controllers/lib:/home/user/research_ws/ur10_pick_place_ws/install/robotiq_3f_interfaces/lib:/usr/lib/x86_64-linux-gnu/gazebo-11/plugins:/opt/ros/humble/opt/rviz_ogre_vendor/lib:/opt/ros/humble/lib/x86_64-linux-gnu:/opt/ros/humble/lib /usr/bin/cmake --build /home/user/research_ws/ur10_pick_place_ws/build/ur10_camera_gripper_moveit_config -- -j32 -l32
[0.987s] DEBUG:colcon.colcon_core.event_handler.log_command:Invoking command in '/home/user/research_ws/ur10_pick_place_ws/build/ur10_camera_gripper_moveit_config': CMAKE_PREFIX_PATH=/home/user/research_ws/ur10_pick_place_ws/install/ur_yt_sim:/home/user/research_ws/ur10_pick_place_ws/install/linkattacher_msgs:/home/user/research_ws/ur10_pick_place_ws/install/ur10_camera_gripper_moveit_config:/home/user/research_ws/ur10_pick_place_ws/install/ur_simulation_gazebo:/home/user/research_ws/ur10_pick_place_ws/install/ros2_linkattacher:/home/user/research_ws/ur10_pick_place_ws/install/robotiq_description:/home/user/research_ws/ur10_pick_place_ws/install/robotiq_controllers:/home/user/research_ws/ur10_pick_place_ws/install/robotiq_3f_interfaces:/home/user/research_ws/ur10_pick_place_ws/install/robotiq_3f_description:/opt/ros/humble LD_LIBRARY_PATH=/home/user/research_ws/ur10_pick_place_ws/install/linkattacher_msgs/lib:/home/user/research_ws/ur10_pick_place_ws/install/ros2_linkattacher/lib:/home/user/research_ws/ur10_pick_place_ws/install/robotiq_controllers/lib:/home/user/research_ws/ur10_pick_place_ws/install/robotiq_3f_interfaces/lib:/usr/lib/x86_64-linux-gnu/gazebo-11/plugins:/opt/ros/humble/opt/rviz_ogre_vendor/lib:/opt/ros/humble/lib/x86_64-linux-gnu:/opt/ros/humble/lib /usr/bin/cmake --install /home/user/research_ws/ur10_pick_place_ws/build/ur10_camera_gripper_moveit_config
[0.995s] Level 1:colcon.colcon_core.environment:create_environment_scripts_only(ur10_camera_gripper_moveit_config)
[0.995s] DEBUG:colcon.colcon_core.event_handler.log_command:Invoked command in '/home/user/research_ws/ur10_pick_place_ws/build/ur10_camera_gripper_moveit_config' returned '0': CMAKE_PREFIX_PATH=/home/user/research_ws/ur10_pick_place_ws/install/ur_yt_sim:/home/user/research_ws/ur10_pick_place_ws/install/linkattacher_msgs:/home/user/research_ws/ur10_pick_place_ws/install/ur10_camera_gripper_moveit_config:/home/user/research_ws/ur10_pick_place_ws/install/ur_simulation_gazebo:/home/user/research_ws/ur10_pick_place_ws/install/ros2_linkattacher:/home/user/research_ws/ur10_pick_place_ws/install/robotiq_description:/home/user/research_ws/ur10_pick_place_ws/install/robotiq_controllers:/home/user/research_ws/ur10_pick_place_ws/install/robotiq_3f_interfaces:/home/user/research_ws/ur10_pick_place_ws/install/robotiq_3f_description:/opt/ros/humble LD_LIBRARY_PATH=/home/user/research_ws/ur10_pick_place_ws/install/linkattacher_msgs/lib:/home/user/research_ws/ur10_pick_place_ws/install/ros2_linkattacher/lib:/home/user/research_ws/ur10_pick_place_ws/install/robotiq_controllers/lib:/home/user/research_ws/ur10_pick_place_ws/install/robotiq_3f_interfaces/lib:/usr/lib/x86_64-linux-gnu/gazebo-11/plugins:/opt/ros/humble/opt/rviz_ogre_vendor/lib:/opt/ros/humble/lib/x86_64-linux-gnu:/opt/ros/humble/lib /usr/bin/cmake --install /home/user/research_ws/ur10_pick_place_ws/build/ur10_camera_gripper_moveit_config
[0.996s] Level 1:colcon.colcon_core.environment:checking '/home/user/research_ws/ur10_pick_place_ws/install/ur10_camera_gripper_moveit_config' for CMake module files
[0.996s] Level 1:colcon.colcon_core.environment:checking '/home/user/research_ws/ur10_pick_place_ws/install/ur10_camera_gripper_moveit_config' for CMake config files
[0.996s] Level 1:colcon.colcon_core.shell:create_environment_hook('ur10_camera_gripper_moveit_config', 'cmake_prefix_path')
[0.997s] INFO:colcon.colcon_core.shell:Creating environment hook '/home/user/research_ws/ur10_pick_place_ws/install/ur10_camera_gripper_moveit_config/share/ur10_camera_gripper_moveit_config/hook/cmake_prefix_path.ps1'
[0.997s] INFO:colcon.colcon_core.shell:Creating environment descriptor '/home/user/research_ws/ur10_pick_place_ws/install/ur10_camera_gripper_moveit_config/share/ur10_camera_gripper_moveit_config/hook/cmake_prefix_path.dsv'
[0.997s] INFO:colcon.colcon_core.shell:Creating environment hook '/home/user/research_ws/ur10_pick_place_ws/install/ur10_camera_gripper_moveit_config/share/ur10_camera_gripper_moveit_config/hook/cmake_prefix_path.sh'
[0.997s] Level 1:colcon.colcon_core.environment:checking '/home/user/research_ws/ur10_pick_place_ws/install/ur10_camera_gripper_moveit_config/bin'
[0.998s] Level 1:colcon.colcon_core.environment:checking '/home/user/research_ws/ur10_pick_place_ws/install/ur10_camera_gripper_moveit_config/lib/pkgconfig/ur10_camera_gripper_moveit_config.pc'
[0.998s] Level 1:colcon.colcon_core.environment:checking '/home/user/research_ws/ur10_pick_place_ws/install/ur10_camera_gripper_moveit_config/lib/python3.10/site-packages'
[0.998s] Level 1:colcon.colcon_core.environment:checking '/home/user/research_ws/ur10_pick_place_ws/install/ur10_camera_gripper_moveit_config/bin'
[0.998s] INFO:colcon.colcon_core.shell:Creating package script '/home/user/research_ws/ur10_pick_place_ws/install/ur10_camera_gripper_moveit_config/share/ur10_camera_gripper_moveit_config/package.ps1'
[0.999s] INFO:colcon.colcon_core.shell:Creating package descriptor '/home/user/research_ws/ur10_pick_place_ws/install/ur10_camera_gripper_moveit_config/share/ur10_camera_gripper_moveit_config/package.dsv'
[0.999s] INFO:colcon.colcon_core.shell:Creating package script '/home/user/research_ws/ur10_pick_place_ws/install/ur10_camera_gripper_moveit_config/share/ur10_camera_gripper_moveit_config/package.sh'
[0.999s] INFO:colcon.colcon_core.shell:Creating package script '/home/user/research_ws/ur10_pick_place_ws/install/ur10_camera_gripper_moveit_config/share/ur10_camera_gripper_moveit_config/package.bash'
[0.999s] INFO:colcon.colcon_core.shell:Creating package script '/home/user/research_ws/ur10_pick_place_ws/install/ur10_camera_gripper_moveit_config/share/ur10_camera_gripper_moveit_config/package.zsh'
[0.999s] Level 1:colcon.colcon_core.environment:create_file_with_runtime_dependencies(/home/user/research_ws/ur10_pick_place_ws/install/ur10_camera_gripper_moveit_config/share/colcon-core/packages/ur10_camera_gripper_moveit_config)
[1.000s] Level 1:colcon.colcon_core.environment:create_environment_scripts_only(ur10_camera_gripper_moveit_config)
[1.000s] Level 1:colcon.colcon_core.environment:checking '/home/user/research_ws/ur10_pick_place_ws/install/ur10_camera_gripper_moveit_config' for CMake module files
[1.000s] Level 1:colcon.colcon_core.environment:checking '/home/user/research_ws/ur10_pick_place_ws/install/ur10_camera_gripper_moveit_config' for CMake config files
[1.000s] Level 1:colcon.colcon_core.shell:create_environment_hook('ur10_camera_gripper_moveit_config', 'cmake_prefix_path')
[1.000s] INFO:colcon.colcon_core.shell:Creating environment hook '/home/user/research_ws/ur10_pick_place_ws/install/ur10_camera_gripper_moveit_config/share/ur10_camera_gripper_moveit_config/hook/cmake_prefix_path.ps1'
[1.001s] INFO:colcon.colcon_core.shell:Creating environment descriptor '/home/user/research_ws/ur10_pick_place_ws/install/ur10_camera_gripper_moveit_config/share/ur10_camera_gripper_moveit_config/hook/cmake_prefix_path.dsv'
[1.001s] INFO:colcon.colcon_core.shell:Creating environment hook '/home/user/research_ws/ur10_pick_place_ws/install/ur10_camera_gripper_moveit_config/share/ur10_camera_gripper_moveit_config/hook/cmake_prefix_path.sh'
[1.001s] Level 1:colcon.colcon_core.environment:checking '/home/user/research_ws/ur10_pick_place_ws/install/ur10_camera_gripper_moveit_config/bin'
[1.001s] Level 1:colcon.colcon_core.environment:checking '/home/user/research_ws/ur10_pick_place_ws/install/ur10_camera_gripper_moveit_config/lib/pkgconfig/ur10_camera_gripper_moveit_config.pc'
[1.002s] Level 1:colcon.colcon_core.environment:checking '/home/user/research_ws/ur10_pick_place_ws/install/ur10_camera_gripper_moveit_config/lib/python3.10/site-packages'
[1.002s] Level 1:colcon.colcon_core.environment:checking '/home/user/research_ws/ur10_pick_place_ws/install/ur10_camera_gripper_moveit_config/bin'
[1.002s] INFO:colcon.colcon_core.shell:Creating package script '/home/user/research_ws/ur10_pick_place_ws/install/ur10_camera_gripper_moveit_config/share/ur10_camera_gripper_moveit_config/package.ps1'
[1.003s] INFO:colcon.colcon_core.shell:Creating package descriptor '/home/user/research_ws/ur10_pick_place_ws/install/ur10_camera_gripper_moveit_config/share/ur10_camera_gripper_moveit_config/package.dsv'
[1.003s] INFO:colcon.colcon_core.shell:Creating package script '/home/user/research_ws/ur10_pick_place_ws/install/ur10_camera_gripper_moveit_config/share/ur10_camera_gripper_moveit_config/package.sh'
[1.003s] INFO:colcon.colcon_core.shell:Creating package script '/home/user/research_ws/ur10_pick_place_ws/install/ur10_camera_gripper_moveit_config/share/ur10_camera_gripper_moveit_config/package.bash'
[1.004s] INFO:colcon.colcon_core.shell:Creating package script '/home/user/research_ws/ur10_pick_place_ws/install/ur10_camera_gripper_moveit_config/share/ur10_camera_gripper_moveit_config/package.zsh'
[1.004s] Level 1:colcon.colcon_core.environment:create_file_with_runtime_dependencies(/home/user/research_ws/ur10_pick_place_ws/install/ur10_camera_gripper_moveit_config/share/colcon-core/packages/ur10_camera_gripper_moveit_config)
[1.004s] DEBUG:colcon.colcon_parallel_executor.executor.parallel:closing loop
[1.004s] DEBUG:colcon.colcon_parallel_executor.executor.parallel:loop closed
[1.004s] DEBUG:colcon.colcon_parallel_executor.executor.parallel:run_until_complete finished with '0'
[1.004s] DEBUG:colcon.colcon_core.event_reactor:joining thread
[1.009s] INFO:colcon.colcon_core.plugin_system:Skipping extension 'colcon_notification.desktop_notification.terminal_notifier': Not used on non-Darwin systems
[1.010s] INFO:colcon.colcon_core.plugin_system:Skipping extension 'colcon_notification.desktop_notification.win32': Not used on non-Windows systems
[1.010s] INFO:colcon.colcon_notification.desktop_notification:Sending desktop notification using 'notify2'
[1.031s] DEBUG:colcon.colcon_core.event_reactor:joined thread
[1.032s] INFO:colcon.colcon_core.shell:Creating prefix script '/home/user/research_ws/ur10_pick_place_ws/install/local_setup.ps1'
[1.033s] INFO:colcon.colcon_core.shell:Creating prefix util module '/home/user/research_ws/ur10_pick_place_ws/install/_local_setup_util_ps1.py'
[1.034s] INFO:colcon.colcon_core.shell:Creating prefix chain script '/home/user/research_ws/ur10_pick_place_ws/install/setup.ps1'
[1.035s] INFO:colcon.colcon_core.shell:Creating prefix script '/home/user/research_ws/ur10_pick_place_ws/install/local_setup.sh'
[1.035s] INFO:colcon.colcon_core.shell:Creating prefix util module '/home/user/research_ws/ur10_pick_place_ws/install/_local_setup_util_sh.py'
[1.035s] INFO:colcon.colcon_core.shell:Creating prefix chain script '/home/user/research_ws/ur10_pick_place_ws/install/setup.sh'
[1.036s] INFO:colcon.colcon_core.shell:Creating prefix script '/home/user/research_ws/ur10_pick_place_ws/install/local_setup.bash'
[1.037s] INFO:colcon.colcon_core.shell:Creating prefix chain script '/home/user/research_ws/ur10_pick_place_ws/install/setup.bash'
[1.038s] INFO:colcon.colcon_core.shell:Creating prefix script '/home/user/research_ws/ur10_pick_place_ws/install/local_setup.zsh'
[1.039s] INFO:colcon.colcon_core.shell:Creating prefix chain script '/home/user/research_ws/ur10_pick_place_ws/install/setup.zsh'
