[0.281s] colcon DEBUG Command line arguments: ['/usr/bin/colcon', 'build', '--cmake-args', '-DCMAKE_BUILD_TYPE=Release']
[0.281s] colcon DEBUG Parsed command line arguments: Namespace(log_base=None, log_level=None, verb_name='build', build_base='build', install_base='install', merge_install=False, symlink_install=False, test_result_base=None, continue_on_error=False, executor='parallel', parallel_workers=12, event_handlers=None, ignore_user_meta=False, metas=['./colcon.meta'], base_paths=['.'], packages_ignore=None, packages_ignore_regex=None, paths=None, packages_up_to=None, packages_up_to_regex=None, packages_above=None, packages_above_and_dependencies=None, packages_above_depth=None, packages_select_by_dep=None, packages_skip_by_dep=None, packages_skip_up_to=None, packages_select_build_failed=False, packages_skip_build_finished=False, packages_select_test_failures=False, packages_skip_test_passed=False, packages_select=None, packages_skip=None, packages_select_regex=None, packages_skip_regex=None, packages_start=None, packages_end=None, allow_overriding=[], cmake_args=['-DCMAKE_BUILD_TYPE=Release'], cmake_target=None, cmake_target_skip_unavailable=False, cmake_clean_cache=False, cmake_clean_first=False, cmake_force_configure=False, ament_cmake_args=None, catkin_cmake_args=None, catkin_skip_building_tests=False, mixin_files=None, mixin=None, verb_parser=<colcon_mixin.mixin.mixin_argument.MixinArgumentDecorator object at 0xffff86b24640>, verb_extension=<colcon_core.verb.build.BuildVerb object at 0xffff86b24070>, main=<bound method BuildVerb.main of <colcon_core.verb.build.BuildVerb object at 0xffff86b24070>>, mixin_verb=('build',))
[0.756s] colcon.colcon_core.package_discovery Level 1 discover_packages(colcon_meta) check parameters
[0.756s] colcon.colcon_core.package_discovery Level 1 discover_packages(recursive) check parameters
[0.756s] colcon.colcon_core.package_discovery Level 1 discover_packages(ignore) check parameters
[0.756s] colcon.colcon_core.package_discovery Level 1 discover_packages(path) check parameters
[0.756s] colcon.colcon_core.package_discovery Level 1 discover_packages(colcon_meta) discover
[0.756s] colcon.colcon_core.package_discovery Level 1 discover_packages(recursive) discover
[0.757s] colcon.colcon_core.package_discovery INFO Crawling recursively for packages in '/home/ubuntu/research_ws/ur10_pick_place_ws'
[0.757s] colcon.colcon_core.package_identification Level 1 _identify(.) by extensions ['ignore', 'ignore_ament_install']
[0.757s] colcon.colcon_core.package_identification Level 1 _identify(.) by extension 'ignore'
[0.757s] colcon.colcon_core.package_identification Level 1 _identify(.) by extension 'ignore_ament_install'
[0.757s] colcon.colcon_core.package_identification Level 1 _identify(.) by extensions ['colcon_pkg']
[0.757s] colcon.colcon_core.package_identification Level 1 _identify(.) by extension 'colcon_pkg'
[0.758s] colcon.colcon_core.package_identification Level 1 _identify(.) by extensions ['colcon_meta']
[0.758s] colcon.colcon_core.package_identification Level 1 _identify(.) by extension 'colcon_meta'
[0.758s] colcon.colcon_core.package_identification Level 1 _identify(.) by extensions ['ros']
[0.758s] colcon.colcon_core.package_identification Level 1 _identify(.) by extension 'ros'
[0.780s] colcon.colcon_core.package_identification Level 1 _identify(.) by extensions ['cmake', 'python']
[0.781s] colcon.colcon_core.package_identification Level 1 _identify(.) by extension 'cmake'
[0.781s] colcon.colcon_core.package_identification Level 1 _identify(.) by extension 'python'
[0.781s] colcon.colcon_core.package_identification Level 1 _identify(.) by extensions ['python_setup_py']
[0.781s] colcon.colcon_core.package_identification Level 1 _identify(.) by extension 'python_setup_py'
[0.781s] colcon.colcon_core.package_identification Level 1 _identify(build) by extensions ['ignore', 'ignore_ament_install']
[0.781s] colcon.colcon_core.package_identification Level 1 _identify(build) by extension 'ignore'
[0.782s] colcon.colcon_core.package_identification Level 1 _identify(build) ignored
[0.782s] colcon.colcon_core.package_identification Level 1 _identify(install) by extensions ['ignore', 'ignore_ament_install']
[0.782s] colcon.colcon_core.package_identification Level 1 _identify(install) by extension 'ignore'
[0.782s] colcon.colcon_core.package_identification Level 1 _identify(install) ignored
[0.782s] colcon.colcon_core.package_identification Level 1 _identify(log) by extensions ['ignore', 'ignore_ament_install']
[0.783s] colcon.colcon_core.package_identification Level 1 _identify(log) by extension 'ignore'
[0.783s] colcon.colcon_core.package_identification Level 1 _identify(log) ignored
[0.783s] colcon.colcon_core.package_identification Level 1 _identify(src) by extensions ['ignore', 'ignore_ament_install']
[0.783s] colcon.colcon_core.package_identification Level 1 _identify(src) by extension 'ignore'
[0.783s] colcon.colcon_core.package_identification Level 1 _identify(src) by extension 'ignore_ament_install'
[0.783s] colcon.colcon_core.package_identification Level 1 _identify(src) by extensions ['colcon_pkg']
[0.783s] colcon.colcon_core.package_identification Level 1 _identify(src) by extension 'colcon_pkg'
[0.784s] colcon.colcon_core.package_identification Level 1 _identify(src) by extensions ['colcon_meta']
[0.784s] colcon.colcon_core.package_identification Level 1 _identify(src) by extension 'colcon_meta'
[0.784s] colcon.colcon_core.package_identification Level 1 _identify(src) by extensions ['ros']
[0.784s] colcon.colcon_core.package_identification Level 1 _identify(src) by extension 'ros'
[0.784s] colcon.colcon_core.package_identification Level 1 _identify(src) by extensions ['cmake', 'python']
[0.784s] colcon.colcon_core.package_identification Level 1 _identify(src) by extension 'cmake'
[0.784s] colcon.colcon_core.package_identification Level 1 _identify(src) by extension 'python'
[0.784s] colcon.colcon_core.package_identification Level 1 _identify(src) by extensions ['python_setup_py']
[0.784s] colcon.colcon_core.package_identification Level 1 _identify(src) by extension 'python_setup_py'
[0.784s] colcon.colcon_core.package_identification Level 1 _identify(src/Universal_Robots_ROS2_Gazebo_Simulation) by extensions ['ignore', 'ignore_ament_install']
[0.785s] colcon.colcon_core.package_identification Level 1 _identify(src/Universal_Robots_ROS2_Gazebo_Simulation) by extension 'ignore'
[0.785s] colcon.colcon_core.package_identification Level 1 _identify(src/Universal_Robots_ROS2_Gazebo_Simulation) by extension 'ignore_ament_install'
[0.785s] colcon.colcon_core.package_identification Level 1 _identify(src/Universal_Robots_ROS2_Gazebo_Simulation) by extensions ['colcon_pkg']
[0.785s] colcon.colcon_core.package_identification Level 1 _identify(src/Universal_Robots_ROS2_Gazebo_Simulation) by extension 'colcon_pkg'
[0.785s] colcon.colcon_core.package_identification Level 1 _identify(src/Universal_Robots_ROS2_Gazebo_Simulation) by extensions ['colcon_meta']
[0.785s] colcon.colcon_core.package_identification Level 1 _identify(src/Universal_Robots_ROS2_Gazebo_Simulation) by extension 'colcon_meta'
[0.785s] colcon.colcon_core.package_identification Level 1 _identify(src/Universal_Robots_ROS2_Gazebo_Simulation) by extensions ['ros']
[0.785s] colcon.colcon_core.package_identification Level 1 _identify(src/Universal_Robots_ROS2_Gazebo_Simulation) by extension 'ros'
[0.785s] colcon.colcon_core.package_identification Level 1 _identify(src/Universal_Robots_ROS2_Gazebo_Simulation) by extensions ['cmake', 'python']
[0.786s] colcon.colcon_core.package_identification Level 1 _identify(src/Universal_Robots_ROS2_Gazebo_Simulation) by extension 'cmake'
[0.786s] colcon.colcon_core.package_identification Level 1 _identify(src/Universal_Robots_ROS2_Gazebo_Simulation) by extension 'python'
[0.786s] colcon.colcon_core.package_identification Level 1 _identify(src/Universal_Robots_ROS2_Gazebo_Simulation) by extensions ['python_setup_py']
[0.786s] colcon.colcon_core.package_identification Level 1 _identify(src/Universal_Robots_ROS2_Gazebo_Simulation) by extension 'python_setup_py'
[0.786s] colcon.colcon_core.package_identification Level 1 _identify(src/Universal_Robots_ROS2_Gazebo_Simulation/ur_simulation_gazebo) by extensions ['ignore', 'ignore_ament_install']
[0.786s] colcon.colcon_core.package_identification Level 1 _identify(src/Universal_Robots_ROS2_Gazebo_Simulation/ur_simulation_gazebo) by extension 'ignore'
[0.786s] colcon.colcon_core.package_identification Level 1 _identify(src/Universal_Robots_ROS2_Gazebo_Simulation/ur_simulation_gazebo) by extension 'ignore_ament_install'
[0.786s] colcon.colcon_core.package_identification Level 1 _identify(src/Universal_Robots_ROS2_Gazebo_Simulation/ur_simulation_gazebo) by extensions ['colcon_pkg']
[0.786s] colcon.colcon_core.package_identification Level 1 _identify(src/Universal_Robots_ROS2_Gazebo_Simulation/ur_simulation_gazebo) by extension 'colcon_pkg'
[0.787s] colcon.colcon_core.package_identification Level 1 _identify(src/Universal_Robots_ROS2_Gazebo_Simulation/ur_simulation_gazebo) by extensions ['colcon_meta']
[0.787s] colcon.colcon_core.package_identification Level 1 _identify(src/Universal_Robots_ROS2_Gazebo_Simulation/ur_simulation_gazebo) by extension 'colcon_meta'
[0.787s] colcon.colcon_core.package_identification Level 1 _identify(src/Universal_Robots_ROS2_Gazebo_Simulation/ur_simulation_gazebo) by extensions ['ros']
[0.787s] colcon.colcon_core.package_identification Level 1 _identify(src/Universal_Robots_ROS2_Gazebo_Simulation/ur_simulation_gazebo) by extension 'ros'
[0.794s] colcon.colcon_core.package_identification DEBUG Package 'src/Universal_Robots_ROS2_Gazebo_Simulation/ur_simulation_gazebo' with type 'ros.ament_cmake' and name 'ur_simulation_gazebo'
[0.795s] colcon.colcon_core.package_identification Level 1 _identify(src/grasp_executor) by extensions ['ignore', 'ignore_ament_install']
[0.795s] colcon.colcon_core.package_identification Level 1 _identify(src/grasp_executor) by extension 'ignore'
[0.795s] colcon.colcon_core.package_identification Level 1 _identify(src/grasp_executor) by extension 'ignore_ament_install'
[0.795s] colcon.colcon_core.package_identification Level 1 _identify(src/grasp_executor) by extensions ['colcon_pkg']
[0.795s] colcon.colcon_core.package_identification Level 1 _identify(src/grasp_executor) by extension 'colcon_pkg'
[0.795s] colcon.colcon_core.package_identification Level 1 _identify(src/grasp_executor) by extensions ['colcon_meta']
[0.796s] colcon.colcon_core.package_identification Level 1 _identify(src/grasp_executor) by extension 'colcon_meta'
[0.796s] colcon.colcon_core.package_identification Level 1 _identify(src/grasp_executor) by extensions ['ros']
[0.796s] colcon.colcon_core.package_identification Level 1 _identify(src/grasp_executor) by extension 'ros'
[0.797s] colcon.colcon_core.package_identification DEBUG Package 'src/grasp_executor' with type 'ros.ament_python' and name 'grasp_executor'
[0.797s] colcon.colcon_core.package_identification Level 1 _identify(src/linkattacher_msgs) by extensions ['ignore', 'ignore_ament_install']
[0.798s] colcon.colcon_core.package_identification Level 1 _identify(src/linkattacher_msgs) by extension 'ignore'
[0.798s] colcon.colcon_core.package_identification Level 1 _identify(src/linkattacher_msgs) by extension 'ignore_ament_install'
[0.798s] colcon.colcon_core.package_identification Level 1 _identify(src/linkattacher_msgs) by extensions ['colcon_pkg']
[0.798s] colcon.colcon_core.package_identification Level 1 _identify(src/linkattacher_msgs) by extension 'colcon_pkg'
[0.798s] colcon.colcon_core.package_identification Level 1 _identify(src/linkattacher_msgs) by extensions ['colcon_meta']
[0.798s] colcon.colcon_core.package_identification Level 1 _identify(src/linkattacher_msgs) by extension 'colcon_meta'
[0.798s] colcon.colcon_core.package_identification Level 1 _identify(src/linkattacher_msgs) by extensions ['ros']
[0.798s] colcon.colcon_core.package_identification Level 1 _identify(src/linkattacher_msgs) by extension 'ros'
[0.799s] colcon.colcon_core.package_identification DEBUG Package 'src/linkattacher_msgs' with type 'ros.ament_cmake' and name 'linkattacher_msgs'
[0.800s] colcon.colcon_core.package_identification Level 1 _identify(src/linkattacher_plugin) by extensions ['ignore', 'ignore_ament_install']
[0.800s] colcon.colcon_core.package_identification Level 1 _identify(src/linkattacher_plugin) by extension 'ignore'
[0.800s] colcon.colcon_core.package_identification Level 1 _identify(src/linkattacher_plugin) by extension 'ignore_ament_install'
[0.800s] colcon.colcon_core.package_identification Level 1 _identify(src/linkattacher_plugin) by extensions ['colcon_pkg']
[0.800s] colcon.colcon_core.package_identification Level 1 _identify(src/linkattacher_plugin) by extension 'colcon_pkg'
[0.800s] colcon.colcon_core.package_identification Level 1 _identify(src/linkattacher_plugin) by extensions ['colcon_meta']
[0.800s] colcon.colcon_core.package_identification Level 1 _identify(src/linkattacher_plugin) by extension 'colcon_meta'
[0.800s] colcon.colcon_core.package_identification Level 1 _identify(src/linkattacher_plugin) by extensions ['ros']
[0.800s] colcon.colcon_core.package_identification Level 1 _identify(src/linkattacher_plugin) by extension 'ros'
[0.802s] colcon.colcon_core.package_identification DEBUG Package 'src/linkattacher_plugin' with type 'ros.ament_cmake' and name 'ros2_linkattacher'
[0.802s] colcon.colcon_core.package_identification Level 1 _identify(src/ros2_robotiq_3f_gripper) by extensions ['ignore', 'ignore_ament_install']
[0.802s] colcon.colcon_core.package_identification Level 1 _identify(src/ros2_robotiq_3f_gripper) by extension 'ignore'
[0.803s] colcon.colcon_core.package_identification Level 1 _identify(src/ros2_robotiq_3f_gripper) by extension 'ignore_ament_install'
[0.803s] colcon.colcon_core.package_identification Level 1 _identify(src/ros2_robotiq_3f_gripper) by extensions ['colcon_pkg']
[0.803s] colcon.colcon_core.package_identification Level 1 _identify(src/ros2_robotiq_3f_gripper) by extension 'colcon_pkg'
[0.803s] colcon.colcon_core.package_identification Level 1 _identify(src/ros2_robotiq_3f_gripper) by extensions ['colcon_meta']
[0.803s] colcon.colcon_core.package_identification Level 1 _identify(src/ros2_robotiq_3f_gripper) by extension 'colcon_meta'
[0.803s] colcon.colcon_core.package_identification Level 1 _identify(src/ros2_robotiq_3f_gripper) by extensions ['ros']
[0.803s] colcon.colcon_core.package_identification Level 1 _identify(src/ros2_robotiq_3f_gripper) by extension 'ros'
[0.803s] colcon.colcon_core.package_identification Level 1 _identify(src/ros2_robotiq_3f_gripper) by extensions ['cmake', 'python']
[0.803s] colcon.colcon_core.package_identification Level 1 _identify(src/ros2_robotiq_3f_gripper) by extension 'cmake'
[0.803s] colcon.colcon_core.package_identification Level 1 _identify(src/ros2_robotiq_3f_gripper) by extension 'python'
[0.804s] colcon.colcon_core.package_identification Level 1 _identify(src/ros2_robotiq_3f_gripper) by extensions ['python_setup_py']
[0.804s] colcon.colcon_core.package_identification Level 1 _identify(src/ros2_robotiq_3f_gripper) by extension 'python_setup_py'
[0.804s] colcon.colcon_core.package_identification Level 1 _identify(src/ros2_robotiq_3f_gripper/robotiq_3f_description) by extensions ['ignore', 'ignore_ament_install']
[0.804s] colcon.colcon_core.package_identification Level 1 _identify(src/ros2_robotiq_3f_gripper/robotiq_3f_description) by extension 'ignore'
[0.804s] colcon.colcon_core.package_identification Level 1 _identify(src/ros2_robotiq_3f_gripper/robotiq_3f_description) by extension 'ignore_ament_install'
[0.804s] colcon.colcon_core.package_identification Level 1 _identify(src/ros2_robotiq_3f_gripper/robotiq_3f_description) by extensions ['colcon_pkg']
[0.804s] colcon.colcon_core.package_identification Level 1 _identify(src/ros2_robotiq_3f_gripper/robotiq_3f_description) by extension 'colcon_pkg'
[0.804s] colcon.colcon_core.package_identification Level 1 _identify(src/ros2_robotiq_3f_gripper/robotiq_3f_description) by extensions ['colcon_meta']
[0.805s] colcon.colcon_core.package_identification Level 1 _identify(src/ros2_robotiq_3f_gripper/robotiq_3f_description) by extension 'colcon_meta'
[0.805s] colcon.colcon_core.package_identification Level 1 _identify(src/ros2_robotiq_3f_gripper/robotiq_3f_description) by extensions ['ros']
[0.805s] colcon.colcon_core.package_identification Level 1 _identify(src/ros2_robotiq_3f_gripper/robotiq_3f_description) by extension 'ros'
[0.806s] colcon.colcon_core.package_identification DEBUG Package 'src/ros2_robotiq_3f_gripper/robotiq_3f_description' with type 'ros.ament_cmake' and name 'robotiq_3f_description'
[0.806s] colcon.colcon_core.package_identification Level 1 _identify(src/ros2_robotiq_3f_gripper/robotiq_3f_driver) by extensions ['ignore', 'ignore_ament_install']
[0.806s] colcon.colcon_core.package_identification Level 1 _identify(src/ros2_robotiq_3f_gripper/robotiq_3f_driver) by extension 'ignore'
[0.806s] colcon.colcon_core.package_identification Level 1 _identify(src/ros2_robotiq_3f_gripper/robotiq_3f_driver) ignored
[0.806s] colcon.colcon_core.package_identification Level 1 _identify(src/ros2_robotiq_3f_gripper/robotiq_3f_hardware_tests) by extensions ['ignore', 'ignore_ament_install']
[0.807s] colcon.colcon_core.package_identification Level 1 _identify(src/ros2_robotiq_3f_gripper/robotiq_3f_hardware_tests) by extension 'ignore'
[0.807s] colcon.colcon_core.package_identification Level 1 _identify(src/ros2_robotiq_3f_gripper/robotiq_3f_hardware_tests) ignored
[0.807s] colcon.colcon_core.package_identification Level 1 _identify(src/ros2_robotiq_3f_gripper/robotiq_3f_interfaces) by extensions ['ignore', 'ignore_ament_install']
[0.807s] colcon.colcon_core.package_identification Level 1 _identify(src/ros2_robotiq_3f_gripper/robotiq_3f_interfaces) by extension 'ignore'
[0.807s] colcon.colcon_core.package_identification Level 1 _identify(src/ros2_robotiq_3f_gripper/robotiq_3f_interfaces) by extension 'ignore_ament_install'
[0.807s] colcon.colcon_core.package_identification Level 1 _identify(src/ros2_robotiq_3f_gripper/robotiq_3f_interfaces) by extensions ['colcon_pkg']
[0.807s] colcon.colcon_core.package_identification Level 1 _identify(src/ros2_robotiq_3f_gripper/robotiq_3f_interfaces) by extension 'colcon_pkg'
[0.808s] colcon.colcon_core.package_identification Level 1 _identify(src/ros2_robotiq_3f_gripper/robotiq_3f_interfaces) by extensions ['colcon_meta']
[0.808s] colcon.colcon_core.package_identification Level 1 _identify(src/ros2_robotiq_3f_gripper/robotiq_3f_interfaces) by extension 'colcon_meta'
[0.808s] colcon.colcon_core.package_identification Level 1 _identify(src/ros2_robotiq_3f_gripper/robotiq_3f_interfaces) by extensions ['ros']
[0.808s] colcon.colcon_core.package_identification Level 1 _identify(src/ros2_robotiq_3f_gripper/robotiq_3f_interfaces) by extension 'ros'
[0.809s] colcon.colcon_core.package_identification DEBUG Package 'src/ros2_robotiq_3f_gripper/robotiq_3f_interfaces' with type 'ros.ament_cmake' and name 'robotiq_3f_interfaces'
[0.809s] colcon.colcon_core.package_identification Level 1 _identify(src/ros2_robotiq_3f_gripper/robotiq_3f_transmission_plugins) by extensions ['ignore', 'ignore_ament_install']
[0.809s] colcon.colcon_core.package_identification Level 1 _identify(src/ros2_robotiq_3f_gripper/robotiq_3f_transmission_plugins) by extension 'ignore'
[0.809s] colcon.colcon_core.package_identification Level 1 _identify(src/ros2_robotiq_3f_gripper/robotiq_3f_transmission_plugins) ignored
[0.810s] colcon.colcon_core.package_identification Level 1 _identify(src/ros2_robotiq_gripper) by extensions ['ignore', 'ignore_ament_install']
[0.810s] colcon.colcon_core.package_identification Level 1 _identify(src/ros2_robotiq_gripper) by extension 'ignore'
[0.810s] colcon.colcon_core.package_identification Level 1 _identify(src/ros2_robotiq_gripper) by extension 'ignore_ament_install'
[0.810s] colcon.colcon_core.package_identification Level 1 _identify(src/ros2_robotiq_gripper) by extensions ['colcon_pkg']
[0.810s] colcon.colcon_core.package_identification Level 1 _identify(src/ros2_robotiq_gripper) by extension 'colcon_pkg'
[0.810s] colcon.colcon_core.package_identification Level 1 _identify(src/ros2_robotiq_gripper) by extensions ['colcon_meta']
[0.810s] colcon.colcon_core.package_identification Level 1 _identify(src/ros2_robotiq_gripper) by extension 'colcon_meta'
[0.810s] colcon.colcon_core.package_identification Level 1 _identify(src/ros2_robotiq_gripper) by extensions ['ros']
[0.811s] colcon.colcon_core.package_identification Level 1 _identify(src/ros2_robotiq_gripper) by extension 'ros'
[0.811s] colcon.colcon_core.package_identification Level 1 _identify(src/ros2_robotiq_gripper) by extensions ['cmake', 'python']
[0.811s] colcon.colcon_core.package_identification Level 1 _identify(src/ros2_robotiq_gripper) by extension 'cmake'
[0.811s] colcon.colcon_core.package_identification Level 1 _identify(src/ros2_robotiq_gripper) by extension 'python'
[0.811s] colcon.colcon_core.package_identification Level 1 _identify(src/ros2_robotiq_gripper) by extensions ['python_setup_py']
[0.811s] colcon.colcon_core.package_identification Level 1 _identify(src/ros2_robotiq_gripper) by extension 'python_setup_py'
[0.811s] colcon.colcon_core.package_identification Level 1 _identify(src/ros2_robotiq_gripper/robotiq_controllers) by extensions ['ignore', 'ignore_ament_install']
[0.811s] colcon.colcon_core.package_identification Level 1 _identify(src/ros2_robotiq_gripper/robotiq_controllers) by extension 'ignore'
[0.812s] colcon.colcon_core.package_identification Level 1 _identify(src/ros2_robotiq_gripper/robotiq_controllers) by extension 'ignore_ament_install'
[0.812s] colcon.colcon_core.package_identification Level 1 _identify(src/ros2_robotiq_gripper/robotiq_controllers) by extensions ['colcon_pkg']
[0.812s] colcon.colcon_core.package_identification Level 1 _identify(src/ros2_robotiq_gripper/robotiq_controllers) by extension 'colcon_pkg'
[0.812s] colcon.colcon_core.package_identification Level 1 _identify(src/ros2_robotiq_gripper/robotiq_controllers) by extensions ['colcon_meta']
[0.812s] colcon.colcon_core.package_identification Level 1 _identify(src/ros2_robotiq_gripper/robotiq_controllers) by extension 'colcon_meta'
[0.812s] colcon.colcon_core.package_identification Level 1 _identify(src/ros2_robotiq_gripper/robotiq_controllers) by extensions ['ros']
[0.812s] colcon.colcon_core.package_identification Level 1 _identify(src/ros2_robotiq_gripper/robotiq_controllers) by extension 'ros'
[0.813s] colcon.colcon_core.package_identification DEBUG Package 'src/ros2_robotiq_gripper/robotiq_controllers' with type 'ros.ament_cmake' and name 'robotiq_controllers'
[0.814s] colcon.colcon_core.package_identification Level 1 _identify(src/ros2_robotiq_gripper/robotiq_description) by extensions ['ignore', 'ignore_ament_install']
[0.814s] colcon.colcon_core.package_identification Level 1 _identify(src/ros2_robotiq_gripper/robotiq_description) by extension 'ignore'
[0.814s] colcon.colcon_core.package_identification Level 1 _identify(src/ros2_robotiq_gripper/robotiq_description) by extension 'ignore_ament_install'
[0.814s] colcon.colcon_core.package_identification Level 1 _identify(src/ros2_robotiq_gripper/robotiq_description) by extensions ['colcon_pkg']
[0.814s] colcon.colcon_core.package_identification Level 1 _identify(src/ros2_robotiq_gripper/robotiq_description) by extension 'colcon_pkg'
[0.814s] colcon.colcon_core.package_identification Level 1 _identify(src/ros2_robotiq_gripper/robotiq_description) by extensions ['colcon_meta']
[0.814s] colcon.colcon_core.package_identification Level 1 _identify(src/ros2_robotiq_gripper/robotiq_description) by extension 'colcon_meta'
[0.814s] colcon.colcon_core.package_identification Level 1 _identify(src/ros2_robotiq_gripper/robotiq_description) by extensions ['ros']
[0.814s] colcon.colcon_core.package_identification Level 1 _identify(src/ros2_robotiq_gripper/robotiq_description) by extension 'ros'
[0.816s] colcon.colcon_core.package_identification DEBUG Package 'src/ros2_robotiq_gripper/robotiq_description' with type 'ros.ament_cmake' and name 'robotiq_description'
[0.816s] colcon.colcon_core.package_identification Level 1 _identify(src/ur10_camera_gripper_moveit_config) by extensions ['ignore', 'ignore_ament_install']
[0.816s] colcon.colcon_core.package_identification Level 1 _identify(src/ur10_camera_gripper_moveit_config) by extension 'ignore'
[0.817s] colcon.colcon_core.package_identification Level 1 _identify(src/ur10_camera_gripper_moveit_config) by extension 'ignore_ament_install'
[0.817s] colcon.colcon_core.package_identification Level 1 _identify(src/ur10_camera_gripper_moveit_config) by extensions ['colcon_pkg']
[0.817s] colcon.colcon_core.package_identification Level 1 _identify(src/ur10_camera_gripper_moveit_config) by extension 'colcon_pkg'
[0.817s] colcon.colcon_core.package_identification Level 1 _identify(src/ur10_camera_gripper_moveit_config) by extensions ['colcon_meta']
[0.817s] colcon.colcon_core.package_identification Level 1 _identify(src/ur10_camera_gripper_moveit_config) by extension 'colcon_meta'
[0.817s] colcon.colcon_core.package_identification Level 1 _identify(src/ur10_camera_gripper_moveit_config) by extensions ['ros']
[0.817s] colcon.colcon_core.package_identification Level 1 _identify(src/ur10_camera_gripper_moveit_config) by extension 'ros'
[0.819s] colcon.colcon_core.package_identification DEBUG Package 'src/ur10_camera_gripper_moveit_config' with type 'ros.ament_cmake' and name 'ur10_camera_gripper_moveit_config'
[0.819s] colcon.colcon_core.package_identification Level 1 _identify(src/ur10_camera_moveit_config) by extensions ['ignore', 'ignore_ament_install']
[0.819s] colcon.colcon_core.package_identification Level 1 _identify(src/ur10_camera_moveit_config) by extension 'ignore'
[0.819s] colcon.colcon_core.package_identification Level 1 _identify(src/ur10_camera_moveit_config) ignored
[0.819s] colcon.colcon_core.package_identification Level 1 _identify(src/ur10_pick_place) by extensions ['ignore', 'ignore_ament_install']
[0.820s] colcon.colcon_core.package_identification Level 1 _identify(src/ur10_pick_place) by extension 'ignore'
[0.820s] colcon.colcon_core.package_identification Level 1 _identify(src/ur10_pick_place) by extension 'ignore_ament_install'
[0.820s] colcon.colcon_core.package_identification Level 1 _identify(src/ur10_pick_place) by extensions ['colcon_pkg']
[0.820s] colcon.colcon_core.package_identification Level 1 _identify(src/ur10_pick_place) by extension 'colcon_pkg'
[0.820s] colcon.colcon_core.package_identification Level 1 _identify(src/ur10_pick_place) by extensions ['colcon_meta']
[0.820s] colcon.colcon_core.package_identification Level 1 _identify(src/ur10_pick_place) by extension 'colcon_meta'
[0.820s] colcon.colcon_core.package_identification Level 1 _identify(src/ur10_pick_place) by extensions ['ros']
[0.820s] colcon.colcon_core.package_identification Level 1 _identify(src/ur10_pick_place) by extension 'ros'
[0.822s] colcon.colcon_core.package_identification DEBUG Package 'src/ur10_pick_place' with type 'ros.ament_cmake' and name 'ur10_pick_place'
[0.822s] colcon.colcon_core.package_identification Level 1 _identify(src/ur_yt_sim) by extensions ['ignore', 'ignore_ament_install']
[0.822s] colcon.colcon_core.package_identification Level 1 _identify(src/ur_yt_sim) by extension 'ignore'
[0.822s] colcon.colcon_core.package_identification Level 1 _identify(src/ur_yt_sim) by extension 'ignore_ament_install'
[0.822s] colcon.colcon_core.package_identification Level 1 _identify(src/ur_yt_sim) by extensions ['colcon_pkg']
[0.822s] colcon.colcon_core.package_identification Level 1 _identify(src/ur_yt_sim) by extension 'colcon_pkg'
[0.822s] colcon.colcon_core.package_identification Level 1 _identify(src/ur_yt_sim) by extensions ['colcon_meta']
[0.822s] colcon.colcon_core.package_identification Level 1 _identify(src/ur_yt_sim) by extension 'colcon_meta'
[0.823s] colcon.colcon_core.package_identification Level 1 _identify(src/ur_yt_sim) by extensions ['ros']
[0.823s] colcon.colcon_core.package_identification Level 1 _identify(src/ur_yt_sim) by extension 'ros'
[0.824s] colcon.colcon_core.package_identification DEBUG Package 'src/ur_yt_sim' with type 'ros.ament_cmake' and name 'ur_yt_sim'
[0.824s] colcon.colcon_core.package_discovery Level 1 discover_packages(recursive) using defaults
[0.825s] colcon.colcon_core.package_discovery Level 1 discover_packages(ignore) discover
[0.825s] colcon.colcon_core.package_discovery Level 1 discover_packages(ignore) using defaults
[0.825s] colcon.colcon_core.package_discovery Level 1 discover_packages(path) discover
[0.825s] colcon.colcon_core.package_discovery Level 1 discover_packages(path) using defaults
[0.862s] colcon.colcon_core.package_discovery Level 1 discover_packages(prefix_path) check parameters
[0.862s] colcon.colcon_core.package_discovery Level 1 discover_packages(prefix_path) discover
[0.867s] colcon.colcon_installed_package_information.package_discovery DEBUG Found 11 installed packages in /home/ubuntu/ur_camera_ws/install
[0.868s] colcon.colcon_installed_package_information.package_discovery DEBUG Found 0 installed packages in /home/ubuntu/ur10_sim_ws/install
[0.871s] colcon.colcon_installed_package_information.package_discovery DEBUG Found 450 installed packages in /opt/ros/humble
[0.877s] colcon.colcon_core.package_discovery Level 1 discover_packages(prefix_path) using defaults
[0.994s] colcon.colcon_core.verb Level 5 set package 'grasp_executor' build argument 'cmake_args' from command line to '['-DCMAKE_BUILD_TYPE=Release']'
[0.994s] colcon.colcon_core.verb Level 5 set package 'grasp_executor' build argument 'cmake_target' from command line to 'None'
[0.994s] colcon.colcon_core.verb Level 5 set package 'grasp_executor' build argument 'cmake_target_skip_unavailable' from command line to 'False'
[0.994s] colcon.colcon_core.verb Level 5 set package 'grasp_executor' build argument 'cmake_clean_cache' from command line to 'False'
[0.994s] colcon.colcon_core.verb Level 5 set package 'grasp_executor' build argument 'cmake_clean_first' from command line to 'False'
[0.994s] colcon.colcon_core.verb Level 5 set package 'grasp_executor' build argument 'cmake_force_configure' from command line to 'False'
[0.994s] colcon.colcon_core.verb Level 5 set package 'grasp_executor' build argument 'ament_cmake_args' from command line to 'None'
[0.995s] colcon.colcon_core.verb Level 5 set package 'grasp_executor' build argument 'catkin_cmake_args' from command line to 'None'
[0.995s] colcon.colcon_core.verb Level 5 set package 'grasp_executor' build argument 'catkin_skip_building_tests' from command line to 'False'
[0.995s] colcon.colcon_core.verb DEBUG Building package 'grasp_executor' with the following arguments: {'ament_cmake_args': None, 'build_base': '/home/ubuntu/research_ws/ur10_pick_place_ws/build/grasp_executor', 'catkin_cmake_args': None, 'catkin_skip_building_tests': False, 'cmake_args': ['-DCMAKE_BUILD_TYPE=Release'], 'cmake_clean_cache': False, 'cmake_clean_first': False, 'cmake_force_configure': False, 'cmake_target': None, 'cmake_target_skip_unavailable': False, 'install_base': '/home/ubuntu/research_ws/ur10_pick_place_ws/install/grasp_executor', 'merge_install': False, 'path': '/home/ubuntu/research_ws/ur10_pick_place_ws/src/grasp_executor', 'symlink_install': False, 'test_result_base': None}
[0.995s] colcon.colcon_core.verb Level 5 set package 'linkattacher_msgs' build argument 'cmake_args' from command line to '['-DCMAKE_BUILD_TYPE=Release']'
[0.996s] colcon.colcon_core.verb Level 5 set package 'linkattacher_msgs' build argument 'cmake_target' from command line to 'None'
[0.996s] colcon.colcon_core.verb Level 5 set package 'linkattacher_msgs' build argument 'cmake_target_skip_unavailable' from command line to 'False'
[0.996s] colcon.colcon_core.verb Level 5 set package 'linkattacher_msgs' build argument 'cmake_clean_cache' from command line to 'False'
[0.996s] colcon.colcon_core.verb Level 5 set package 'linkattacher_msgs' build argument 'cmake_clean_first' from command line to 'False'
[0.996s] colcon.colcon_core.verb Level 5 set package 'linkattacher_msgs' build argument 'cmake_force_configure' from command line to 'False'
[0.996s] colcon.colcon_core.verb Level 5 set package 'linkattacher_msgs' build argument 'ament_cmake_args' from command line to 'None'
[0.996s] colcon.colcon_core.verb Level 5 set package 'linkattacher_msgs' build argument 'catkin_cmake_args' from command line to 'None'
[0.996s] colcon.colcon_core.verb Level 5 set package 'linkattacher_msgs' build argument 'catkin_skip_building_tests' from command line to 'False'
[0.996s] colcon.colcon_core.verb DEBUG Building package 'linkattacher_msgs' with the following arguments: {'ament_cmake_args': None, 'build_base': '/home/ubuntu/research_ws/ur10_pick_place_ws/build/linkattacher_msgs', 'catkin_cmake_args': None, 'catkin_skip_building_tests': False, 'cmake_args': ['-DCMAKE_BUILD_TYPE=Release'], 'cmake_clean_cache': False, 'cmake_clean_first': False, 'cmake_force_configure': False, 'cmake_target': None, 'cmake_target_skip_unavailable': False, 'install_base': '/home/ubuntu/research_ws/ur10_pick_place_ws/install/linkattacher_msgs', 'merge_install': False, 'path': '/home/ubuntu/research_ws/ur10_pick_place_ws/src/linkattacher_msgs', 'symlink_install': False, 'test_result_base': None}
[0.997s] colcon.colcon_core.verb Level 5 set package 'robotiq_3f_description' build argument 'cmake_args' from command line to '['-DCMAKE_BUILD_TYPE=Release']'
[0.997s] colcon.colcon_core.verb Level 5 set package 'robotiq_3f_description' build argument 'cmake_target' from command line to 'None'
[0.997s] colcon.colcon_core.verb Level 5 set package 'robotiq_3f_description' build argument 'cmake_target_skip_unavailable' from command line to 'False'
[0.997s] colcon.colcon_core.verb Level 5 set package 'robotiq_3f_description' build argument 'cmake_clean_cache' from command line to 'False'
[0.997s] colcon.colcon_core.verb Level 5 set package 'robotiq_3f_description' build argument 'cmake_clean_first' from command line to 'False'
[0.997s] colcon.colcon_core.verb Level 5 set package 'robotiq_3f_description' build argument 'cmake_force_configure' from command line to 'False'
[0.997s] colcon.colcon_core.verb Level 5 set package 'robotiq_3f_description' build argument 'ament_cmake_args' from command line to 'None'
[0.997s] colcon.colcon_core.verb Level 5 set package 'robotiq_3f_description' build argument 'catkin_cmake_args' from command line to 'None'
[0.997s] colcon.colcon_core.verb Level 5 set package 'robotiq_3f_description' build argument 'catkin_skip_building_tests' from command line to 'False'
[0.997s] colcon.colcon_core.verb DEBUG Building package 'robotiq_3f_description' with the following arguments: {'ament_cmake_args': None, 'build_base': '/home/ubuntu/research_ws/ur10_pick_place_ws/build/robotiq_3f_description', 'catkin_cmake_args': None, 'catkin_skip_building_tests': False, 'cmake_args': ['-DCMAKE_BUILD_TYPE=Release'], 'cmake_clean_cache': False, 'cmake_clean_first': False, 'cmake_force_configure': False, 'cmake_target': None, 'cmake_target_skip_unavailable': False, 'install_base': '/home/ubuntu/research_ws/ur10_pick_place_ws/install/robotiq_3f_description', 'merge_install': False, 'path': '/home/ubuntu/research_ws/ur10_pick_place_ws/src/ros2_robotiq_3f_gripper/robotiq_3f_description', 'symlink_install': False, 'test_result_base': None}
[0.998s] colcon.colcon_core.verb Level 5 set package 'robotiq_3f_interfaces' build argument 'cmake_args' from command line to '['-DCMAKE_BUILD_TYPE=Release']'
[0.998s] colcon.colcon_core.verb Level 5 set package 'robotiq_3f_interfaces' build argument 'cmake_target' from command line to 'None'
[0.998s] colcon.colcon_core.verb Level 5 set package 'robotiq_3f_interfaces' build argument 'cmake_target_skip_unavailable' from command line to 'False'
[0.998s] colcon.colcon_core.verb Level 5 set package 'robotiq_3f_interfaces' build argument 'cmake_clean_cache' from command line to 'False'
[0.998s] colcon.colcon_core.verb Level 5 set package 'robotiq_3f_interfaces' build argument 'cmake_clean_first' from command line to 'False'
[0.998s] colcon.colcon_core.verb Level 5 set package 'robotiq_3f_interfaces' build argument 'cmake_force_configure' from command line to 'False'
[0.998s] colcon.colcon_core.verb Level 5 set package 'robotiq_3f_interfaces' build argument 'ament_cmake_args' from command line to 'None'
[0.998s] colcon.colcon_core.verb Level 5 set package 'robotiq_3f_interfaces' build argument 'catkin_cmake_args' from command line to 'None'
[0.998s] colcon.colcon_core.verb Level 5 set package 'robotiq_3f_interfaces' build argument 'catkin_skip_building_tests' from command line to 'False'
[0.998s] colcon.colcon_core.verb DEBUG Building package 'robotiq_3f_interfaces' with the following arguments: {'ament_cmake_args': None, 'build_base': '/home/ubuntu/research_ws/ur10_pick_place_ws/build/robotiq_3f_interfaces', 'catkin_cmake_args': None, 'catkin_skip_building_tests': False, 'cmake_args': ['-DCMAKE_BUILD_TYPE=Release'], 'cmake_clean_cache': False, 'cmake_clean_first': False, 'cmake_force_configure': False, 'cmake_target': None, 'cmake_target_skip_unavailable': False, 'install_base': '/home/ubuntu/research_ws/ur10_pick_place_ws/install/robotiq_3f_interfaces', 'merge_install': False, 'path': '/home/ubuntu/research_ws/ur10_pick_place_ws/src/ros2_robotiq_3f_gripper/robotiq_3f_interfaces', 'symlink_install': False, 'test_result_base': None}
[0.999s] colcon.colcon_core.verb Level 5 set package 'robotiq_controllers' build argument 'cmake_args' from command line to '['-DCMAKE_BUILD_TYPE=Release']'
[0.999s] colcon.colcon_core.verb Level 5 set package 'robotiq_controllers' build argument 'cmake_target' from command line to 'None'
[0.999s] colcon.colcon_core.verb Level 5 set package 'robotiq_controllers' build argument 'cmake_target_skip_unavailable' from command line to 'False'
[0.999s] colcon.colcon_core.verb Level 5 set package 'robotiq_controllers' build argument 'cmake_clean_cache' from command line to 'False'
[0.999s] colcon.colcon_core.verb Level 5 set package 'robotiq_controllers' build argument 'cmake_clean_first' from command line to 'False'
[0.999s] colcon.colcon_core.verb Level 5 set package 'robotiq_controllers' build argument 'cmake_force_configure' from command line to 'False'
[0.999s] colcon.colcon_core.verb Level 5 set package 'robotiq_controllers' build argument 'ament_cmake_args' from command line to 'None'
[0.999s] colcon.colcon_core.verb Level 5 set package 'robotiq_controllers' build argument 'catkin_cmake_args' from command line to 'None'
[0.999s] colcon.colcon_core.verb Level 5 set package 'robotiq_controllers' build argument 'catkin_skip_building_tests' from command line to 'False'
[0.999s] colcon.colcon_core.verb DEBUG Building package 'robotiq_controllers' with the following arguments: {'ament_cmake_args': None, 'build_base': '/home/ubuntu/research_ws/ur10_pick_place_ws/build/robotiq_controllers', 'catkin_cmake_args': None, 'catkin_skip_building_tests': False, 'cmake_args': ['-DCMAKE_BUILD_TYPE=Release'], 'cmake_clean_cache': False, 'cmake_clean_first': False, 'cmake_force_configure': False, 'cmake_target': None, 'cmake_target_skip_unavailable': False, 'install_base': '/home/ubuntu/research_ws/ur10_pick_place_ws/install/robotiq_controllers', 'merge_install': False, 'path': '/home/ubuntu/research_ws/ur10_pick_place_ws/src/ros2_robotiq_gripper/robotiq_controllers', 'symlink_install': False, 'test_result_base': None}
[1.000s] colcon.colcon_core.verb Level 5 set package 'robotiq_description' build argument 'cmake_args' from command line to '['-DCMAKE_BUILD_TYPE=Release']'
[1.000s] colcon.colcon_core.verb Level 5 set package 'robotiq_description' build argument 'cmake_target' from command line to 'None'
[1.000s] colcon.colcon_core.verb Level 5 set package 'robotiq_description' build argument 'cmake_target_skip_unavailable' from command line to 'False'
[1.000s] colcon.colcon_core.verb Level 5 set package 'robotiq_description' build argument 'cmake_clean_cache' from command line to 'False'
[1.000s] colcon.colcon_core.verb Level 5 set package 'robotiq_description' build argument 'cmake_clean_first' from command line to 'False'
[1.000s] colcon.colcon_core.verb Level 5 set package 'robotiq_description' build argument 'cmake_force_configure' from command line to 'False'
[1.000s] colcon.colcon_core.verb Level 5 set package 'robotiq_description' build argument 'ament_cmake_args' from command line to 'None'
[1.000s] colcon.colcon_core.verb Level 5 set package 'robotiq_description' build argument 'catkin_cmake_args' from command line to 'None'
[1.001s] colcon.colcon_core.verb Level 5 set package 'robotiq_description' build argument 'catkin_skip_building_tests' from command line to 'False'
[1.001s] colcon.colcon_core.verb DEBUG Building package 'robotiq_description' with the following arguments: {'ament_cmake_args': None, 'build_base': '/home/ubuntu/research_ws/ur10_pick_place_ws/build/robotiq_description', 'catkin_cmake_args': None, 'catkin_skip_building_tests': False, 'cmake_args': ['-DCMAKE_BUILD_TYPE=Release'], 'cmake_clean_cache': False, 'cmake_clean_first': False, 'cmake_force_configure': False, 'cmake_target': None, 'cmake_target_skip_unavailable': False, 'install_base': '/home/ubuntu/research_ws/ur10_pick_place_ws/install/robotiq_description', 'merge_install': False, 'path': '/home/ubuntu/research_ws/ur10_pick_place_ws/src/ros2_robotiq_gripper/robotiq_description', 'symlink_install': False, 'test_result_base': None}
[1.001s] colcon.colcon_core.verb Level 5 set package 'ur_simulation_gazebo' build argument 'cmake_args' from command line to '['-DCMAKE_BUILD_TYPE=Release']'
[1.001s] colcon.colcon_core.verb Level 5 set package 'ur_simulation_gazebo' build argument 'cmake_target' from command line to 'None'
[1.001s] colcon.colcon_core.verb Level 5 set package 'ur_simulation_gazebo' build argument 'cmake_target_skip_unavailable' from command line to 'False'
[1.001s] colcon.colcon_core.verb Level 5 set package 'ur_simulation_gazebo' build argument 'cmake_clean_cache' from command line to 'False'
[1.001s] colcon.colcon_core.verb Level 5 set package 'ur_simulation_gazebo' build argument 'cmake_clean_first' from command line to 'False'
[1.002s] colcon.colcon_core.verb Level 5 set package 'ur_simulation_gazebo' build argument 'cmake_force_configure' from command line to 'False'
[1.002s] colcon.colcon_core.verb Level 5 set package 'ur_simulation_gazebo' build argument 'ament_cmake_args' from command line to 'None'
[1.002s] colcon.colcon_core.verb Level 5 set package 'ur_simulation_gazebo' build argument 'catkin_cmake_args' from command line to 'None'
[1.002s] colcon.colcon_core.verb Level 5 set package 'ur_simulation_gazebo' build argument 'catkin_skip_building_tests' from command line to 'False'
[1.002s] colcon.colcon_core.verb DEBUG Building package 'ur_simulation_gazebo' with the following arguments: {'ament_cmake_args': None, 'build_base': '/home/ubuntu/research_ws/ur10_pick_place_ws/build/ur_simulation_gazebo', 'catkin_cmake_args': None, 'catkin_skip_building_tests': False, 'cmake_args': ['-DCMAKE_BUILD_TYPE=Release'], 'cmake_clean_cache': False, 'cmake_clean_first': False, 'cmake_force_configure': False, 'cmake_target': None, 'cmake_target_skip_unavailable': False, 'install_base': '/home/ubuntu/research_ws/ur10_pick_place_ws/install/ur_simulation_gazebo', 'merge_install': False, 'path': '/home/ubuntu/research_ws/ur10_pick_place_ws/src/Universal_Robots_ROS2_Gazebo_Simulation/ur_simulation_gazebo', 'symlink_install': False, 'test_result_base': None}
[1.002s] colcon.colcon_core.verb Level 5 set package 'ros2_linkattacher' build argument 'cmake_args' from command line to '['-DCMAKE_BUILD_TYPE=Release']'
[1.002s] colcon.colcon_core.verb Level 5 set package 'ros2_linkattacher' build argument 'cmake_target' from command line to 'None'
[1.002s] colcon.colcon_core.verb Level 5 set package 'ros2_linkattacher' build argument 'cmake_target_skip_unavailable' from command line to 'False'
[1.003s] colcon.colcon_core.verb Level 5 set package 'ros2_linkattacher' build argument 'cmake_clean_cache' from command line to 'False'
[1.003s] colcon.colcon_core.verb Level 5 set package 'ros2_linkattacher' build argument 'cmake_clean_first' from command line to 'False'
[1.003s] colcon.colcon_core.verb Level 5 set package 'ros2_linkattacher' build argument 'cmake_force_configure' from command line to 'False'
[1.003s] colcon.colcon_core.verb Level 5 set package 'ros2_linkattacher' build argument 'ament_cmake_args' from command line to 'None'
[1.003s] colcon.colcon_core.verb Level 5 set package 'ros2_linkattacher' build argument 'catkin_cmake_args' from command line to 'None'
[1.003s] colcon.colcon_core.verb Level 5 set package 'ros2_linkattacher' build argument 'catkin_skip_building_tests' from command line to 'False'
[1.003s] colcon.colcon_core.verb DEBUG Building package 'ros2_linkattacher' with the following arguments: {'ament_cmake_args': None, 'build_base': '/home/ubuntu/research_ws/ur10_pick_place_ws/build/ros2_linkattacher', 'catkin_cmake_args': None, 'catkin_skip_building_tests': False, 'cmake_args': ['-DCMAKE_BUILD_TYPE=Release'], 'cmake_clean_cache': False, 'cmake_clean_first': False, 'cmake_force_configure': False, 'cmake_target': None, 'cmake_target_skip_unavailable': False, 'install_base': '/home/ubuntu/research_ws/ur10_pick_place_ws/install/ros2_linkattacher', 'merge_install': False, 'path': '/home/ubuntu/research_ws/ur10_pick_place_ws/src/linkattacher_plugin', 'symlink_install': False, 'test_result_base': None}
[1.004s] colcon.colcon_core.verb Level 5 set package 'ur_yt_sim' build argument 'cmake_args' from command line to '['-DCMAKE_BUILD_TYPE=Release']'
[1.004s] colcon.colcon_core.verb Level 5 set package 'ur_yt_sim' build argument 'cmake_target' from command line to 'None'
[1.004s] colcon.colcon_core.verb Level 5 set package 'ur_yt_sim' build argument 'cmake_target_skip_unavailable' from command line to 'False'
[1.004s] colcon.colcon_core.verb Level 5 set package 'ur_yt_sim' build argument 'cmake_clean_cache' from command line to 'False'
[1.004s] colcon.colcon_core.verb Level 5 set package 'ur_yt_sim' build argument 'cmake_clean_first' from command line to 'False'
[1.004s] colcon.colcon_core.verb Level 5 set package 'ur_yt_sim' build argument 'cmake_force_configure' from command line to 'False'
[1.004s] colcon.colcon_core.verb Level 5 set package 'ur_yt_sim' build argument 'ament_cmake_args' from command line to 'None'
[1.004s] colcon.colcon_core.verb Level 5 set package 'ur_yt_sim' build argument 'catkin_cmake_args' from command line to 'None'
[1.004s] colcon.colcon_core.verb Level 5 set package 'ur_yt_sim' build argument 'catkin_skip_building_tests' from command line to 'False'
[1.004s] colcon.colcon_core.verb DEBUG Building package 'ur_yt_sim' with the following arguments: {'ament_cmake_args': None, 'build_base': '/home/ubuntu/research_ws/ur10_pick_place_ws/build/ur_yt_sim', 'catkin_cmake_args': None, 'catkin_skip_building_tests': False, 'cmake_args': ['-DCMAKE_BUILD_TYPE=Release'], 'cmake_clean_cache': False, 'cmake_clean_first': False, 'cmake_force_configure': False, 'cmake_target': None, 'cmake_target_skip_unavailable': False, 'install_base': '/home/ubuntu/research_ws/ur10_pick_place_ws/install/ur_yt_sim', 'merge_install': False, 'path': '/home/ubuntu/research_ws/ur10_pick_place_ws/src/ur_yt_sim', 'symlink_install': False, 'test_result_base': None}
[1.005s] colcon.colcon_core.verb Level 5 set package 'ur10_camera_gripper_moveit_config' build argument 'cmake_args' from command line to '['-DCMAKE_BUILD_TYPE=Release']'
[1.005s] colcon.colcon_core.verb Level 5 set package 'ur10_camera_gripper_moveit_config' build argument 'cmake_target' from command line to 'None'
[1.005s] colcon.colcon_core.verb Level 5 set package 'ur10_camera_gripper_moveit_config' build argument 'cmake_target_skip_unavailable' from command line to 'False'
[1.005s] colcon.colcon_core.verb Level 5 set package 'ur10_camera_gripper_moveit_config' build argument 'cmake_clean_cache' from command line to 'False'
[1.005s] colcon.colcon_core.verb Level 5 set package 'ur10_camera_gripper_moveit_config' build argument 'cmake_clean_first' from command line to 'False'
[1.005s] colcon.colcon_core.verb Level 5 set package 'ur10_camera_gripper_moveit_config' build argument 'cmake_force_configure' from command line to 'False'
[1.005s] colcon.colcon_core.verb Level 5 set package 'ur10_camera_gripper_moveit_config' build argument 'ament_cmake_args' from command line to 'None'
[1.005s] colcon.colcon_core.verb Level 5 set package 'ur10_camera_gripper_moveit_config' build argument 'catkin_cmake_args' from command line to 'None'
[1.005s] colcon.colcon_core.verb Level 5 set package 'ur10_camera_gripper_moveit_config' build argument 'catkin_skip_building_tests' from command line to 'False'
[1.005s] colcon.colcon_core.verb DEBUG Building package 'ur10_camera_gripper_moveit_config' with the following arguments: {'ament_cmake_args': None, 'build_base': '/home/ubuntu/research_ws/ur10_pick_place_ws/build/ur10_camera_gripper_moveit_config', 'catkin_cmake_args': None, 'catkin_skip_building_tests': False, 'cmake_args': ['-DCMAKE_BUILD_TYPE=Release'], 'cmake_clean_cache': False, 'cmake_clean_first': False, 'cmake_force_configure': False, 'cmake_target': None, 'cmake_target_skip_unavailable': False, 'install_base': '/home/ubuntu/research_ws/ur10_pick_place_ws/install/ur10_camera_gripper_moveit_config', 'merge_install': False, 'path': '/home/ubuntu/research_ws/ur10_pick_place_ws/src/ur10_camera_gripper_moveit_config', 'symlink_install': False, 'test_result_base': None}
[1.006s] colcon.colcon_core.verb Level 5 set package 'ur10_pick_place' build argument 'cmake_args' from command line to '['-DCMAKE_BUILD_TYPE=Release']'
[1.006s] colcon.colcon_core.verb Level 5 set package 'ur10_pick_place' build argument 'cmake_target' from command line to 'None'
[1.006s] colcon.colcon_core.verb Level 5 set package 'ur10_pick_place' build argument 'cmake_target_skip_unavailable' from command line to 'False'
[1.006s] colcon.colcon_core.verb Level 5 set package 'ur10_pick_place' build argument 'cmake_clean_cache' from command line to 'False'
[1.006s] colcon.colcon_core.verb Level 5 set package 'ur10_pick_place' build argument 'cmake_clean_first' from command line to 'False'
[1.006s] colcon.colcon_core.verb Level 5 set package 'ur10_pick_place' build argument 'cmake_force_configure' from command line to 'False'
[1.006s] colcon.colcon_core.verb Level 5 set package 'ur10_pick_place' build argument 'ament_cmake_args' from command line to 'None'
[1.006s] colcon.colcon_core.verb Level 5 set package 'ur10_pick_place' build argument 'catkin_cmake_args' from command line to 'None'
[1.006s] colcon.colcon_core.verb Level 5 set package 'ur10_pick_place' build argument 'catkin_skip_building_tests' from command line to 'False'
[1.006s] colcon.colcon_core.verb DEBUG Building package 'ur10_pick_place' with the following arguments: {'ament_cmake_args': None, 'build_base': '/home/ubuntu/research_ws/ur10_pick_place_ws/build/ur10_pick_place', 'catkin_cmake_args': None, 'catkin_skip_building_tests': False, 'cmake_args': ['-DCMAKE_BUILD_TYPE=Release'], 'cmake_clean_cache': False, 'cmake_clean_first': False, 'cmake_force_configure': False, 'cmake_target': None, 'cmake_target_skip_unavailable': False, 'install_base': '/home/ubuntu/research_ws/ur10_pick_place_ws/install/ur10_pick_place', 'merge_install': False, 'path': '/home/ubuntu/research_ws/ur10_pick_place_ws/src/ur10_pick_place', 'symlink_install': False, 'test_result_base': None}
[1.007s] colcon.colcon_core.executor INFO Executing jobs using 'parallel' executor
[1.009s] colcon.colcon_parallel_executor.executor.parallel DEBUG run_until_complete
[1.010s] colcon.colcon_ros.task.ament_cmake.build INFO Building ROS package in '/home/ubuntu/research_ws/ur10_pick_place_ws/src/linkattacher_msgs' with build type 'ament_cmake'
[1.010s] colcon.colcon_cmake.task.cmake.build INFO Building CMake package in '/home/ubuntu/research_ws/ur10_pick_place_ws/src/linkattacher_msgs'
[1.015s] colcon.colcon_core.plugin_system INFO Skipping extension 'colcon_core.shell.bat': Not used on non-Windows systems
[1.015s] colcon.colcon_core.shell INFO Skip shell extension 'powershell' for command environment: Not usable outside of PowerShell
[1.016s] colcon.colcon_core.shell DEBUG Skip shell extension 'dsv' for command environment
[1.026s] colcon.colcon_ros.task.ament_cmake.build INFO Building ROS package in '/home/ubuntu/research_ws/ur10_pick_place_ws/src/ros2_robotiq_3f_gripper/robotiq_3f_description' with build type 'ament_cmake'
[1.026s] colcon.colcon_cmake.task.cmake.build INFO Building CMake package in '/home/ubuntu/research_ws/ur10_pick_place_ws/src/ros2_robotiq_3f_gripper/robotiq_3f_description'
[1.027s] colcon.colcon_core.shell INFO Skip shell extension 'powershell' for command environment: Not usable outside of PowerShell
[1.027s] colcon.colcon_core.shell DEBUG Skip shell extension 'dsv' for command environment
[1.036s] colcon.colcon_ros.task.ament_python.build INFO Building ROS package in '/home/ubuntu/research_ws/ur10_pick_place_ws/src/grasp_executor' with build type 'ament_python'
[1.036s] colcon.colcon_core.shell Level 1 create_environment_hook('grasp_executor', 'ament_prefix_path')
[1.037s] colcon.colcon_core.shell INFO Creating environment hook '/home/ubuntu/research_ws/ur10_pick_place_ws/install/grasp_executor/share/grasp_executor/hook/ament_prefix_path.ps1'
[1.038s] colcon.colcon_core.shell INFO Creating environment descriptor '/home/ubuntu/research_ws/ur10_pick_place_ws/install/grasp_executor/share/grasp_executor/hook/ament_prefix_path.dsv'
[1.039s] colcon.colcon_core.shell INFO Creating environment hook '/home/ubuntu/research_ws/ur10_pick_place_ws/install/grasp_executor/share/grasp_executor/hook/ament_prefix_path.sh'
[1.040s] colcon.colcon_core.shell INFO Skip shell extension 'powershell' for command environment: Not usable outside of PowerShell
[1.040s] colcon.colcon_core.shell DEBUG Skip shell extension 'dsv' for command environment
[1.049s] colcon.colcon_ros.task.ament_cmake.build INFO Building ROS package in '/home/ubuntu/research_ws/ur10_pick_place_ws/src/ros2_robotiq_3f_gripper/robotiq_3f_interfaces' with build type 'ament_cmake'
[1.049s] colcon.colcon_cmake.task.cmake.build INFO Building CMake package in '/home/ubuntu/research_ws/ur10_pick_place_ws/src/ros2_robotiq_3f_gripper/robotiq_3f_interfaces'
[1.050s] colcon.colcon_core.shell INFO Skip shell extension 'powershell' for command environment: Not usable outside of PowerShell
[1.050s] colcon.colcon_core.shell DEBUG Skip shell extension 'dsv' for command environment
[1.059s] colcon.colcon_ros.task.ament_cmake.build INFO Building ROS package in '/home/ubuntu/research_ws/ur10_pick_place_ws/src/ros2_robotiq_gripper/robotiq_controllers' with build type 'ament_cmake'
[1.059s] colcon.colcon_cmake.task.cmake.build INFO Building CMake package in '/home/ubuntu/research_ws/ur10_pick_place_ws/src/ros2_robotiq_gripper/robotiq_controllers'
[1.059s] colcon.colcon_core.shell INFO Skip shell extension 'powershell' for command environment: Not usable outside of PowerShell
[1.060s] colcon.colcon_core.shell DEBUG Skip shell extension 'dsv' for command environment
[1.068s] colcon.colcon_ros.task.ament_cmake.build INFO Building ROS package in '/home/ubuntu/research_ws/ur10_pick_place_ws/src/ros2_robotiq_gripper/robotiq_description' with build type 'ament_cmake'
[1.069s] colcon.colcon_cmake.task.cmake.build INFO Building CMake package in '/home/ubuntu/research_ws/ur10_pick_place_ws/src/ros2_robotiq_gripper/robotiq_description'
[1.069s] colcon.colcon_core.shell INFO Skip shell extension 'powershell' for command environment: Not usable outside of PowerShell
[1.069s] colcon.colcon_core.shell DEBUG Skip shell extension 'dsv' for command environment
[1.078s] colcon.colcon_ros.task.ament_cmake.build INFO Building ROS package in '/home/ubuntu/research_ws/ur10_pick_place_ws/src/Universal_Robots_ROS2_Gazebo_Simulation/ur_simulation_gazebo' with build type 'ament_cmake'
[1.078s] colcon.colcon_cmake.task.cmake.build INFO Building CMake package in '/home/ubuntu/research_ws/ur10_pick_place_ws/src/Universal_Robots_ROS2_Gazebo_Simulation/ur_simulation_gazebo'
[1.079s] colcon.colcon_core.shell INFO Skip shell extension 'powershell' for command environment: Not usable outside of PowerShell
[1.079s] colcon.colcon_core.shell DEBUG Skip shell extension 'dsv' for command environment
[1.099s] colcon.colcon_core.event_handler.log_command DEBUG Invoking command in '/home/ubuntu/research_ws/ur10_pick_place_ws/build/linkattacher_msgs': CMAKE_PREFIX_PATH=${CMAKE_PREFIX_PATH}:/home/ubuntu/ur_camera_ws/install/pick_place:/home/ubuntu/ur_camera_ws/install/easy_handeye2:/opt/ros/humble /usr/bin/cmake --build /home/ubuntu/research_ws/ur10_pick_place_ws/build/linkattacher_msgs -- -j12 -l12
[1.103s] colcon.colcon_core.event_handler.log_command DEBUG Invoking command in '/home/ubuntu/research_ws/ur10_pick_place_ws/build/robotiq_3f_description': CMAKE_PREFIX_PATH=${CMAKE_PREFIX_PATH}:/home/ubuntu/ur_camera_ws/install/pick_place:/home/ubuntu/ur_camera_ws/install/easy_handeye2:/opt/ros/humble /usr/bin/cmake --build /home/ubuntu/research_ws/ur10_pick_place_ws/build/robotiq_3f_description -- -j12 -l12
[1.777s] colcon.colcon_core.task.python.build INFO Building Python package in '/home/ubuntu/research_ws/ur10_pick_place_ws/src/grasp_executor'
[1.778s] colcon.colcon_core.shell INFO Skip shell extension 'powershell' for command environment: Not usable outside of PowerShell
[1.778s] colcon.colcon_core.shell DEBUG Skip shell extension 'dsv' for command environment
[1.795s] colcon.colcon_core.event_handler.log_command DEBUG Invoking command in '/home/ubuntu/research_ws/ur10_pick_place_ws/build/robotiq_3f_interfaces': CMAKE_PREFIX_PATH=${CMAKE_PREFIX_PATH}:/home/ubuntu/ur_camera_ws/install/pick_place:/home/ubuntu/ur_camera_ws/install/easy_handeye2:/opt/ros/humble /usr/bin/cmake --build /home/ubuntu/research_ws/ur10_pick_place_ws/build/robotiq_3f_interfaces -- -j12 -l12
[1.801s] colcon.colcon_core.event_handler.log_command DEBUG Invoking command in '/home/ubuntu/research_ws/ur10_pick_place_ws/build/robotiq_controllers': CMAKE_PREFIX_PATH=${CMAKE_PREFIX_PATH}:/home/ubuntu/ur_camera_ws/install/pick_place:/home/ubuntu/ur_camera_ws/install/easy_handeye2:/opt/ros/humble /usr/bin/cmake --build /home/ubuntu/research_ws/ur10_pick_place_ws/build/robotiq_controllers -- -j12 -l12
[1.806s] colcon.colcon_core.event_handler.log_command DEBUG Invoking command in '/home/ubuntu/research_ws/ur10_pick_place_ws/build/robotiq_description': CMAKE_PREFIX_PATH=${CMAKE_PREFIX_PATH}:/home/ubuntu/ur_camera_ws/install/pick_place:/home/ubuntu/ur_camera_ws/install/easy_handeye2:/opt/ros/humble /usr/bin/cmake --build /home/ubuntu/research_ws/ur10_pick_place_ws/build/robotiq_description -- -j12 -l12
[1.815s] colcon.colcon_core.event_handler.log_command DEBUG Invoking command in '/home/ubuntu/research_ws/ur10_pick_place_ws/build/ur_simulation_gazebo': CMAKE_PREFIX_PATH=${CMAKE_PREFIX_PATH}:/home/ubuntu/ur_camera_ws/install/pick_place:/home/ubuntu/ur_camera_ws/install/easy_handeye2:/opt/ros/humble /usr/bin/cmake --build /home/ubuntu/research_ws/ur10_pick_place_ws/build/ur_simulation_gazebo -- -j12 -l12
[1.820s] colcon.colcon_core.event_handler.log_command DEBUG Invoked command in '/home/ubuntu/research_ws/ur10_pick_place_ws/build/robotiq_3f_description' returned '0': CMAKE_PREFIX_PATH=${CMAKE_PREFIX_PATH}:/home/ubuntu/ur_camera_ws/install/pick_place:/home/ubuntu/ur_camera_ws/install/easy_handeye2:/opt/ros/humble /usr/bin/cmake --build /home/ubuntu/research_ws/ur10_pick_place_ws/build/robotiq_3f_description -- -j12 -l12
[1.837s] colcon.colcon_core.event_handler.log_command DEBUG Invoking command in '/home/ubuntu/research_ws/ur10_pick_place_ws/build/robotiq_3f_description': CMAKE_PREFIX_PATH=${CMAKE_PREFIX_PATH}:/home/ubuntu/ur_camera_ws/install/pick_place:/home/ubuntu/ur_camera_ws/install/easy_handeye2:/opt/ros/humble /usr/bin/cmake --install /home/ubuntu/research_ws/ur10_pick_place_ws/build/robotiq_3f_description
[1.860s] colcon.colcon_core.environment Level 1 create_environment_scripts_only(robotiq_3f_description)
[1.868s] colcon.colcon_core.environment Level 1 checking '/home/ubuntu/research_ws/ur10_pick_place_ws/install/robotiq_3f_description' for CMake module files
[1.870s] colcon.colcon_core.environment Level 1 checking '/home/ubuntu/research_ws/ur10_pick_place_ws/install/robotiq_3f_description' for CMake config files
[1.871s] colcon.colcon_core.shell Level 1 create_environment_hook('robotiq_3f_description', 'cmake_prefix_path')
[1.872s] colcon.colcon_core.shell INFO Creating environment hook '/home/ubuntu/research_ws/ur10_pick_place_ws/install/robotiq_3f_description/share/robotiq_3f_description/hook/cmake_prefix_path.ps1'
[1.875s] colcon.colcon_core.shell INFO Creating environment descriptor '/home/ubuntu/research_ws/ur10_pick_place_ws/install/robotiq_3f_description/share/robotiq_3f_description/hook/cmake_prefix_path.dsv'
[1.877s] colcon.colcon_core.shell INFO Creating environment hook '/home/ubuntu/research_ws/ur10_pick_place_ws/install/robotiq_3f_description/share/robotiq_3f_description/hook/cmake_prefix_path.sh'
[1.879s] colcon.colcon_core.event_handler.log_command DEBUG Invoked command in '/home/ubuntu/research_ws/ur10_pick_place_ws/build/robotiq_3f_description' returned '0': CMAKE_PREFIX_PATH=${CMAKE_PREFIX_PATH}:/home/ubuntu/ur_camera_ws/install/pick_place:/home/ubuntu/ur_camera_ws/install/easy_handeye2:/opt/ros/humble /usr/bin/cmake --install /home/ubuntu/research_ws/ur10_pick_place_ws/build/robotiq_3f_description
[1.881s] colcon.colcon_core.environment Level 1 checking '/home/ubuntu/research_ws/ur10_pick_place_ws/install/robotiq_3f_description/bin'
[1.882s] colcon.colcon_core.environment Level 1 checking '/home/ubuntu/research_ws/ur10_pick_place_ws/install/robotiq_3f_description/lib/pkgconfig/robotiq_3f_description.pc'
[1.882s] colcon.colcon_core.environment Level 1 checking '/home/ubuntu/research_ws/ur10_pick_place_ws/install/robotiq_3f_description/lib/python3.10/site-packages'
[1.883s] colcon.colcon_core.environment Level 1 checking '/home/ubuntu/research_ws/ur10_pick_place_ws/install/robotiq_3f_description/bin'
[1.884s] colcon.colcon_core.shell INFO Creating package script '/home/ubuntu/research_ws/ur10_pick_place_ws/install/robotiq_3f_description/share/robotiq_3f_description/package.ps1'
[1.886s] colcon.colcon_core.shell INFO Creating package descriptor '/home/ubuntu/research_ws/ur10_pick_place_ws/install/robotiq_3f_description/share/robotiq_3f_description/package.dsv'
[1.887s] colcon.colcon_core.shell INFO Creating package script '/home/ubuntu/research_ws/ur10_pick_place_ws/install/robotiq_3f_description/share/robotiq_3f_description/package.sh'
[1.889s] colcon.colcon_core.shell INFO Creating package script '/home/ubuntu/research_ws/ur10_pick_place_ws/install/robotiq_3f_description/share/robotiq_3f_description/package.bash'
[1.892s] colcon.colcon_core.shell INFO Creating package script '/home/ubuntu/research_ws/ur10_pick_place_ws/install/robotiq_3f_description/share/robotiq_3f_description/package.zsh'
[1.893s] colcon.colcon_core.environment Level 1 create_file_with_runtime_dependencies(/home/ubuntu/research_ws/ur10_pick_place_ws/install/robotiq_3f_description/share/colcon-core/packages/robotiq_3f_description)
[1.895s] colcon.colcon_core.environment Level 1 create_environment_scripts_only(robotiq_3f_description)
[1.896s] colcon.colcon_core.environment Level 1 checking '/home/ubuntu/research_ws/ur10_pick_place_ws/install/robotiq_3f_description' for CMake module files
[1.897s] colcon.colcon_core.environment Level 1 checking '/home/ubuntu/research_ws/ur10_pick_place_ws/install/robotiq_3f_description' for CMake config files
[1.897s] colcon.colcon_core.shell Level 1 create_environment_hook('robotiq_3f_description', 'cmake_prefix_path')
[1.898s] colcon.colcon_core.shell INFO Creating environment hook '/home/ubuntu/research_ws/ur10_pick_place_ws/install/robotiq_3f_description/share/robotiq_3f_description/hook/cmake_prefix_path.ps1'
[1.899s] colcon.colcon_core.shell INFO Creating environment descriptor '/home/ubuntu/research_ws/ur10_pick_place_ws/install/robotiq_3f_description/share/robotiq_3f_description/hook/cmake_prefix_path.dsv'
[1.900s] colcon.colcon_core.shell INFO Creating environment hook '/home/ubuntu/research_ws/ur10_pick_place_ws/install/robotiq_3f_description/share/robotiq_3f_description/hook/cmake_prefix_path.sh'
[1.901s] colcon.colcon_core.environment Level 1 checking '/home/ubuntu/research_ws/ur10_pick_place_ws/install/robotiq_3f_description/bin'
[1.902s] colcon.colcon_core.environment Level 1 checking '/home/ubuntu/research_ws/ur10_pick_place_ws/install/robotiq_3f_description/lib/pkgconfig/robotiq_3f_description.pc'
[1.902s] colcon.colcon_core.environment Level 1 checking '/home/ubuntu/research_ws/ur10_pick_place_ws/install/robotiq_3f_description/lib/python3.10/site-packages'
[1.903s] colcon.colcon_core.environment Level 1 checking '/home/ubuntu/research_ws/ur10_pick_place_ws/install/robotiq_3f_description/bin'
[1.904s] colcon.colcon_core.shell INFO Creating package script '/home/ubuntu/research_ws/ur10_pick_place_ws/install/robotiq_3f_description/share/robotiq_3f_description/package.ps1'
[1.905s] colcon.colcon_core.shell INFO Creating package descriptor '/home/ubuntu/research_ws/ur10_pick_place_ws/install/robotiq_3f_description/share/robotiq_3f_description/package.dsv'
[1.906s] colcon.colcon_core.shell INFO Creating package script '/home/ubuntu/research_ws/ur10_pick_place_ws/install/robotiq_3f_description/share/robotiq_3f_description/package.sh'
[1.907s] colcon.colcon_core.shell INFO Creating package script '/home/ubuntu/research_ws/ur10_pick_place_ws/install/robotiq_3f_description/share/robotiq_3f_description/package.bash'
[1.908s] colcon.colcon_core.shell INFO Creating package script '/home/ubuntu/research_ws/ur10_pick_place_ws/install/robotiq_3f_description/share/robotiq_3f_description/package.zsh'
[1.910s] colcon.colcon_core.environment Level 1 create_file_with_runtime_dependencies(/home/ubuntu/research_ws/ur10_pick_place_ws/install/robotiq_3f_description/share/colcon-core/packages/robotiq_3f_description)
[1.918s] colcon.colcon_core.event_handler.log_command DEBUG Invoked command in '/home/ubuntu/research_ws/ur10_pick_place_ws/build/robotiq_description' returned '0': CMAKE_PREFIX_PATH=${CMAKE_PREFIX_PATH}:/home/ubuntu/ur_camera_ws/install/pick_place:/home/ubuntu/ur_camera_ws/install/easy_handeye2:/opt/ros/humble /usr/bin/cmake --build /home/ubuntu/research_ws/ur10_pick_place_ws/build/robotiq_description -- -j12 -l12
[1.919s] colcon.colcon_core.event_handler.log_command DEBUG Invoking command in '/home/ubuntu/research_ws/ur10_pick_place_ws/build/robotiq_description': CMAKE_PREFIX_PATH=${CMAKE_PREFIX_PATH}:/home/ubuntu/ur_camera_ws/install/pick_place:/home/ubuntu/ur_camera_ws/install/easy_handeye2:/opt/ros/humble /usr/bin/cmake --install /home/ubuntu/research_ws/ur10_pick_place_ws/build/robotiq_description
[1.920s] colcon.colcon_core.event_handler.log_command DEBUG Invoked command in '/home/ubuntu/research_ws/ur10_pick_place_ws/build/ur_simulation_gazebo' returned '0': CMAKE_PREFIX_PATH=${CMAKE_PREFIX_PATH}:/home/ubuntu/ur_camera_ws/install/pick_place:/home/ubuntu/ur_camera_ws/install/easy_handeye2:/opt/ros/humble /usr/bin/cmake --build /home/ubuntu/research_ws/ur10_pick_place_ws/build/ur_simulation_gazebo -- -j12 -l12
[1.922s] colcon.colcon_core.event_handler.log_command DEBUG Invoking command in '/home/ubuntu/research_ws/ur10_pick_place_ws/build/ur_simulation_gazebo': CMAKE_PREFIX_PATH=${CMAKE_PREFIX_PATH}:/home/ubuntu/ur_camera_ws/install/pick_place:/home/ubuntu/ur_camera_ws/install/easy_handeye2:/opt/ros/humble /usr/bin/cmake --install /home/ubuntu/research_ws/ur10_pick_place_ws/build/ur_simulation_gazebo
[1.948s] colcon.colcon_core.environment Level 1 create_environment_scripts_only(robotiq_description)
[1.949s] colcon.colcon_core.environment Level 1 checking '/home/ubuntu/research_ws/ur10_pick_place_ws/install/robotiq_description' for CMake module files
[1.952s] colcon.colcon_core.environment Level 1 checking '/home/ubuntu/research_ws/ur10_pick_place_ws/install/robotiq_description' for CMake config files
[1.957s] colcon.colcon_core.event_handler.log_command DEBUG Invoked command in '/home/ubuntu/research_ws/ur10_pick_place_ws/build/robotiq_description' returned '0': CMAKE_PREFIX_PATH=${CMAKE_PREFIX_PATH}:/home/ubuntu/ur_camera_ws/install/pick_place:/home/ubuntu/ur_camera_ws/install/easy_handeye2:/opt/ros/humble /usr/bin/cmake --install /home/ubuntu/research_ws/ur10_pick_place_ws/build/robotiq_description
[1.957s] colcon.colcon_core.shell Level 1 create_environment_hook('robotiq_description', 'cmake_prefix_path')
[1.958s] colcon.colcon_core.shell INFO Creating environment hook '/home/ubuntu/research_ws/ur10_pick_place_ws/install/robotiq_description/share/robotiq_description/hook/cmake_prefix_path.ps1'
[1.959s] colcon.colcon_core.shell INFO Creating environment descriptor '/home/ubuntu/research_ws/ur10_pick_place_ws/install/robotiq_description/share/robotiq_description/hook/cmake_prefix_path.dsv'
[1.960s] colcon.colcon_core.shell INFO Creating environment hook '/home/ubuntu/research_ws/ur10_pick_place_ws/install/robotiq_description/share/robotiq_description/hook/cmake_prefix_path.sh'
[1.962s] colcon.colcon_core.environment Level 1 checking '/home/ubuntu/research_ws/ur10_pick_place_ws/install/robotiq_description/bin'
[1.962s] colcon.colcon_core.environment Level 1 checking '/home/ubuntu/research_ws/ur10_pick_place_ws/install/robotiq_description/lib/pkgconfig/robotiq_description.pc'
[1.962s] colcon.colcon_core.environment Level 1 checking '/home/ubuntu/research_ws/ur10_pick_place_ws/install/robotiq_description/lib/python3.10/site-packages'
[1.963s] colcon.colcon_core.environment Level 1 checking '/home/ubuntu/research_ws/ur10_pick_place_ws/install/robotiq_description/bin'
[1.964s] colcon.colcon_core.shell INFO Creating package script '/home/ubuntu/research_ws/ur10_pick_place_ws/install/robotiq_description/share/robotiq_description/package.ps1'
[1.965s] colcon.colcon_core.shell INFO Creating package descriptor '/home/ubuntu/research_ws/ur10_pick_place_ws/install/robotiq_description/share/robotiq_description/package.dsv'
[1.966s] colcon.colcon_core.shell INFO Creating package script '/home/ubuntu/research_ws/ur10_pick_place_ws/install/robotiq_description/share/robotiq_description/package.sh'
[1.967s] colcon.colcon_core.shell INFO Creating package script '/home/ubuntu/research_ws/ur10_pick_place_ws/install/robotiq_description/share/robotiq_description/package.bash'
[1.968s] colcon.colcon_core.shell INFO Creating package script '/home/ubuntu/research_ws/ur10_pick_place_ws/install/robotiq_description/share/robotiq_description/package.zsh'
[1.969s] colcon.colcon_core.environment Level 1 create_file_with_runtime_dependencies(/home/ubuntu/research_ws/ur10_pick_place_ws/install/robotiq_description/share/colcon-core/packages/robotiq_description)
[1.971s] colcon.colcon_core.environment Level 1 create_environment_scripts_only(robotiq_description)
[1.971s] colcon.colcon_core.environment Level 1 checking '/home/ubuntu/research_ws/ur10_pick_place_ws/install/robotiq_description' for CMake module files
[1.972s] colcon.colcon_core.environment Level 1 checking '/home/ubuntu/research_ws/ur10_pick_place_ws/install/robotiq_description' for CMake config files
[1.973s] colcon.colcon_core.shell Level 1 create_environment_hook('robotiq_description', 'cmake_prefix_path')
[1.974s] colcon.colcon_core.shell INFO Creating environment hook '/home/ubuntu/research_ws/ur10_pick_place_ws/install/robotiq_description/share/robotiq_description/hook/cmake_prefix_path.ps1'
[1.975s] colcon.colcon_core.shell INFO Creating environment descriptor '/home/ubuntu/research_ws/ur10_pick_place_ws/install/robotiq_description/share/robotiq_description/hook/cmake_prefix_path.dsv'
[1.975s] colcon.colcon_core.shell INFO Creating environment hook '/home/ubuntu/research_ws/ur10_pick_place_ws/install/robotiq_description/share/robotiq_description/hook/cmake_prefix_path.sh'
[1.977s] colcon.colcon_core.environment Level 1 checking '/home/ubuntu/research_ws/ur10_pick_place_ws/install/robotiq_description/bin'
[1.977s] colcon.colcon_core.environment Level 1 checking '/home/ubuntu/research_ws/ur10_pick_place_ws/install/robotiq_description/lib/pkgconfig/robotiq_description.pc'
[1.977s] colcon.colcon_core.environment Level 1 checking '/home/ubuntu/research_ws/ur10_pick_place_ws/install/robotiq_description/lib/python3.10/site-packages'
[1.978s] colcon.colcon_core.environment Level 1 checking '/home/ubuntu/research_ws/ur10_pick_place_ws/install/robotiq_description/bin'
[1.979s] colcon.colcon_core.shell INFO Creating package script '/home/ubuntu/research_ws/ur10_pick_place_ws/install/robotiq_description/share/robotiq_description/package.ps1'
[1.980s] colcon.colcon_core.shell INFO Creating package descriptor '/home/ubuntu/research_ws/ur10_pick_place_ws/install/robotiq_description/share/robotiq_description/package.dsv'
[1.981s] colcon.colcon_core.shell INFO Creating package script '/home/ubuntu/research_ws/ur10_pick_place_ws/install/robotiq_description/share/robotiq_description/package.sh'
[1.982s] colcon.colcon_core.shell INFO Creating package script '/home/ubuntu/research_ws/ur10_pick_place_ws/install/robotiq_description/share/robotiq_description/package.bash'
[1.983s] colcon.colcon_core.shell INFO Creating package script '/home/ubuntu/research_ws/ur10_pick_place_ws/install/robotiq_description/share/robotiq_description/package.zsh'
[1.984s] colcon.colcon_core.environment Level 1 create_file_with_runtime_dependencies(/home/ubuntu/research_ws/ur10_pick_place_ws/install/robotiq_description/share/colcon-core/packages/robotiq_description)
[1.987s] colcon.colcon_core.event_handler.log_command DEBUG Invoked command in '/home/ubuntu/research_ws/ur10_pick_place_ws/build/robotiq_controllers' returned '0': CMAKE_PREFIX_PATH=${CMAKE_PREFIX_PATH}:/home/ubuntu/ur_camera_ws/install/pick_place:/home/ubuntu/ur_camera_ws/install/easy_handeye2:/opt/ros/humble /usr/bin/cmake --build /home/ubuntu/research_ws/ur10_pick_place_ws/build/robotiq_controllers -- -j12 -l12
[1.989s] colcon.colcon_core.event_handler.log_command DEBUG Invoking command in '/home/ubuntu/research_ws/ur10_pick_place_ws/build/robotiq_controllers': CMAKE_PREFIX_PATH=${CMAKE_PREFIX_PATH}:/home/ubuntu/ur_camera_ws/install/pick_place:/home/ubuntu/ur_camera_ws/install/easy_handeye2:/opt/ros/humble /usr/bin/cmake --install /home/ubuntu/research_ws/ur10_pick_place_ws/build/robotiq_controllers
[1.991s] colcon.colcon_core.environment Level 1 create_environment_scripts_only(ur_simulation_gazebo)
[1.992s] colcon.colcon_core.environment Level 1 checking '/home/ubuntu/research_ws/ur10_pick_place_ws/install/ur_simulation_gazebo' for CMake module files
[1.993s] colcon.colcon_core.event_handler.log_command DEBUG Invoked command in '/home/ubuntu/research_ws/ur10_pick_place_ws/build/ur_simulation_gazebo' returned '0': CMAKE_PREFIX_PATH=${CMAKE_PREFIX_PATH}:/home/ubuntu/ur_camera_ws/install/pick_place:/home/ubuntu/ur_camera_ws/install/easy_handeye2:/opt/ros/humble /usr/bin/cmake --install /home/ubuntu/research_ws/ur10_pick_place_ws/build/ur_simulation_gazebo
[1.993s] colcon.colcon_core.environment Level 1 checking '/home/ubuntu/research_ws/ur10_pick_place_ws/install/ur_simulation_gazebo' for CMake config files
[1.994s] colcon.colcon_core.shell Level 1 create_environment_hook('ur_simulation_gazebo', 'cmake_prefix_path')
[1.995s] colcon.colcon_core.shell INFO Creating environment hook '/home/ubuntu/research_ws/ur10_pick_place_ws/install/ur_simulation_gazebo/share/ur_simulation_gazebo/hook/cmake_prefix_path.ps1'
[1.996s] colcon.colcon_core.shell INFO Creating environment descriptor '/home/ubuntu/research_ws/ur10_pick_place_ws/install/ur_simulation_gazebo/share/ur_simulation_gazebo/hook/cmake_prefix_path.dsv'
[1.997s] colcon.colcon_core.shell INFO Creating environment hook '/home/ubuntu/research_ws/ur10_pick_place_ws/install/ur_simulation_gazebo/share/ur_simulation_gazebo/hook/cmake_prefix_path.sh'
[1.998s] colcon.colcon_core.environment Level 1 checking '/home/ubuntu/research_ws/ur10_pick_place_ws/install/ur_simulation_gazebo/bin'
[1.999s] colcon.colcon_core.environment Level 1 checking '/home/ubuntu/research_ws/ur10_pick_place_ws/install/ur_simulation_gazebo/lib/pkgconfig/ur_simulation_gazebo.pc'
[1.999s] colcon.colcon_core.environment Level 1 checking '/home/ubuntu/research_ws/ur10_pick_place_ws/install/ur_simulation_gazebo/lib/python3.10/site-packages'
[2.000s] colcon.colcon_core.environment Level 1 checking '/home/ubuntu/research_ws/ur10_pick_place_ws/install/ur_simulation_gazebo/bin'
[2.001s] colcon.colcon_core.shell INFO Creating package script '/home/ubuntu/research_ws/ur10_pick_place_ws/install/ur_simulation_gazebo/share/ur_simulation_gazebo/package.ps1'
[2.002s] colcon.colcon_core.shell INFO Creating package descriptor '/home/ubuntu/research_ws/ur10_pick_place_ws/install/ur_simulation_gazebo/share/ur_simulation_gazebo/package.dsv'
[2.003s] colcon.colcon_core.shell INFO Creating package script '/home/ubuntu/research_ws/ur10_pick_place_ws/install/ur_simulation_gazebo/share/ur_simulation_gazebo/package.sh'
[2.004s] colcon.colcon_core.shell INFO Creating package script '/home/ubuntu/research_ws/ur10_pick_place_ws/install/ur_simulation_gazebo/share/ur_simulation_gazebo/package.bash'
[2.005s] colcon.colcon_core.shell INFO Creating package script '/home/ubuntu/research_ws/ur10_pick_place_ws/install/ur_simulation_gazebo/share/ur_simulation_gazebo/package.zsh'
[2.005s] colcon.colcon_core.environment Level 1 create_file_with_runtime_dependencies(/home/ubuntu/research_ws/ur10_pick_place_ws/install/ur_simulation_gazebo/share/colcon-core/packages/ur_simulation_gazebo)
[2.007s] colcon.colcon_core.environment Level 1 create_environment_scripts_only(ur_simulation_gazebo)
[2.008s] colcon.colcon_core.environment Level 1 checking '/home/ubuntu/research_ws/ur10_pick_place_ws/install/ur_simulation_gazebo' for CMake module files
[2.009s] colcon.colcon_core.environment Level 1 checking '/home/ubuntu/research_ws/ur10_pick_place_ws/install/ur_simulation_gazebo' for CMake config files
[2.009s] colcon.colcon_core.shell Level 1 create_environment_hook('ur_simulation_gazebo', 'cmake_prefix_path')
[2.010s] colcon.colcon_core.shell INFO Creating environment hook '/home/ubuntu/research_ws/ur10_pick_place_ws/install/ur_simulation_gazebo/share/ur_simulation_gazebo/hook/cmake_prefix_path.ps1'
[2.011s] colcon.colcon_core.shell INFO Creating environment descriptor '/home/ubuntu/research_ws/ur10_pick_place_ws/install/ur_simulation_gazebo/share/ur_simulation_gazebo/hook/cmake_prefix_path.dsv'
[2.011s] colcon.colcon_core.shell INFO Creating environment hook '/home/ubuntu/research_ws/ur10_pick_place_ws/install/ur_simulation_gazebo/share/ur_simulation_gazebo/hook/cmake_prefix_path.sh'
[2.013s] colcon.colcon_core.environment Level 1 checking '/home/ubuntu/research_ws/ur10_pick_place_ws/install/ur_simulation_gazebo/bin'
[2.013s] colcon.colcon_core.environment Level 1 checking '/home/ubuntu/research_ws/ur10_pick_place_ws/install/ur_simulation_gazebo/lib/pkgconfig/ur_simulation_gazebo.pc'
[2.014s] colcon.colcon_core.environment Level 1 checking '/home/ubuntu/research_ws/ur10_pick_place_ws/install/ur_simulation_gazebo/lib/python3.10/site-packages'
[2.014s] colcon.colcon_core.environment Level 1 checking '/home/ubuntu/research_ws/ur10_pick_place_ws/install/ur_simulation_gazebo/bin'
[2.015s] colcon.colcon_core.shell INFO Creating package script '/home/ubuntu/research_ws/ur10_pick_place_ws/install/ur_simulation_gazebo/share/ur_simulation_gazebo/package.ps1'
[2.016s] colcon.colcon_core.shell INFO Creating package descriptor '/home/ubuntu/research_ws/ur10_pick_place_ws/install/ur_simulation_gazebo/share/ur_simulation_gazebo/package.dsv'
[2.018s] colcon.colcon_core.shell INFO Creating package script '/home/ubuntu/research_ws/ur10_pick_place_ws/install/ur_simulation_gazebo/share/ur_simulation_gazebo/package.sh'
[2.019s] colcon.colcon_core.shell INFO Creating package script '/home/ubuntu/research_ws/ur10_pick_place_ws/install/ur_simulation_gazebo/share/ur_simulation_gazebo/package.bash'
[2.020s] colcon.colcon_core.shell INFO Creating package script '/home/ubuntu/research_ws/ur10_pick_place_ws/install/ur_simulation_gazebo/share/ur_simulation_gazebo/package.zsh'
[2.021s] colcon.colcon_core.environment Level 1 create_file_with_runtime_dependencies(/home/ubuntu/research_ws/ur10_pick_place_ws/install/ur_simulation_gazebo/share/colcon-core/packages/ur_simulation_gazebo)
[2.028s] colcon.colcon_core.event_handler.log_command DEBUG Invoked command in '/home/ubuntu/research_ws/ur10_pick_place_ws/build/linkattacher_msgs' returned '0': CMAKE_PREFIX_PATH=${CMAKE_PREFIX_PATH}:/home/ubuntu/ur_camera_ws/install/pick_place:/home/ubuntu/ur_camera_ws/install/easy_handeye2:/opt/ros/humble /usr/bin/cmake --build /home/ubuntu/research_ws/ur10_pick_place_ws/build/linkattacher_msgs -- -j12 -l12
[2.029s] colcon.colcon_core.event_handler.log_command DEBUG Invoking command in '/home/ubuntu/research_ws/ur10_pick_place_ws/build/linkattacher_msgs': CMAKE_PREFIX_PATH=${CMAKE_PREFIX_PATH}:/home/ubuntu/ur_camera_ws/install/pick_place:/home/ubuntu/ur_camera_ws/install/easy_handeye2:/opt/ros/humble /usr/bin/cmake --install /home/ubuntu/research_ws/ur10_pick_place_ws/build/linkattacher_msgs
[2.030s] colcon.colcon_core.environment Level 1 create_environment_scripts_only(robotiq_controllers)
[2.030s] colcon.colcon_core.environment Level 1 checking '/home/ubuntu/research_ws/ur10_pick_place_ws/install/robotiq_controllers' for CMake module files
[2.033s] colcon.colcon_core.environment Level 1 checking '/home/ubuntu/research_ws/ur10_pick_place_ws/install/robotiq_controllers' for CMake config files
[2.036s] colcon.colcon_core.shell Level 1 create_environment_hook('robotiq_controllers', 'cmake_prefix_path')
[2.037s] colcon.colcon_core.shell INFO Creating environment hook '/home/ubuntu/research_ws/ur10_pick_place_ws/install/robotiq_controllers/share/robotiq_controllers/hook/cmake_prefix_path.ps1'
[2.039s] colcon.colcon_core.event_handler.log_command DEBUG Invoked command in '/home/ubuntu/research_ws/ur10_pick_place_ws/build/robotiq_controllers' returned '0': CMAKE_PREFIX_PATH=${CMAKE_PREFIX_PATH}:/home/ubuntu/ur_camera_ws/install/pick_place:/home/ubuntu/ur_camera_ws/install/easy_handeye2:/opt/ros/humble /usr/bin/cmake --install /home/ubuntu/research_ws/ur10_pick_place_ws/build/robotiq_controllers
[2.040s] colcon.colcon_core.shell INFO Creating environment descriptor '/home/ubuntu/research_ws/ur10_pick_place_ws/install/robotiq_controllers/share/robotiq_controllers/hook/cmake_prefix_path.dsv'
[2.041s] colcon.colcon_core.shell INFO Creating environment hook '/home/ubuntu/research_ws/ur10_pick_place_ws/install/robotiq_controllers/share/robotiq_controllers/hook/cmake_prefix_path.sh'
[2.042s] colcon.colcon_core.environment Level 1 checking '/home/ubuntu/research_ws/ur10_pick_place_ws/install/robotiq_controllers/lib'
[2.042s] colcon.colcon_core.shell Level 1 create_environment_hook('robotiq_controllers', 'ld_library_path_lib')
[2.043s] colcon.colcon_core.shell INFO Creating environment hook '/home/ubuntu/research_ws/ur10_pick_place_ws/install/robotiq_controllers/share/robotiq_controllers/hook/ld_library_path_lib.ps1'
[2.044s] colcon.colcon_core.shell INFO Creating environment descriptor '/home/ubuntu/research_ws/ur10_pick_place_ws/install/robotiq_controllers/share/robotiq_controllers/hook/ld_library_path_lib.dsv'
[2.045s] colcon.colcon_core.shell INFO Creating environment hook '/home/ubuntu/research_ws/ur10_pick_place_ws/install/robotiq_controllers/share/robotiq_controllers/hook/ld_library_path_lib.sh'
[2.045s] colcon.colcon_core.environment Level 1 checking '/home/ubuntu/research_ws/ur10_pick_place_ws/install/robotiq_controllers/bin'
[2.046s] colcon.colcon_core.environment Level 1 checking '/home/ubuntu/research_ws/ur10_pick_place_ws/install/robotiq_controllers/lib/pkgconfig/robotiq_controllers.pc'
[2.046s] colcon.colcon_core.environment Level 1 checking '/home/ubuntu/research_ws/ur10_pick_place_ws/install/robotiq_controllers/lib/python3.10/site-packages'
[2.047s] colcon.colcon_core.environment Level 1 checking '/home/ubuntu/research_ws/ur10_pick_place_ws/install/robotiq_controllers/bin'
[2.048s] colcon.colcon_core.shell INFO Creating package script '/home/ubuntu/research_ws/ur10_pick_place_ws/install/robotiq_controllers/share/robotiq_controllers/package.ps1'
[2.049s] colcon.colcon_core.shell INFO Creating package descriptor '/home/ubuntu/research_ws/ur10_pick_place_ws/install/robotiq_controllers/share/robotiq_controllers/package.dsv'
[2.050s] colcon.colcon_core.shell INFO Creating package script '/home/ubuntu/research_ws/ur10_pick_place_ws/install/robotiq_controllers/share/robotiq_controllers/package.sh'
[2.051s] colcon.colcon_core.shell INFO Creating package script '/home/ubuntu/research_ws/ur10_pick_place_ws/install/robotiq_controllers/share/robotiq_controllers/package.bash'
[2.052s] colcon.colcon_core.shell INFO Creating package script '/home/ubuntu/research_ws/ur10_pick_place_ws/install/robotiq_controllers/share/robotiq_controllers/package.zsh'
[2.052s] colcon.colcon_core.environment Level 1 create_file_with_runtime_dependencies(/home/ubuntu/research_ws/ur10_pick_place_ws/install/robotiq_controllers/share/colcon-core/packages/robotiq_controllers)
[2.054s] colcon.colcon_core.environment Level 1 create_environment_scripts_only(robotiq_controllers)
[2.054s] colcon.colcon_core.environment Level 1 checking '/home/ubuntu/research_ws/ur10_pick_place_ws/install/robotiq_controllers' for CMake module files
[2.055s] colcon.colcon_core.environment Level 1 checking '/home/ubuntu/research_ws/ur10_pick_place_ws/install/robotiq_controllers' for CMake config files
[2.056s] colcon.colcon_core.shell Level 1 create_environment_hook('robotiq_controllers', 'cmake_prefix_path')
[2.056s] colcon.colcon_core.shell INFO Creating environment hook '/home/ubuntu/research_ws/ur10_pick_place_ws/install/robotiq_controllers/share/robotiq_controllers/hook/cmake_prefix_path.ps1'
[2.057s] colcon.colcon_core.shell INFO Creating environment descriptor '/home/ubuntu/research_ws/ur10_pick_place_ws/install/robotiq_controllers/share/robotiq_controllers/hook/cmake_prefix_path.dsv'
[2.058s] colcon.colcon_core.shell INFO Creating environment hook '/home/ubuntu/research_ws/ur10_pick_place_ws/install/robotiq_controllers/share/robotiq_controllers/hook/cmake_prefix_path.sh'
[2.059s] colcon.colcon_core.environment Level 1 checking '/home/ubuntu/research_ws/ur10_pick_place_ws/install/robotiq_controllers/lib'
[2.060s] colcon.colcon_core.shell Level 1 create_environment_hook('robotiq_controllers', 'ld_library_path_lib')
[2.060s] colcon.colcon_core.shell INFO Creating environment hook '/home/ubuntu/research_ws/ur10_pick_place_ws/install/robotiq_controllers/share/robotiq_controllers/hook/ld_library_path_lib.ps1'
[2.061s] colcon.colcon_core.shell INFO Creating environment descriptor '/home/ubuntu/research_ws/ur10_pick_place_ws/install/robotiq_controllers/share/robotiq_controllers/hook/ld_library_path_lib.dsv'
[2.062s] colcon.colcon_core.shell INFO Creating environment hook '/home/ubuntu/research_ws/ur10_pick_place_ws/install/robotiq_controllers/share/robotiq_controllers/hook/ld_library_path_lib.sh'
[2.063s] colcon.colcon_core.environment Level 1 checking '/home/ubuntu/research_ws/ur10_pick_place_ws/install/robotiq_controllers/bin'
[2.064s] colcon.colcon_core.environment Level 1 checking '/home/ubuntu/research_ws/ur10_pick_place_ws/install/robotiq_controllers/lib/pkgconfig/robotiq_controllers.pc'
[2.064s] colcon.colcon_core.environment Level 1 checking '/home/ubuntu/research_ws/ur10_pick_place_ws/install/robotiq_controllers/lib/python3.10/site-packages'
[2.065s] colcon.colcon_core.environment Level 1 checking '/home/ubuntu/research_ws/ur10_pick_place_ws/install/robotiq_controllers/bin'
[2.066s] colcon.colcon_core.shell INFO Creating package script '/home/ubuntu/research_ws/ur10_pick_place_ws/install/robotiq_controllers/share/robotiq_controllers/package.ps1'
[2.067s] colcon.colcon_core.shell INFO Creating package descriptor '/home/ubuntu/research_ws/ur10_pick_place_ws/install/robotiq_controllers/share/robotiq_controllers/package.dsv'
[2.068s] colcon.colcon_core.shell INFO Creating package script '/home/ubuntu/research_ws/ur10_pick_place_ws/install/robotiq_controllers/share/robotiq_controllers/package.sh'
[2.069s] colcon.colcon_core.shell INFO Creating package script '/home/ubuntu/research_ws/ur10_pick_place_ws/install/robotiq_controllers/share/robotiq_controllers/package.bash'
[2.070s] colcon.colcon_core.shell INFO Creating package script '/home/ubuntu/research_ws/ur10_pick_place_ws/install/robotiq_controllers/share/robotiq_controllers/package.zsh'
[2.071s] colcon.colcon_core.environment Level 1 create_file_with_runtime_dependencies(/home/ubuntu/research_ws/ur10_pick_place_ws/install/robotiq_controllers/share/colcon-core/packages/robotiq_controllers)
[2.156s] colcon.colcon_core.environment Level 1 create_environment_scripts_only(linkattacher_msgs)
[2.157s] colcon.colcon_core.environment Level 1 checking '/home/ubuntu/research_ws/ur10_pick_place_ws/install/linkattacher_msgs' for CMake module files
[2.158s] colcon.colcon_core.event_handler.log_command DEBUG Invoked command in '/home/ubuntu/research_ws/ur10_pick_place_ws/build/linkattacher_msgs' returned '0': CMAKE_PREFIX_PATH=${CMAKE_PREFIX_PATH}:/home/ubuntu/ur_camera_ws/install/pick_place:/home/ubuntu/ur_camera_ws/install/easy_handeye2:/opt/ros/humble /usr/bin/cmake --install /home/ubuntu/research_ws/ur10_pick_place_ws/build/linkattacher_msgs
[2.160s] colcon.colcon_core.environment Level 1 checking '/home/ubuntu/research_ws/ur10_pick_place_ws/install/linkattacher_msgs' for CMake config files
[2.163s] colcon.colcon_core.shell Level 1 create_environment_hook('linkattacher_msgs', 'cmake_prefix_path')
[2.163s] colcon.colcon_core.shell INFO Creating environment hook '/home/ubuntu/research_ws/ur10_pick_place_ws/install/linkattacher_msgs/share/linkattacher_msgs/hook/cmake_prefix_path.ps1'
[2.165s] colcon.colcon_core.shell INFO Creating environment descriptor '/home/ubuntu/research_ws/ur10_pick_place_ws/install/linkattacher_msgs/share/linkattacher_msgs/hook/cmake_prefix_path.dsv'
[2.166s] colcon.colcon_core.shell INFO Creating environment hook '/home/ubuntu/research_ws/ur10_pick_place_ws/install/linkattacher_msgs/share/linkattacher_msgs/hook/cmake_prefix_path.sh'
[2.168s] colcon.colcon_core.environment Level 1 checking '/home/ubuntu/research_ws/ur10_pick_place_ws/install/linkattacher_msgs/lib'
[2.168s] colcon.colcon_core.shell Level 1 create_environment_hook('linkattacher_msgs', 'ld_library_path_lib')
[2.169s] colcon.colcon_core.shell INFO Creating environment hook '/home/ubuntu/research_ws/ur10_pick_place_ws/install/linkattacher_msgs/share/linkattacher_msgs/hook/ld_library_path_lib.ps1'
[2.170s] colcon.colcon_core.shell INFO Creating environment descriptor '/home/ubuntu/research_ws/ur10_pick_place_ws/install/linkattacher_msgs/share/linkattacher_msgs/hook/ld_library_path_lib.dsv'
[2.172s] colcon.colcon_core.shell INFO Creating environment hook '/home/ubuntu/research_ws/ur10_pick_place_ws/install/linkattacher_msgs/share/linkattacher_msgs/hook/ld_library_path_lib.sh'
[2.174s] colcon.colcon_core.environment Level 1 checking '/home/ubuntu/research_ws/ur10_pick_place_ws/install/linkattacher_msgs/bin'
[2.174s] colcon.colcon_core.environment Level 1 checking '/home/ubuntu/research_ws/ur10_pick_place_ws/install/linkattacher_msgs/lib/pkgconfig/linkattacher_msgs.pc'
[2.175s] colcon.colcon_core.environment Level 1 checking '/home/ubuntu/research_ws/ur10_pick_place_ws/install/linkattacher_msgs/lib/python3.10/site-packages'
[2.176s] colcon.colcon_core.environment Level 1 checking '/home/ubuntu/research_ws/ur10_pick_place_ws/install/linkattacher_msgs/bin'
[2.177s] colcon.colcon_core.shell INFO Creating package script '/home/ubuntu/research_ws/ur10_pick_place_ws/install/linkattacher_msgs/share/linkattacher_msgs/package.ps1'
[2.179s] colcon.colcon_core.shell INFO Creating package descriptor '/home/ubuntu/research_ws/ur10_pick_place_ws/install/linkattacher_msgs/share/linkattacher_msgs/package.dsv'
[2.180s] colcon.colcon_core.shell INFO Creating package script '/home/ubuntu/research_ws/ur10_pick_place_ws/install/linkattacher_msgs/share/linkattacher_msgs/package.sh'
[2.182s] colcon.colcon_core.shell INFO Creating package script '/home/ubuntu/research_ws/ur10_pick_place_ws/install/linkattacher_msgs/share/linkattacher_msgs/package.bash'
[2.183s] colcon.colcon_core.shell INFO Creating package script '/home/ubuntu/research_ws/ur10_pick_place_ws/install/linkattacher_msgs/share/linkattacher_msgs/package.zsh'
[2.184s] colcon.colcon_core.environment Level 1 create_file_with_runtime_dependencies(/home/ubuntu/research_ws/ur10_pick_place_ws/install/linkattacher_msgs/share/colcon-core/packages/linkattacher_msgs)
[2.186s] colcon.colcon_core.environment Level 1 create_environment_scripts_only(linkattacher_msgs)
[2.187s] colcon.colcon_core.environment Level 1 checking '/home/ubuntu/research_ws/ur10_pick_place_ws/install/linkattacher_msgs' for CMake module files
[2.188s] colcon.colcon_core.environment Level 1 checking '/home/ubuntu/research_ws/ur10_pick_place_ws/install/linkattacher_msgs' for CMake config files
[2.191s] colcon.colcon_core.shell Level 1 create_environment_hook('linkattacher_msgs', 'cmake_prefix_path')
[2.191s] colcon.colcon_core.shell INFO Creating environment hook '/home/ubuntu/research_ws/ur10_pick_place_ws/install/linkattacher_msgs/share/linkattacher_msgs/hook/cmake_prefix_path.ps1'
[2.192s] colcon.colcon_core.shell INFO Creating environment descriptor '/home/ubuntu/research_ws/ur10_pick_place_ws/install/linkattacher_msgs/share/linkattacher_msgs/hook/cmake_prefix_path.dsv'
[2.193s] colcon.colcon_core.shell INFO Creating environment hook '/home/ubuntu/research_ws/ur10_pick_place_ws/install/linkattacher_msgs/share/linkattacher_msgs/hook/cmake_prefix_path.sh'
[2.195s] colcon.colcon_core.environment Level 1 checking '/home/ubuntu/research_ws/ur10_pick_place_ws/install/linkattacher_msgs/lib'
[2.195s] colcon.colcon_core.shell Level 1 create_environment_hook('linkattacher_msgs', 'ld_library_path_lib')
[2.196s] colcon.colcon_core.shell INFO Creating environment hook '/home/ubuntu/research_ws/ur10_pick_place_ws/install/linkattacher_msgs/share/linkattacher_msgs/hook/ld_library_path_lib.ps1'
[2.197s] colcon.colcon_core.shell INFO Creating environment descriptor '/home/ubuntu/research_ws/ur10_pick_place_ws/install/linkattacher_msgs/share/linkattacher_msgs/hook/ld_library_path_lib.dsv'
[2.198s] colcon.colcon_core.shell INFO Creating environment hook '/home/ubuntu/research_ws/ur10_pick_place_ws/install/linkattacher_msgs/share/linkattacher_msgs/hook/ld_library_path_lib.sh'
[2.199s] colcon.colcon_core.environment Level 1 checking '/home/ubuntu/research_ws/ur10_pick_place_ws/install/linkattacher_msgs/bin'
[2.199s] colcon.colcon_core.environment Level 1 checking '/home/ubuntu/research_ws/ur10_pick_place_ws/install/linkattacher_msgs/lib/pkgconfig/linkattacher_msgs.pc'
[2.200s] colcon.colcon_core.environment Level 1 checking '/home/ubuntu/research_ws/ur10_pick_place_ws/install/linkattacher_msgs/lib/python3.10/site-packages'
[2.200s] colcon.colcon_core.environment Level 1 checking '/home/ubuntu/research_ws/ur10_pick_place_ws/install/linkattacher_msgs/bin'
[2.201s] colcon.colcon_core.shell INFO Creating package script '/home/ubuntu/research_ws/ur10_pick_place_ws/install/linkattacher_msgs/share/linkattacher_msgs/package.ps1'
[2.203s] colcon.colcon_core.shell INFO Creating package descriptor '/home/ubuntu/research_ws/ur10_pick_place_ws/install/linkattacher_msgs/share/linkattacher_msgs/package.dsv'
[2.204s] colcon.colcon_core.shell INFO Creating package script '/home/ubuntu/research_ws/ur10_pick_place_ws/install/linkattacher_msgs/share/linkattacher_msgs/package.sh'
[2.205s] colcon.colcon_core.shell INFO Creating package script '/home/ubuntu/research_ws/ur10_pick_place_ws/install/linkattacher_msgs/share/linkattacher_msgs/package.bash'
[2.206s] colcon.colcon_core.shell INFO Creating package script '/home/ubuntu/research_ws/ur10_pick_place_ws/install/linkattacher_msgs/share/linkattacher_msgs/package.zsh'
[2.207s] colcon.colcon_core.environment Level 1 create_file_with_runtime_dependencies(/home/ubuntu/research_ws/ur10_pick_place_ws/install/linkattacher_msgs/share/colcon-core/packages/linkattacher_msgs)
[2.208s] colcon.colcon_ros.task.ament_cmake.build INFO Building ROS package in '/home/ubuntu/research_ws/ur10_pick_place_ws/src/ur_yt_sim' with build type 'ament_cmake'
[2.208s] colcon.colcon_cmake.task.cmake.build INFO Building CMake package in '/home/ubuntu/research_ws/ur10_pick_place_ws/src/ur_yt_sim'
[2.209s] colcon.colcon_core.shell INFO Skip shell extension 'powershell' for command environment: Not usable outside of PowerShell
[2.209s] colcon.colcon_core.shell DEBUG Skip shell extension 'dsv' for command environment
[2.223s] colcon.colcon_ros.task.ament_cmake.build INFO Building ROS package in '/home/ubuntu/research_ws/ur10_pick_place_ws/src/linkattacher_plugin' with build type 'ament_cmake'
[2.224s] colcon.colcon_cmake.task.cmake.build INFO Building CMake package in '/home/ubuntu/research_ws/ur10_pick_place_ws/src/linkattacher_plugin'
[2.225s] colcon.colcon_core.shell INFO Skip shell extension 'powershell' for command environment: Not usable outside of PowerShell
[2.225s] colcon.colcon_core.shell DEBUG Skip shell extension 'dsv' for command environment
[2.243s] colcon.colcon_core.event_handler.log_command DEBUG Invoking command in '/home/ubuntu/research_ws/ur10_pick_place_ws/build/ur_yt_sim': AMENT_PREFIX_PATH=/home/ubuntu/research_ws/ur10_pick_place_ws/install/linkattacher_msgs:${AMENT_PREFIX_PATH} CMAKE_PREFIX_PATH=/home/ubuntu/research_ws/ur10_pick_place_ws/install/linkattacher_msgs:/home/ubuntu/ur_camera_ws/install/ur_moveit_config:/home/ubuntu/ur_camera_ws/install/easy_handeye2_msgs:/home/ubuntu/ur_camera_ws/install/depthai-ros:/home/ubuntu/ur_camera_ws/install/depthai_ros_driver:/home/ubuntu/ur_camera_ws/install/depthai_filters:/home/ubuntu/ur_camera_ws/install/depthai_examples:/home/ubuntu/ur_camera_ws/install/depthai_bridge:/home/ubuntu/ur_camera_ws/install/depthai_ros_msgs:/home/ubuntu/ur_camera_ws/install/depthai_descriptions:/home/ubuntu/ur_camera_ws/install/pick_place:/home/ubuntu/ur_camera_ws/install/easy_handeye2:/opt/ros/humble LD_LIBRARY_PATH=/home/ubuntu/research_ws/ur10_pick_place_ws/install/linkattacher_msgs/lib:${LD_LIBRARY_PATH} PYTHONPATH=/home/ubuntu/research_ws/ur10_pick_place_ws/install/linkattacher_msgs/local/lib/python3.10/dist-packages:${PYTHONPATH} /usr/bin/cmake --build /home/ubuntu/research_ws/ur10_pick_place_ws/build/ur_yt_sim -- -j12 -l12
[2.249s] colcon.colcon_core.event_handler.log_command DEBUG Invoking command in '/home/ubuntu/research_ws/ur10_pick_place_ws/build/ros2_linkattacher': AMENT_PREFIX_PATH=/home/ubuntu/research_ws/ur10_pick_place_ws/install/linkattacher_msgs:${AMENT_PREFIX_PATH} CMAKE_PREFIX_PATH=/home/ubuntu/research_ws/ur10_pick_place_ws/install/linkattacher_msgs:/home/ubuntu/ur_camera_ws/install/ur_moveit_config:/home/ubuntu/ur_camera_ws/install/easy_handeye2_msgs:/home/ubuntu/ur_camera_ws/install/depthai-ros:/home/ubuntu/ur_camera_ws/install/depthai_ros_driver:/home/ubuntu/ur_camera_ws/install/depthai_filters:/home/ubuntu/ur_camera_ws/install/depthai_examples:/home/ubuntu/ur_camera_ws/install/depthai_bridge:/home/ubuntu/ur_camera_ws/install/depthai_ros_msgs:/home/ubuntu/ur_camera_ws/install/depthai_descriptions:/home/ubuntu/ur_camera_ws/install/pick_place:/home/ubuntu/ur_camera_ws/install/easy_handeye2:/opt/ros/humble LD_LIBRARY_PATH=/home/ubuntu/research_ws/ur10_pick_place_ws/install/linkattacher_msgs/lib:${LD_LIBRARY_PATH} PYTHONPATH=/home/ubuntu/research_ws/ur10_pick_place_ws/install/linkattacher_msgs/local/lib/python3.10/dist-packages:${PYTHONPATH} /usr/bin/cmake --build /home/ubuntu/research_ws/ur10_pick_place_ws/build/ros2_linkattacher -- -j12 -l12
[2.325s] colcon.colcon_core.event_handler.log_command DEBUG Invoked command in '/home/ubuntu/research_ws/ur10_pick_place_ws/build/ros2_linkattacher' returned '0': AMENT_PREFIX_PATH=/home/ubuntu/research_ws/ur10_pick_place_ws/install/linkattacher_msgs:${AMENT_PREFIX_PATH} CMAKE_PREFIX_PATH=/home/ubuntu/research_ws/ur10_pick_place_ws/install/linkattacher_msgs:/home/ubuntu/ur_camera_ws/install/ur_moveit_config:/home/ubuntu/ur_camera_ws/install/easy_handeye2_msgs:/home/ubuntu/ur_camera_ws/install/depthai-ros:/home/ubuntu/ur_camera_ws/install/depthai_ros_driver:/home/ubuntu/ur_camera_ws/install/depthai_filters:/home/ubuntu/ur_camera_ws/install/depthai_examples:/home/ubuntu/ur_camera_ws/install/depthai_bridge:/home/ubuntu/ur_camera_ws/install/depthai_ros_msgs:/home/ubuntu/ur_camera_ws/install/depthai_descriptions:/home/ubuntu/ur_camera_ws/install/pick_place:/home/ubuntu/ur_camera_ws/install/easy_handeye2:/opt/ros/humble LD_LIBRARY_PATH=/home/ubuntu/research_ws/ur10_pick_place_ws/install/linkattacher_msgs/lib:${LD_LIBRARY_PATH} PYTHONPATH=/home/ubuntu/research_ws/ur10_pick_place_ws/install/linkattacher_msgs/local/lib/python3.10/dist-packages:${PYTHONPATH} /usr/bin/cmake --build /home/ubuntu/research_ws/ur10_pick_place_ws/build/ros2_linkattacher -- -j12 -l12
[2.328s] colcon.colcon_core.event_handler.log_command DEBUG Invoking command in '/home/ubuntu/research_ws/ur10_pick_place_ws/build/ros2_linkattacher': AMENT_PREFIX_PATH=/home/ubuntu/research_ws/ur10_pick_place_ws/install/linkattacher_msgs:${AMENT_PREFIX_PATH} CMAKE_PREFIX_PATH=/home/ubuntu/research_ws/ur10_pick_place_ws/install/linkattacher_msgs:/home/ubuntu/ur_camera_ws/install/ur_moveit_config:/home/ubuntu/ur_camera_ws/install/easy_handeye2_msgs:/home/ubuntu/ur_camera_ws/install/depthai-ros:/home/ubuntu/ur_camera_ws/install/depthai_ros_driver:/home/ubuntu/ur_camera_ws/install/depthai_filters:/home/ubuntu/ur_camera_ws/install/depthai_examples:/home/ubuntu/ur_camera_ws/install/depthai_bridge:/home/ubuntu/ur_camera_ws/install/depthai_ros_msgs:/home/ubuntu/ur_camera_ws/install/depthai_descriptions:/home/ubuntu/ur_camera_ws/install/pick_place:/home/ubuntu/ur_camera_ws/install/easy_handeye2:/opt/ros/humble LD_LIBRARY_PATH=/home/ubuntu/research_ws/ur10_pick_place_ws/install/linkattacher_msgs/lib:${LD_LIBRARY_PATH} PYTHONPATH=/home/ubuntu/research_ws/ur10_pick_place_ws/install/linkattacher_msgs/local/lib/python3.10/dist-packages:${PYTHONPATH} /usr/bin/cmake --install /home/ubuntu/research_ws/ur10_pick_place_ws/build/ros2_linkattacher
[2.348s] colcon.colcon_core.environment Level 1 create_environment_scripts_only(ros2_linkattacher)
[2.349s] colcon.colcon_core.environment Level 1 checking '/home/ubuntu/research_ws/ur10_pick_place_ws/install/ros2_linkattacher' for CMake module files
[2.350s] colcon.colcon_core.event_handler.log_command DEBUG Invoked command in '/home/ubuntu/research_ws/ur10_pick_place_ws/build/ros2_linkattacher' returned '0': AMENT_PREFIX_PATH=/home/ubuntu/research_ws/ur10_pick_place_ws/install/linkattacher_msgs:${AMENT_PREFIX_PATH} CMAKE_PREFIX_PATH=/home/ubuntu/research_ws/ur10_pick_place_ws/install/linkattacher_msgs:/home/ubuntu/ur_camera_ws/install/ur_moveit_config:/home/ubuntu/ur_camera_ws/install/easy_handeye2_msgs:/home/ubuntu/ur_camera_ws/install/depthai-ros:/home/ubuntu/ur_camera_ws/install/depthai_ros_driver:/home/ubuntu/ur_camera_ws/install/depthai_filters:/home/ubuntu/ur_camera_ws/install/depthai_examples:/home/ubuntu/ur_camera_ws/install/depthai_bridge:/home/ubuntu/ur_camera_ws/install/depthai_ros_msgs:/home/ubuntu/ur_camera_ws/install/depthai_descriptions:/home/ubuntu/ur_camera_ws/install/pick_place:/home/ubuntu/ur_camera_ws/install/easy_handeye2:/opt/ros/humble LD_LIBRARY_PATH=/home/ubuntu/research_ws/ur10_pick_place_ws/install/linkattacher_msgs/lib:${LD_LIBRARY_PATH} PYTHONPATH=/home/ubuntu/research_ws/ur10_pick_place_ws/install/linkattacher_msgs/local/lib/python3.10/dist-packages:${PYTHONPATH} /usr/bin/cmake --install /home/ubuntu/research_ws/ur10_pick_place_ws/build/ros2_linkattacher
[2.350s] colcon.colcon_core.environment Level 1 checking '/home/ubuntu/research_ws/ur10_pick_place_ws/install/ros2_linkattacher' for CMake config files
[2.351s] colcon.colcon_core.shell Level 1 create_environment_hook('ros2_linkattacher', 'cmake_prefix_path')
[2.351s] colcon.colcon_core.shell INFO Creating environment hook '/home/ubuntu/research_ws/ur10_pick_place_ws/install/ros2_linkattacher/share/ros2_linkattacher/hook/cmake_prefix_path.ps1'
[2.353s] colcon.colcon_core.shell INFO Creating environment descriptor '/home/ubuntu/research_ws/ur10_pick_place_ws/install/ros2_linkattacher/share/ros2_linkattacher/hook/cmake_prefix_path.dsv'
[2.354s] colcon.colcon_core.shell INFO Creating environment hook '/home/ubuntu/research_ws/ur10_pick_place_ws/install/ros2_linkattacher/share/ros2_linkattacher/hook/cmake_prefix_path.sh'
[2.355s] colcon.colcon_core.environment Level 1 checking '/home/ubuntu/research_ws/ur10_pick_place_ws/install/ros2_linkattacher/bin'
[2.355s] colcon.colcon_core.environment Level 1 checking '/home/ubuntu/research_ws/ur10_pick_place_ws/install/ros2_linkattacher/lib/pkgconfig/ros2_linkattacher.pc'
[2.356s] colcon.colcon_core.environment Level 1 checking '/home/ubuntu/research_ws/ur10_pick_place_ws/install/ros2_linkattacher/lib/python3.10/site-packages'
[2.356s] colcon.colcon_core.environment Level 1 checking '/home/ubuntu/research_ws/ur10_pick_place_ws/install/ros2_linkattacher/bin'
[2.357s] colcon.colcon_core.shell INFO Creating package script '/home/ubuntu/research_ws/ur10_pick_place_ws/install/ros2_linkattacher/share/ros2_linkattacher/package.ps1'
[2.358s] colcon.colcon_core.shell INFO Creating package descriptor '/home/ubuntu/research_ws/ur10_pick_place_ws/install/ros2_linkattacher/share/ros2_linkattacher/package.dsv'
[2.359s] colcon.colcon_core.shell INFO Creating package script '/home/ubuntu/research_ws/ur10_pick_place_ws/install/ros2_linkattacher/share/ros2_linkattacher/package.sh'
[2.361s] colcon.colcon_core.shell INFO Creating package script '/home/ubuntu/research_ws/ur10_pick_place_ws/install/ros2_linkattacher/share/ros2_linkattacher/package.bash'
[2.362s] colcon.colcon_core.shell INFO Creating package script '/home/ubuntu/research_ws/ur10_pick_place_ws/install/ros2_linkattacher/share/ros2_linkattacher/package.zsh'
[2.362s] colcon.colcon_core.environment Level 1 create_file_with_runtime_dependencies(/home/ubuntu/research_ws/ur10_pick_place_ws/install/ros2_linkattacher/share/colcon-core/packages/ros2_linkattacher)
[2.364s] colcon.colcon_core.environment Level 1 create_environment_scripts_only(ros2_linkattacher)
[2.364s] colcon.colcon_core.environment Level 1 checking '/home/ubuntu/research_ws/ur10_pick_place_ws/install/ros2_linkattacher' for CMake module files
[2.365s] colcon.colcon_core.environment Level 1 checking '/home/ubuntu/research_ws/ur10_pick_place_ws/install/ros2_linkattacher' for CMake config files
[2.366s] colcon.colcon_core.shell Level 1 create_environment_hook('ros2_linkattacher', 'cmake_prefix_path')
[2.366s] colcon.colcon_core.shell INFO Creating environment hook '/home/ubuntu/research_ws/ur10_pick_place_ws/install/ros2_linkattacher/share/ros2_linkattacher/hook/cmake_prefix_path.ps1'
[2.367s] colcon.colcon_core.shell INFO Creating environment descriptor '/home/ubuntu/research_ws/ur10_pick_place_ws/install/ros2_linkattacher/share/ros2_linkattacher/hook/cmake_prefix_path.dsv'
[2.368s] colcon.colcon_core.shell INFO Creating environment hook '/home/ubuntu/research_ws/ur10_pick_place_ws/install/ros2_linkattacher/share/ros2_linkattacher/hook/cmake_prefix_path.sh'
[2.369s] colcon.colcon_core.environment Level 1 checking '/home/ubuntu/research_ws/ur10_pick_place_ws/install/ros2_linkattacher/bin'
[2.369s] colcon.colcon_core.environment Level 1 checking '/home/ubuntu/research_ws/ur10_pick_place_ws/install/ros2_linkattacher/lib/pkgconfig/ros2_linkattacher.pc'
[2.370s] colcon.colcon_core.environment Level 1 checking '/home/ubuntu/research_ws/ur10_pick_place_ws/install/ros2_linkattacher/lib/python3.10/site-packages'
[2.370s] colcon.colcon_core.environment Level 1 checking '/home/ubuntu/research_ws/ur10_pick_place_ws/install/ros2_linkattacher/bin'
[2.371s] colcon.colcon_core.shell INFO Creating package script '/home/ubuntu/research_ws/ur10_pick_place_ws/install/ros2_linkattacher/share/ros2_linkattacher/package.ps1'
[2.379s] colcon.colcon_core.shell INFO Creating package descriptor '/home/ubuntu/research_ws/ur10_pick_place_ws/install/ros2_linkattacher/share/ros2_linkattacher/package.dsv'
[2.380s] colcon.colcon_core.shell INFO Creating package script '/home/ubuntu/research_ws/ur10_pick_place_ws/install/ros2_linkattacher/share/ros2_linkattacher/package.sh'
[2.381s] colcon.colcon_core.shell INFO Creating package script '/home/ubuntu/research_ws/ur10_pick_place_ws/install/ros2_linkattacher/share/ros2_linkattacher/package.bash'
[2.382s] colcon.colcon_core.shell INFO Creating package script '/home/ubuntu/research_ws/ur10_pick_place_ws/install/ros2_linkattacher/share/ros2_linkattacher/package.zsh'
[2.383s] colcon.colcon_core.environment Level 1 create_file_with_runtime_dependencies(/home/ubuntu/research_ws/ur10_pick_place_ws/install/ros2_linkattacher/share/colcon-core/packages/ros2_linkattacher)
[2.421s] colcon.colcon_core.event_handler.log_command DEBUG Invoked command in '/home/ubuntu/research_ws/ur10_pick_place_ws/build/ur_yt_sim' returned '0': AMENT_PREFIX_PATH=/home/ubuntu/research_ws/ur10_pick_place_ws/install/linkattacher_msgs:${AMENT_PREFIX_PATH} CMAKE_PREFIX_PATH=/home/ubuntu/research_ws/ur10_pick_place_ws/install/linkattacher_msgs:/home/ubuntu/ur_camera_ws/install/ur_moveit_config:/home/ubuntu/ur_camera_ws/install/easy_handeye2_msgs:/home/ubuntu/ur_camera_ws/install/depthai-ros:/home/ubuntu/ur_camera_ws/install/depthai_ros_driver:/home/ubuntu/ur_camera_ws/install/depthai_filters:/home/ubuntu/ur_camera_ws/install/depthai_examples:/home/ubuntu/ur_camera_ws/install/depthai_bridge:/home/ubuntu/ur_camera_ws/install/depthai_ros_msgs:/home/ubuntu/ur_camera_ws/install/depthai_descriptions:/home/ubuntu/ur_camera_ws/install/pick_place:/home/ubuntu/ur_camera_ws/install/easy_handeye2:/opt/ros/humble LD_LIBRARY_PATH=/home/ubuntu/research_ws/ur10_pick_place_ws/install/linkattacher_msgs/lib:${LD_LIBRARY_PATH} PYTHONPATH=/home/ubuntu/research_ws/ur10_pick_place_ws/install/linkattacher_msgs/local/lib/python3.10/dist-packages:${PYTHONPATH} /usr/bin/cmake --build /home/ubuntu/research_ws/ur10_pick_place_ws/build/ur_yt_sim -- -j12 -l12
[2.423s] colcon.colcon_core.event_handler.log_command DEBUG Invoking command in '/home/ubuntu/research_ws/ur10_pick_place_ws/build/ur_yt_sim': AMENT_PREFIX_PATH=/home/ubuntu/research_ws/ur10_pick_place_ws/install/linkattacher_msgs:${AMENT_PREFIX_PATH} CMAKE_PREFIX_PATH=/home/ubuntu/research_ws/ur10_pick_place_ws/install/linkattacher_msgs:/home/ubuntu/ur_camera_ws/install/ur_moveit_config:/home/ubuntu/ur_camera_ws/install/easy_handeye2_msgs:/home/ubuntu/ur_camera_ws/install/depthai-ros:/home/ubuntu/ur_camera_ws/install/depthai_ros_driver:/home/ubuntu/ur_camera_ws/install/depthai_filters:/home/ubuntu/ur_camera_ws/install/depthai_examples:/home/ubuntu/ur_camera_ws/install/depthai_bridge:/home/ubuntu/ur_camera_ws/install/depthai_ros_msgs:/home/ubuntu/ur_camera_ws/install/depthai_descriptions:/home/ubuntu/ur_camera_ws/install/pick_place:/home/ubuntu/ur_camera_ws/install/easy_handeye2:/opt/ros/humble LD_LIBRARY_PATH=/home/ubuntu/research_ws/ur10_pick_place_ws/install/linkattacher_msgs/lib:${LD_LIBRARY_PATH} PYTHONPATH=/home/ubuntu/research_ws/ur10_pick_place_ws/install/linkattacher_msgs/local/lib/python3.10/dist-packages:${PYTHONPATH} /usr/bin/cmake --install /home/ubuntu/research_ws/ur10_pick_place_ws/build/ur_yt_sim
[2.451s] colcon.colcon_core.environment Level 1 create_environment_scripts_only(ur_yt_sim)
[2.452s] colcon.colcon_core.environment Level 1 checking '/home/ubuntu/research_ws/ur10_pick_place_ws/install/ur_yt_sim' for CMake module files
[2.455s] colcon.colcon_core.environment Level 1 checking '/home/ubuntu/research_ws/ur10_pick_place_ws/install/ur_yt_sim' for CMake config files
[2.459s] colcon.colcon_core.event_handler.log_command DEBUG Invoked command in '/home/ubuntu/research_ws/ur10_pick_place_ws/build/ur_yt_sim' returned '0': AMENT_PREFIX_PATH=/home/ubuntu/research_ws/ur10_pick_place_ws/install/linkattacher_msgs:${AMENT_PREFIX_PATH} CMAKE_PREFIX_PATH=/home/ubuntu/research_ws/ur10_pick_place_ws/install/linkattacher_msgs:/home/ubuntu/ur_camera_ws/install/ur_moveit_config:/home/ubuntu/ur_camera_ws/install/easy_handeye2_msgs:/home/ubuntu/ur_camera_ws/install/depthai-ros:/home/ubuntu/ur_camera_ws/install/depthai_ros_driver:/home/ubuntu/ur_camera_ws/install/depthai_filters:/home/ubuntu/ur_camera_ws/install/depthai_examples:/home/ubuntu/ur_camera_ws/install/depthai_bridge:/home/ubuntu/ur_camera_ws/install/depthai_ros_msgs:/home/ubuntu/ur_camera_ws/install/depthai_descriptions:/home/ubuntu/ur_camera_ws/install/pick_place:/home/ubuntu/ur_camera_ws/install/easy_handeye2:/opt/ros/humble LD_LIBRARY_PATH=/home/ubuntu/research_ws/ur10_pick_place_ws/install/linkattacher_msgs/lib:${LD_LIBRARY_PATH} PYTHONPATH=/home/ubuntu/research_ws/ur10_pick_place_ws/install/linkattacher_msgs/local/lib/python3.10/dist-packages:${PYTHONPATH} /usr/bin/cmake --install /home/ubuntu/research_ws/ur10_pick_place_ws/build/ur_yt_sim
[2.460s] colcon.colcon_core.shell Level 1 create_environment_hook('ur_yt_sim', 'cmake_prefix_path')
[2.460s] colcon.colcon_core.shell INFO Creating environment hook '/home/ubuntu/research_ws/ur10_pick_place_ws/install/ur_yt_sim/share/ur_yt_sim/hook/cmake_prefix_path.ps1'
[2.462s] colcon.colcon_core.shell INFO Creating environment descriptor '/home/ubuntu/research_ws/ur10_pick_place_ws/install/ur_yt_sim/share/ur_yt_sim/hook/cmake_prefix_path.dsv'
[2.462s] colcon.colcon_core.shell INFO Creating environment hook '/home/ubuntu/research_ws/ur10_pick_place_ws/install/ur_yt_sim/share/ur_yt_sim/hook/cmake_prefix_path.sh'
[2.464s] colcon.colcon_core.environment Level 1 checking '/home/ubuntu/research_ws/ur10_pick_place_ws/install/ur_yt_sim/lib'
[2.464s] colcon.colcon_core.environment Level 1 checking '/home/ubuntu/research_ws/ur10_pick_place_ws/install/ur_yt_sim/bin'
[2.464s] colcon.colcon_core.environment Level 1 checking '/home/ubuntu/research_ws/ur10_pick_place_ws/install/ur_yt_sim/lib/pkgconfig/ur_yt_sim.pc'
[2.465s] colcon.colcon_core.environment Level 1 checking '/home/ubuntu/research_ws/ur10_pick_place_ws/install/ur_yt_sim/lib/python3.10/site-packages'
[2.465s] colcon.colcon_core.environment Level 1 checking '/home/ubuntu/research_ws/ur10_pick_place_ws/install/ur_yt_sim/bin'
[2.466s] colcon.colcon_core.shell INFO Creating package script '/home/ubuntu/research_ws/ur10_pick_place_ws/install/ur_yt_sim/share/ur_yt_sim/package.ps1'
[2.467s] colcon.colcon_core.shell INFO Creating package descriptor '/home/ubuntu/research_ws/ur10_pick_place_ws/install/ur_yt_sim/share/ur_yt_sim/package.dsv'
[2.468s] colcon.colcon_core.shell INFO Creating package script '/home/ubuntu/research_ws/ur10_pick_place_ws/install/ur_yt_sim/share/ur_yt_sim/package.sh'
[2.469s] colcon.colcon_core.shell INFO Creating package script '/home/ubuntu/research_ws/ur10_pick_place_ws/install/ur_yt_sim/share/ur_yt_sim/package.bash'
[2.470s] colcon.colcon_core.shell INFO Creating package script '/home/ubuntu/research_ws/ur10_pick_place_ws/install/ur_yt_sim/share/ur_yt_sim/package.zsh'
[2.471s] colcon.colcon_core.environment Level 1 create_file_with_runtime_dependencies(/home/ubuntu/research_ws/ur10_pick_place_ws/install/ur_yt_sim/share/colcon-core/packages/ur_yt_sim)
[2.472s] colcon.colcon_core.environment Level 1 create_environment_scripts_only(ur_yt_sim)
[2.472s] colcon.colcon_core.environment Level 1 checking '/home/ubuntu/research_ws/ur10_pick_place_ws/install/ur_yt_sim' for CMake module files
[2.473s] colcon.colcon_core.environment Level 1 checking '/home/ubuntu/research_ws/ur10_pick_place_ws/install/ur_yt_sim' for CMake config files
[2.475s] colcon.colcon_core.shell Level 1 create_environment_hook('ur_yt_sim', 'cmake_prefix_path')
[2.475s] colcon.colcon_core.shell INFO Creating environment hook '/home/ubuntu/research_ws/ur10_pick_place_ws/install/ur_yt_sim/share/ur_yt_sim/hook/cmake_prefix_path.ps1'
[2.476s] colcon.colcon_core.shell INFO Creating environment descriptor '/home/ubuntu/research_ws/ur10_pick_place_ws/install/ur_yt_sim/share/ur_yt_sim/hook/cmake_prefix_path.dsv'
[2.477s] colcon.colcon_core.shell INFO Creating environment hook '/home/ubuntu/research_ws/ur10_pick_place_ws/install/ur_yt_sim/share/ur_yt_sim/hook/cmake_prefix_path.sh'
[2.478s] colcon.colcon_core.environment Level 1 checking '/home/ubuntu/research_ws/ur10_pick_place_ws/install/ur_yt_sim/lib'
[2.478s] colcon.colcon_core.environment Level 1 checking '/home/ubuntu/research_ws/ur10_pick_place_ws/install/ur_yt_sim/bin'
[2.478s] colcon.colcon_core.environment Level 1 checking '/home/ubuntu/research_ws/ur10_pick_place_ws/install/ur_yt_sim/lib/pkgconfig/ur_yt_sim.pc'
[2.479s] colcon.colcon_core.environment Level 1 checking '/home/ubuntu/research_ws/ur10_pick_place_ws/install/ur_yt_sim/lib/python3.10/site-packages'
[2.480s] colcon.colcon_core.environment Level 1 checking '/home/ubuntu/research_ws/ur10_pick_place_ws/install/ur_yt_sim/bin'
[2.481s] colcon.colcon_core.shell INFO Creating package script '/home/ubuntu/research_ws/ur10_pick_place_ws/install/ur_yt_sim/share/ur_yt_sim/package.ps1'
[2.484s] colcon.colcon_core.shell INFO Creating package descriptor '/home/ubuntu/research_ws/ur10_pick_place_ws/install/ur_yt_sim/share/ur_yt_sim/package.dsv'
[2.485s] colcon.colcon_core.shell INFO Creating package script '/home/ubuntu/research_ws/ur10_pick_place_ws/install/ur_yt_sim/share/ur_yt_sim/package.sh'
[2.486s] colcon.colcon_core.shell INFO Creating package script '/home/ubuntu/research_ws/ur10_pick_place_ws/install/ur_yt_sim/share/ur_yt_sim/package.bash'
[2.488s] colcon.colcon_core.shell INFO Creating package script '/home/ubuntu/research_ws/ur10_pick_place_ws/install/ur_yt_sim/share/ur_yt_sim/package.zsh'
[2.489s] colcon.colcon_core.environment Level 1 create_file_with_runtime_dependencies(/home/ubuntu/research_ws/ur10_pick_place_ws/install/ur_yt_sim/share/colcon-core/packages/ur_yt_sim)
[2.490s] colcon.colcon_ros.task.ament_cmake.build INFO Building ROS package in '/home/ubuntu/research_ws/ur10_pick_place_ws/src/ur10_camera_gripper_moveit_config' with build type 'ament_cmake'
[2.490s] colcon.colcon_cmake.task.cmake.build INFO Building CMake package in '/home/ubuntu/research_ws/ur10_pick_place_ws/src/ur10_camera_gripper_moveit_config'
[2.491s] colcon.colcon_core.shell INFO Skip shell extension 'powershell' for command environment: Not usable outside of PowerShell
[2.491s] colcon.colcon_core.shell DEBUG Skip shell extension 'dsv' for command environment
[2.516s] colcon.colcon_core.event_handler.log_command DEBUG Invoking command in '/home/ubuntu/research_ws/ur10_pick_place_ws/build/ur10_camera_gripper_moveit_config': AMENT_PREFIX_PATH=/home/ubuntu/research_ws/ur10_pick_place_ws/install/ur_yt_sim:/home/ubuntu/research_ws/ur10_pick_place_ws/install/linkattacher_msgs:${AMENT_PREFIX_PATH} CMAKE_PREFIX_PATH=/home/ubuntu/research_ws/ur10_pick_place_ws/install/ur_yt_sim:/home/ubuntu/research_ws/ur10_pick_place_ws/install/linkattacher_msgs:/home/ubuntu/ur_camera_ws/install/ur_moveit_config:/home/ubuntu/ur_camera_ws/install/easy_handeye2_msgs:/home/ubuntu/ur_camera_ws/install/depthai-ros:/home/ubuntu/ur_camera_ws/install/depthai_ros_driver:/home/ubuntu/ur_camera_ws/install/depthai_filters:/home/ubuntu/ur_camera_ws/install/depthai_examples:/home/ubuntu/ur_camera_ws/install/depthai_bridge:/home/ubuntu/ur_camera_ws/install/depthai_ros_msgs:/home/ubuntu/ur_camera_ws/install/depthai_descriptions:/home/ubuntu/ur_camera_ws/install/pick_place:/home/ubuntu/ur_camera_ws/install/easy_handeye2:/opt/ros/humble LD_LIBRARY_PATH=/home/ubuntu/research_ws/ur10_pick_place_ws/install/linkattacher_msgs/lib:${LD_LIBRARY_PATH} PYTHONPATH=/home/ubuntu/research_ws/ur10_pick_place_ws/install/linkattacher_msgs/local/lib/python3.10/dist-packages:${PYTHONPATH} /usr/bin/cmake --build /home/ubuntu/research_ws/ur10_pick_place_ws/build/ur10_camera_gripper_moveit_config -- -j12 -l12
[2.595s] colcon.colcon_core.event_handler.log_command DEBUG Invoked command in '/home/ubuntu/research_ws/ur10_pick_place_ws/build/ur10_camera_gripper_moveit_config' returned '0': AMENT_PREFIX_PATH=/home/ubuntu/research_ws/ur10_pick_place_ws/install/ur_yt_sim:/home/ubuntu/research_ws/ur10_pick_place_ws/install/linkattacher_msgs:${AMENT_PREFIX_PATH} CMAKE_PREFIX_PATH=/home/ubuntu/research_ws/ur10_pick_place_ws/install/ur_yt_sim:/home/ubuntu/research_ws/ur10_pick_place_ws/install/linkattacher_msgs:/home/ubuntu/ur_camera_ws/install/ur_moveit_config:/home/ubuntu/ur_camera_ws/install/easy_handeye2_msgs:/home/ubuntu/ur_camera_ws/install/depthai-ros:/home/ubuntu/ur_camera_ws/install/depthai_ros_driver:/home/ubuntu/ur_camera_ws/install/depthai_filters:/home/ubuntu/ur_camera_ws/install/depthai_examples:/home/ubuntu/ur_camera_ws/install/depthai_bridge:/home/ubuntu/ur_camera_ws/install/depthai_ros_msgs:/home/ubuntu/ur_camera_ws/install/depthai_descriptions:/home/ubuntu/ur_camera_ws/install/pick_place:/home/ubuntu/ur_camera_ws/install/easy_handeye2:/opt/ros/humble LD_LIBRARY_PATH=/home/ubuntu/research_ws/ur10_pick_place_ws/install/linkattacher_msgs/lib:${LD_LIBRARY_PATH} PYTHONPATH=/home/ubuntu/research_ws/ur10_pick_place_ws/install/linkattacher_msgs/local/lib/python3.10/dist-packages:${PYTHONPATH} /usr/bin/cmake --build /home/ubuntu/research_ws/ur10_pick_place_ws/build/ur10_camera_gripper_moveit_config -- -j12 -l12
[2.599s] colcon.colcon_core.event_handler.log_command DEBUG Invoking command in '/home/ubuntu/research_ws/ur10_pick_place_ws/build/ur10_camera_gripper_moveit_config': AMENT_PREFIX_PATH=/home/ubuntu/research_ws/ur10_pick_place_ws/install/ur_yt_sim:/home/ubuntu/research_ws/ur10_pick_place_ws/install/linkattacher_msgs:${AMENT_PREFIX_PATH} CMAKE_PREFIX_PATH=/home/ubuntu/research_ws/ur10_pick_place_ws/install/ur_yt_sim:/home/ubuntu/research_ws/ur10_pick_place_ws/install/linkattacher_msgs:/home/ubuntu/ur_camera_ws/install/ur_moveit_config:/home/ubuntu/ur_camera_ws/install/easy_handeye2_msgs:/home/ubuntu/ur_camera_ws/install/depthai-ros:/home/ubuntu/ur_camera_ws/install/depthai_ros_driver:/home/ubuntu/ur_camera_ws/install/depthai_filters:/home/ubuntu/ur_camera_ws/install/depthai_examples:/home/ubuntu/ur_camera_ws/install/depthai_bridge:/home/ubuntu/ur_camera_ws/install/depthai_ros_msgs:/home/ubuntu/ur_camera_ws/install/depthai_descriptions:/home/ubuntu/ur_camera_ws/install/pick_place:/home/ubuntu/ur_camera_ws/install/easy_handeye2:/opt/ros/humble LD_LIBRARY_PATH=/home/ubuntu/research_ws/ur10_pick_place_ws/install/linkattacher_msgs/lib:${LD_LIBRARY_PATH} PYTHONPATH=/home/ubuntu/research_ws/ur10_pick_place_ws/install/linkattacher_msgs/local/lib/python3.10/dist-packages:${PYTHONPATH} /usr/bin/cmake --install /home/ubuntu/research_ws/ur10_pick_place_ws/build/ur10_camera_gripper_moveit_config
[2.623s] colcon.colcon_core.environment Level 1 create_environment_scripts_only(ur10_camera_gripper_moveit_config)
[2.624s] colcon.colcon_core.environment Level 1 checking '/home/ubuntu/research_ws/ur10_pick_place_ws/install/ur10_camera_gripper_moveit_config' for CMake module files
[2.625s] colcon.colcon_core.environment Level 1 checking '/home/ubuntu/research_ws/ur10_pick_place_ws/install/ur10_camera_gripper_moveit_config' for CMake config files
[2.626s] colcon.colcon_core.shell Level 1 create_environment_hook('ur10_camera_gripper_moveit_config', 'cmake_prefix_path')
[2.626s] colcon.colcon_core.shell INFO Creating environment hook '/home/ubuntu/research_ws/ur10_pick_place_ws/install/ur10_camera_gripper_moveit_config/share/ur10_camera_gripper_moveit_config/hook/cmake_prefix_path.ps1'
[2.629s] colcon.colcon_core.shell INFO Creating environment descriptor '/home/ubuntu/research_ws/ur10_pick_place_ws/install/ur10_camera_gripper_moveit_config/share/ur10_camera_gripper_moveit_config/hook/cmake_prefix_path.dsv'
[2.631s] colcon.colcon_core.shell INFO Creating environment hook '/home/ubuntu/research_ws/ur10_pick_place_ws/install/ur10_camera_gripper_moveit_config/share/ur10_camera_gripper_moveit_config/hook/cmake_prefix_path.sh'
[2.634s] colcon.colcon_core.environment Level 1 checking '/home/ubuntu/research_ws/ur10_pick_place_ws/install/ur10_camera_gripper_moveit_config/bin'
[2.635s] colcon.colcon_core.environment Level 1 checking '/home/ubuntu/research_ws/ur10_pick_place_ws/install/ur10_camera_gripper_moveit_config/lib/pkgconfig/ur10_camera_gripper_moveit_config.pc'
[2.635s] colcon.colcon_core.environment Level 1 checking '/home/ubuntu/research_ws/ur10_pick_place_ws/install/ur10_camera_gripper_moveit_config/lib/python3.10/site-packages'
[2.636s] colcon.colcon_core.environment Level 1 checking '/home/ubuntu/research_ws/ur10_pick_place_ws/install/ur10_camera_gripper_moveit_config/bin'
[2.638s] colcon.colcon_core.shell INFO Creating package script '/home/ubuntu/research_ws/ur10_pick_place_ws/install/ur10_camera_gripper_moveit_config/share/ur10_camera_gripper_moveit_config/package.ps1'
[2.641s] colcon.colcon_core.shell INFO Creating package descriptor '/home/ubuntu/research_ws/ur10_pick_place_ws/install/ur10_camera_gripper_moveit_config/share/ur10_camera_gripper_moveit_config/package.dsv'
[2.643s] colcon.colcon_core.event_handler.log_command DEBUG Invoked command in '/home/ubuntu/research_ws/ur10_pick_place_ws/build/ur10_camera_gripper_moveit_config' returned '0': AMENT_PREFIX_PATH=/home/ubuntu/research_ws/ur10_pick_place_ws/install/ur_yt_sim:/home/ubuntu/research_ws/ur10_pick_place_ws/install/linkattacher_msgs:${AMENT_PREFIX_PATH} CMAKE_PREFIX_PATH=/home/ubuntu/research_ws/ur10_pick_place_ws/install/ur_yt_sim:/home/ubuntu/research_ws/ur10_pick_place_ws/install/linkattacher_msgs:/home/ubuntu/ur_camera_ws/install/ur_moveit_config:/home/ubuntu/ur_camera_ws/install/easy_handeye2_msgs:/home/ubuntu/ur_camera_ws/install/depthai-ros:/home/ubuntu/ur_camera_ws/install/depthai_ros_driver:/home/ubuntu/ur_camera_ws/install/depthai_filters:/home/ubuntu/ur_camera_ws/install/depthai_examples:/home/ubuntu/ur_camera_ws/install/depthai_bridge:/home/ubuntu/ur_camera_ws/install/depthai_ros_msgs:/home/ubuntu/ur_camera_ws/install/depthai_descriptions:/home/ubuntu/ur_camera_ws/install/pick_place:/home/ubuntu/ur_camera_ws/install/easy_handeye2:/opt/ros/humble LD_LIBRARY_PATH=/home/ubuntu/research_ws/ur10_pick_place_ws/install/linkattacher_msgs/lib:${LD_LIBRARY_PATH} PYTHONPATH=/home/ubuntu/research_ws/ur10_pick_place_ws/install/linkattacher_msgs/local/lib/python3.10/dist-packages:${PYTHONPATH} /usr/bin/cmake --install /home/ubuntu/research_ws/ur10_pick_place_ws/build/ur10_camera_gripper_moveit_config
[2.644s] colcon.colcon_core.shell INFO Creating package script '/home/ubuntu/research_ws/ur10_pick_place_ws/install/ur10_camera_gripper_moveit_config/share/ur10_camera_gripper_moveit_config/package.sh'
[2.646s] colcon.colcon_core.shell INFO Creating package script '/home/ubuntu/research_ws/ur10_pick_place_ws/install/ur10_camera_gripper_moveit_config/share/ur10_camera_gripper_moveit_config/package.bash'
[2.647s] colcon.colcon_core.shell INFO Creating package script '/home/ubuntu/research_ws/ur10_pick_place_ws/install/ur10_camera_gripper_moveit_config/share/ur10_camera_gripper_moveit_config/package.zsh'
[2.648s] colcon.colcon_core.environment Level 1 create_file_with_runtime_dependencies(/home/ubuntu/research_ws/ur10_pick_place_ws/install/ur10_camera_gripper_moveit_config/share/colcon-core/packages/ur10_camera_gripper_moveit_config)
[2.650s] colcon.colcon_core.environment Level 1 create_environment_scripts_only(ur10_camera_gripper_moveit_config)
[2.651s] colcon.colcon_core.environment Level 1 checking '/home/ubuntu/research_ws/ur10_pick_place_ws/install/ur10_camera_gripper_moveit_config' for CMake module files
[2.653s] colcon.colcon_core.environment Level 1 checking '/home/ubuntu/research_ws/ur10_pick_place_ws/install/ur10_camera_gripper_moveit_config' for CMake config files
[2.654s] colcon.colcon_core.shell Level 1 create_environment_hook('ur10_camera_gripper_moveit_config', 'cmake_prefix_path')
[2.655s] colcon.colcon_core.shell INFO Creating environment hook '/home/ubuntu/research_ws/ur10_pick_place_ws/install/ur10_camera_gripper_moveit_config/share/ur10_camera_gripper_moveit_config/hook/cmake_prefix_path.ps1'
[2.656s] colcon.colcon_core.shell INFO Creating environment descriptor '/home/ubuntu/research_ws/ur10_pick_place_ws/install/ur10_camera_gripper_moveit_config/share/ur10_camera_gripper_moveit_config/hook/cmake_prefix_path.dsv'
[2.657s] colcon.colcon_core.shell INFO Creating environment hook '/home/ubuntu/research_ws/ur10_pick_place_ws/install/ur10_camera_gripper_moveit_config/share/ur10_camera_gripper_moveit_config/hook/cmake_prefix_path.sh'
[2.659s] colcon.colcon_core.environment Level 1 checking '/home/ubuntu/research_ws/ur10_pick_place_ws/install/ur10_camera_gripper_moveit_config/bin'
[2.659s] colcon.colcon_core.environment Level 1 checking '/home/ubuntu/research_ws/ur10_pick_place_ws/install/ur10_camera_gripper_moveit_config/lib/pkgconfig/ur10_camera_gripper_moveit_config.pc'
[2.660s] colcon.colcon_core.environment Level 1 checking '/home/ubuntu/research_ws/ur10_pick_place_ws/install/ur10_camera_gripper_moveit_config/lib/python3.10/site-packages'
[2.661s] colcon.colcon_core.environment Level 1 checking '/home/ubuntu/research_ws/ur10_pick_place_ws/install/ur10_camera_gripper_moveit_config/bin'
[2.662s] colcon.colcon_core.shell INFO Creating package script '/home/ubuntu/research_ws/ur10_pick_place_ws/install/ur10_camera_gripper_moveit_config/share/ur10_camera_gripper_moveit_config/package.ps1'
[2.664s] colcon.colcon_core.shell INFO Creating package descriptor '/home/ubuntu/research_ws/ur10_pick_place_ws/install/ur10_camera_gripper_moveit_config/share/ur10_camera_gripper_moveit_config/package.dsv'
[2.666s] colcon.colcon_core.shell INFO Creating package script '/home/ubuntu/research_ws/ur10_pick_place_ws/install/ur10_camera_gripper_moveit_config/share/ur10_camera_gripper_moveit_config/package.sh'
[2.667s] colcon.colcon_core.shell INFO Creating package script '/home/ubuntu/research_ws/ur10_pick_place_ws/install/ur10_camera_gripper_moveit_config/share/ur10_camera_gripper_moveit_config/package.bash'
[2.669s] colcon.colcon_core.shell INFO Creating package script '/home/ubuntu/research_ws/ur10_pick_place_ws/install/ur10_camera_gripper_moveit_config/share/ur10_camera_gripper_moveit_config/package.zsh'
[2.670s] colcon.colcon_core.environment Level 1 create_file_with_runtime_dependencies(/home/ubuntu/research_ws/ur10_pick_place_ws/install/ur10_camera_gripper_moveit_config/share/colcon-core/packages/ur10_camera_gripper_moveit_config)
[2.671s] colcon.colcon_ros.task.ament_cmake.build INFO Building ROS package in '/home/ubuntu/research_ws/ur10_pick_place_ws/src/ur10_pick_place' with build type 'ament_cmake'
[2.672s] colcon.colcon_cmake.task.cmake.build INFO Building CMake package in '/home/ubuntu/research_ws/ur10_pick_place_ws/src/ur10_pick_place'
[2.672s] colcon.colcon_core.shell INFO Skip shell extension 'powershell' for command environment: Not usable outside of PowerShell
[2.673s] colcon.colcon_core.shell DEBUG Skip shell extension 'dsv' for command environment
[2.707s] colcon.colcon_core.event_handler.log_command DEBUG Invoking command in '/home/ubuntu/research_ws/ur10_pick_place_ws/build/ur10_pick_place': AMENT_PREFIX_PATH=/home/ubuntu/research_ws/ur10_pick_place_ws/install/ur10_camera_gripper_moveit_config:/home/ubuntu/research_ws/ur10_pick_place_ws/install/ur_yt_sim:/home/ubuntu/research_ws/ur10_pick_place_ws/install/robotiq_3f_description:/home/ubuntu/research_ws/ur10_pick_place_ws/install/linkattacher_msgs:${AMENT_PREFIX_PATH} CMAKE_PREFIX_PATH=/home/ubuntu/research_ws/ur10_pick_place_ws/install/ur10_camera_gripper_moveit_config:/home/ubuntu/research_ws/ur10_pick_place_ws/install/ur_yt_sim:/home/ubuntu/research_ws/ur10_pick_place_ws/install/robotiq_3f_description:/home/ubuntu/research_ws/ur10_pick_place_ws/install/linkattacher_msgs:/home/ubuntu/ur_camera_ws/install/ur_moveit_config:/home/ubuntu/ur_camera_ws/install/easy_handeye2_msgs:/home/ubuntu/ur_camera_ws/install/depthai-ros:/home/ubuntu/ur_camera_ws/install/depthai_ros_driver:/home/ubuntu/ur_camera_ws/install/depthai_filters:/home/ubuntu/ur_camera_ws/install/depthai_examples:/home/ubuntu/ur_camera_ws/install/depthai_bridge:/home/ubuntu/ur_camera_ws/install/depthai_ros_msgs:/home/ubuntu/ur_camera_ws/install/depthai_descriptions:/home/ubuntu/ur_camera_ws/install/pick_place:/home/ubuntu/ur_camera_ws/install/easy_handeye2:/opt/ros/humble LD_LIBRARY_PATH=/home/ubuntu/research_ws/ur10_pick_place_ws/install/linkattacher_msgs/lib:${LD_LIBRARY_PATH} PYTHONPATH=/home/ubuntu/research_ws/ur10_pick_place_ws/install/linkattacher_msgs/local/lib/python3.10/dist-packages:${PYTHONPATH} /usr/bin/cmake /home/ubuntu/research_ws/ur10_pick_place_ws/src/ur10_pick_place -DCMAKE_BUILD_TYPE=Release -DCMAKE_INSTALL_PREFIX=/home/ubuntu/research_ws/ur10_pick_place_ws/install/ur10_pick_place
[2.709s] colcon.colcon_core.event_handler.log_command DEBUG Invoked command in '/home/ubuntu/research_ws/ur10_pick_place_ws/build/robotiq_3f_interfaces' returned '0': CMAKE_PREFIX_PATH=${CMAKE_PREFIX_PATH}:/home/ubuntu/ur_camera_ws/install/pick_place:/home/ubuntu/ur_camera_ws/install/easy_handeye2:/opt/ros/humble /usr/bin/cmake --build /home/ubuntu/research_ws/ur10_pick_place_ws/build/robotiq_3f_interfaces -- -j12 -l12
[2.711s] colcon.colcon_core.event_handler.log_command DEBUG Invoking command in '/home/ubuntu/research_ws/ur10_pick_place_ws/build/robotiq_3f_interfaces': CMAKE_PREFIX_PATH=${CMAKE_PREFIX_PATH}:/home/ubuntu/ur_camera_ws/install/pick_place:/home/ubuntu/ur_camera_ws/install/easy_handeye2:/opt/ros/humble /usr/bin/cmake --install /home/ubuntu/research_ws/ur10_pick_place_ws/build/robotiq_3f_interfaces
[2.857s] colcon.colcon_core.environment Level 1 create_environment_scripts_only(robotiq_3f_interfaces)
[2.858s] colcon.colcon_core.environment Level 1 checking '/home/ubuntu/research_ws/ur10_pick_place_ws/install/robotiq_3f_interfaces' for CMake module files
[2.863s] colcon.colcon_core.event_handler.log_command DEBUG Invoked command in '/home/ubuntu/research_ws/ur10_pick_place_ws/build/robotiq_3f_interfaces' returned '0': CMAKE_PREFIX_PATH=${CMAKE_PREFIX_PATH}:/home/ubuntu/ur_camera_ws/install/pick_place:/home/ubuntu/ur_camera_ws/install/easy_handeye2:/opt/ros/humble /usr/bin/cmake --install /home/ubuntu/research_ws/ur10_pick_place_ws/build/robotiq_3f_interfaces
[2.864s] colcon.colcon_core.environment Level 1 checking '/home/ubuntu/research_ws/ur10_pick_place_ws/install/robotiq_3f_interfaces' for CMake config files
[2.867s] colcon.colcon_core.shell Level 1 create_environment_hook('robotiq_3f_interfaces', 'cmake_prefix_path')
[2.868s] colcon.colcon_core.shell INFO Creating environment hook '/home/ubuntu/research_ws/ur10_pick_place_ws/install/robotiq_3f_interfaces/share/robotiq_3f_interfaces/hook/cmake_prefix_path.ps1'
[2.869s] colcon.colcon_core.shell INFO Creating environment descriptor '/home/ubuntu/research_ws/ur10_pick_place_ws/install/robotiq_3f_interfaces/share/robotiq_3f_interfaces/hook/cmake_prefix_path.dsv'
[2.871s] colcon.colcon_core.shell INFO Creating environment hook '/home/ubuntu/research_ws/ur10_pick_place_ws/install/robotiq_3f_interfaces/share/robotiq_3f_interfaces/hook/cmake_prefix_path.sh'
[2.873s] colcon.colcon_core.environment Level 1 checking '/home/ubuntu/research_ws/ur10_pick_place_ws/install/robotiq_3f_interfaces/lib'
[2.873s] colcon.colcon_core.shell Level 1 create_environment_hook('robotiq_3f_interfaces', 'ld_library_path_lib')
[2.874s] colcon.colcon_core.shell INFO Creating environment hook '/home/ubuntu/research_ws/ur10_pick_place_ws/install/robotiq_3f_interfaces/share/robotiq_3f_interfaces/hook/ld_library_path_lib.ps1'
[2.875s] colcon.colcon_core.shell INFO Creating environment descriptor '/home/ubuntu/research_ws/ur10_pick_place_ws/install/robotiq_3f_interfaces/share/robotiq_3f_interfaces/hook/ld_library_path_lib.dsv'
[2.876s] colcon.colcon_core.shell INFO Creating environment hook '/home/ubuntu/research_ws/ur10_pick_place_ws/install/robotiq_3f_interfaces/share/robotiq_3f_interfaces/hook/ld_library_path_lib.sh'
[2.877s] colcon.colcon_core.environment Level 1 checking '/home/ubuntu/research_ws/ur10_pick_place_ws/install/robotiq_3f_interfaces/bin'
[2.878s] colcon.colcon_core.environment Level 1 checking '/home/ubuntu/research_ws/ur10_pick_place_ws/install/robotiq_3f_interfaces/lib/pkgconfig/robotiq_3f_interfaces.pc'
[2.878s] colcon.colcon_core.environment Level 1 checking '/home/ubuntu/research_ws/ur10_pick_place_ws/install/robotiq_3f_interfaces/lib/python3.10/site-packages'
[2.879s] colcon.colcon_core.environment Level 1 checking '/home/ubuntu/research_ws/ur10_pick_place_ws/install/robotiq_3f_interfaces/bin'
[2.880s] colcon.colcon_core.shell INFO Creating package script '/home/ubuntu/research_ws/ur10_pick_place_ws/install/robotiq_3f_interfaces/share/robotiq_3f_interfaces/package.ps1'
[2.882s] colcon.colcon_core.shell INFO Creating package descriptor '/home/ubuntu/research_ws/ur10_pick_place_ws/install/robotiq_3f_interfaces/share/robotiq_3f_interfaces/package.dsv'
[2.884s] colcon.colcon_core.shell INFO Creating package script '/home/ubuntu/research_ws/ur10_pick_place_ws/install/robotiq_3f_interfaces/share/robotiq_3f_interfaces/package.sh'
[2.885s] colcon.colcon_core.shell INFO Creating package script '/home/ubuntu/research_ws/ur10_pick_place_ws/install/robotiq_3f_interfaces/share/robotiq_3f_interfaces/package.bash'
[2.886s] colcon.colcon_core.shell INFO Creating package script '/home/ubuntu/research_ws/ur10_pick_place_ws/install/robotiq_3f_interfaces/share/robotiq_3f_interfaces/package.zsh'
[2.887s] colcon.colcon_core.environment Level 1 create_file_with_runtime_dependencies(/home/ubuntu/research_ws/ur10_pick_place_ws/install/robotiq_3f_interfaces/share/colcon-core/packages/robotiq_3f_interfaces)
[2.889s] colcon.colcon_core.environment Level 1 create_environment_scripts_only(robotiq_3f_interfaces)
[2.890s] colcon.colcon_core.environment Level 1 checking '/home/ubuntu/research_ws/ur10_pick_place_ws/install/robotiq_3f_interfaces' for CMake module files
[2.892s] colcon.colcon_core.environment Level 1 checking '/home/ubuntu/research_ws/ur10_pick_place_ws/install/robotiq_3f_interfaces' for CMake config files
[2.895s] colcon.colcon_core.shell Level 1 create_environment_hook('robotiq_3f_interfaces', 'cmake_prefix_path')
[2.895s] colcon.colcon_core.shell INFO Creating environment hook '/home/ubuntu/research_ws/ur10_pick_place_ws/install/robotiq_3f_interfaces/share/robotiq_3f_interfaces/hook/cmake_prefix_path.ps1'
[2.897s] colcon.colcon_core.shell INFO Creating environment descriptor '/home/ubuntu/research_ws/ur10_pick_place_ws/install/robotiq_3f_interfaces/share/robotiq_3f_interfaces/hook/cmake_prefix_path.dsv'
[2.898s] colcon.colcon_core.shell INFO Creating environment hook '/home/ubuntu/research_ws/ur10_pick_place_ws/install/robotiq_3f_interfaces/share/robotiq_3f_interfaces/hook/cmake_prefix_path.sh'
[2.899s] colcon.colcon_core.environment Level 1 checking '/home/ubuntu/research_ws/ur10_pick_place_ws/install/robotiq_3f_interfaces/lib'
[2.900s] colcon.colcon_core.shell Level 1 create_environment_hook('robotiq_3f_interfaces', 'ld_library_path_lib')
[2.900s] colcon.colcon_core.shell INFO Creating environment hook '/home/ubuntu/research_ws/ur10_pick_place_ws/install/robotiq_3f_interfaces/share/robotiq_3f_interfaces/hook/ld_library_path_lib.ps1'
[2.902s] colcon.colcon_core.shell INFO Creating environment descriptor '/home/ubuntu/research_ws/ur10_pick_place_ws/install/robotiq_3f_interfaces/share/robotiq_3f_interfaces/hook/ld_library_path_lib.dsv'
[2.903s] colcon.colcon_core.shell INFO Creating environment hook '/home/ubuntu/research_ws/ur10_pick_place_ws/install/robotiq_3f_interfaces/share/robotiq_3f_interfaces/hook/ld_library_path_lib.sh'
[2.904s] colcon.colcon_core.environment Level 1 checking '/home/ubuntu/research_ws/ur10_pick_place_ws/install/robotiq_3f_interfaces/bin'
[2.904s] colcon.colcon_core.environment Level 1 checking '/home/ubuntu/research_ws/ur10_pick_place_ws/install/robotiq_3f_interfaces/lib/pkgconfig/robotiq_3f_interfaces.pc'
[2.904s] colcon.colcon_core.environment Level 1 checking '/home/ubuntu/research_ws/ur10_pick_place_ws/install/robotiq_3f_interfaces/lib/python3.10/site-packages'
[2.905s] colcon.colcon_core.environment Level 1 checking '/home/ubuntu/research_ws/ur10_pick_place_ws/install/robotiq_3f_interfaces/bin'
[2.906s] colcon.colcon_core.shell INFO Creating package script '/home/ubuntu/research_ws/ur10_pick_place_ws/install/robotiq_3f_interfaces/share/robotiq_3f_interfaces/package.ps1'
[2.908s] colcon.colcon_core.shell INFO Creating package descriptor '/home/ubuntu/research_ws/ur10_pick_place_ws/install/robotiq_3f_interfaces/share/robotiq_3f_interfaces/package.dsv'
[2.909s] colcon.colcon_core.shell INFO Creating package script '/home/ubuntu/research_ws/ur10_pick_place_ws/install/robotiq_3f_interfaces/share/robotiq_3f_interfaces/package.sh'
[2.910s] colcon.colcon_core.shell INFO Creating package script '/home/ubuntu/research_ws/ur10_pick_place_ws/install/robotiq_3f_interfaces/share/robotiq_3f_interfaces/package.bash'
[2.911s] colcon.colcon_core.shell INFO Creating package script '/home/ubuntu/research_ws/ur10_pick_place_ws/install/robotiq_3f_interfaces/share/robotiq_3f_interfaces/package.zsh'
[2.912s] colcon.colcon_core.environment Level 1 create_file_with_runtime_dependencies(/home/ubuntu/research_ws/ur10_pick_place_ws/install/robotiq_3f_interfaces/share/colcon-core/packages/robotiq_3f_interfaces)
[3.627s] colcon.colcon_core.event_handler.log_command DEBUG Invoking command in '/home/ubuntu/research_ws/ur10_pick_place_ws/src/grasp_executor': PYTHONPATH=/home/ubuntu/research_ws/ur10_pick_place_ws/build/grasp_executor/prefix_override:/usr/lib/python3/dist-packages/colcon_core/task/python/colcon_distutils_commands:/home/ubuntu/research_ws/ur10_pick_place_ws/install/grasp_executor/lib/python3.10/site-packages:${PYTHONPATH} /usr/bin/python3 -W ignore:setup.py install is deprecated -W ignore:easy_install command is deprecated setup.py egg_info --egg-base ../../build/grasp_executor build --build-base /home/ubuntu/research_ws/ur10_pick_place_ws/build/grasp_executor/build install --record /home/ubuntu/research_ws/ur10_pick_place_ws/build/grasp_executor/install.log --single-version-externally-managed install_data
[4.355s] colcon.colcon_core.event_handler.log_command DEBUG Invoked command in '/home/ubuntu/research_ws/ur10_pick_place_ws/build/ur10_pick_place' returned '0': AMENT_PREFIX_PATH=/home/ubuntu/research_ws/ur10_pick_place_ws/install/ur10_camera_gripper_moveit_config:/home/ubuntu/research_ws/ur10_pick_place_ws/install/ur_yt_sim:/home/ubuntu/research_ws/ur10_pick_place_ws/install/robotiq_3f_description:/home/ubuntu/research_ws/ur10_pick_place_ws/install/linkattacher_msgs:${AMENT_PREFIX_PATH} CMAKE_PREFIX_PATH=/home/ubuntu/research_ws/ur10_pick_place_ws/install/ur10_camera_gripper_moveit_config:/home/ubuntu/research_ws/ur10_pick_place_ws/install/ur_yt_sim:/home/ubuntu/research_ws/ur10_pick_place_ws/install/robotiq_3f_description:/home/ubuntu/research_ws/ur10_pick_place_ws/install/linkattacher_msgs:/home/ubuntu/ur_camera_ws/install/ur_moveit_config:/home/ubuntu/ur_camera_ws/install/easy_handeye2_msgs:/home/ubuntu/ur_camera_ws/install/depthai-ros:/home/ubuntu/ur_camera_ws/install/depthai_ros_driver:/home/ubuntu/ur_camera_ws/install/depthai_filters:/home/ubuntu/ur_camera_ws/install/depthai_examples:/home/ubuntu/ur_camera_ws/install/depthai_bridge:/home/ubuntu/ur_camera_ws/install/depthai_ros_msgs:/home/ubuntu/ur_camera_ws/install/depthai_descriptions:/home/ubuntu/ur_camera_ws/install/pick_place:/home/ubuntu/ur_camera_ws/install/easy_handeye2:/opt/ros/humble LD_LIBRARY_PATH=/home/ubuntu/research_ws/ur10_pick_place_ws/install/linkattacher_msgs/lib:${LD_LIBRARY_PATH} PYTHONPATH=/home/ubuntu/research_ws/ur10_pick_place_ws/install/linkattacher_msgs/local/lib/python3.10/dist-packages:${PYTHONPATH} /usr/bin/cmake /home/ubuntu/research_ws/ur10_pick_place_ws/src/ur10_pick_place -DCMAKE_BUILD_TYPE=Release -DCMAKE_INSTALL_PREFIX=/home/ubuntu/research_ws/ur10_pick_place_ws/install/ur10_pick_place
[4.358s] colcon.colcon_core.event_handler.log_command DEBUG Invoking command in '/home/ubuntu/research_ws/ur10_pick_place_ws/build/ur10_pick_place': AMENT_PREFIX_PATH=/home/ubuntu/research_ws/ur10_pick_place_ws/install/ur10_camera_gripper_moveit_config:/home/ubuntu/research_ws/ur10_pick_place_ws/install/ur_yt_sim:/home/ubuntu/research_ws/ur10_pick_place_ws/install/robotiq_3f_description:/home/ubuntu/research_ws/ur10_pick_place_ws/install/linkattacher_msgs:${AMENT_PREFIX_PATH} CMAKE_PREFIX_PATH=/home/ubuntu/research_ws/ur10_pick_place_ws/install/ur10_camera_gripper_moveit_config:/home/ubuntu/research_ws/ur10_pick_place_ws/install/ur_yt_sim:/home/ubuntu/research_ws/ur10_pick_place_ws/install/robotiq_3f_description:/home/ubuntu/research_ws/ur10_pick_place_ws/install/linkattacher_msgs:/home/ubuntu/ur_camera_ws/install/ur_moveit_config:/home/ubuntu/ur_camera_ws/install/easy_handeye2_msgs:/home/ubuntu/ur_camera_ws/install/depthai-ros:/home/ubuntu/ur_camera_ws/install/depthai_ros_driver:/home/ubuntu/ur_camera_ws/install/depthai_filters:/home/ubuntu/ur_camera_ws/install/depthai_examples:/home/ubuntu/ur_camera_ws/install/depthai_bridge:/home/ubuntu/ur_camera_ws/install/depthai_ros_msgs:/home/ubuntu/ur_camera_ws/install/depthai_descriptions:/home/ubuntu/ur_camera_ws/install/pick_place:/home/ubuntu/ur_camera_ws/install/easy_handeye2:/opt/ros/humble LD_LIBRARY_PATH=/home/ubuntu/research_ws/ur10_pick_place_ws/install/linkattacher_msgs/lib:${LD_LIBRARY_PATH} PYTHONPATH=/home/ubuntu/research_ws/ur10_pick_place_ws/install/linkattacher_msgs/local/lib/python3.10/dist-packages:${PYTHONPATH} /usr/bin/cmake --build /home/ubuntu/research_ws/ur10_pick_place_ws/build/ur10_pick_place -- -j12 -l12
[4.412s] colcon.colcon_core.environment Level 1 checking '/home/ubuntu/research_ws/ur10_pick_place_ws/install/grasp_executor' for CMake module files
[4.413s] colcon.colcon_core.event_handler.log_command DEBUG Invoked command in '/home/ubuntu/research_ws/ur10_pick_place_ws/src/grasp_executor' returned '0': PYTHONPATH=/home/ubuntu/research_ws/ur10_pick_place_ws/build/grasp_executor/prefix_override:/usr/lib/python3/dist-packages/colcon_core/task/python/colcon_distutils_commands:/home/ubuntu/research_ws/ur10_pick_place_ws/install/grasp_executor/lib/python3.10/site-packages:${PYTHONPATH} /usr/bin/python3 -W ignore:setup.py install is deprecated -W ignore:easy_install command is deprecated setup.py egg_info --egg-base ../../build/grasp_executor build --build-base /home/ubuntu/research_ws/ur10_pick_place_ws/build/grasp_executor/build install --record /home/ubuntu/research_ws/ur10_pick_place_ws/build/grasp_executor/install.log --single-version-externally-managed install_data
[4.414s] colcon.colcon_core.environment Level 1 checking '/home/ubuntu/research_ws/ur10_pick_place_ws/install/grasp_executor' for CMake config files
[4.416s] colcon.colcon_core.environment Level 1 checking '/home/ubuntu/research_ws/ur10_pick_place_ws/install/grasp_executor/lib'
[4.417s] colcon.colcon_core.environment Level 1 checking '/home/ubuntu/research_ws/ur10_pick_place_ws/install/grasp_executor/bin'
[4.417s] colcon.colcon_core.environment Level 1 checking '/home/ubuntu/research_ws/ur10_pick_place_ws/install/grasp_executor/lib/pkgconfig/grasp_executor.pc'
[4.418s] colcon.colcon_core.environment Level 1 checking '/home/ubuntu/research_ws/ur10_pick_place_ws/install/grasp_executor/lib/python3.10/site-packages'
[4.418s] colcon.colcon_core.shell Level 1 create_environment_hook('grasp_executor', 'pythonpath')
[4.419s] colcon.colcon_core.shell INFO Creating environment hook '/home/ubuntu/research_ws/ur10_pick_place_ws/install/grasp_executor/share/grasp_executor/hook/pythonpath.ps1'
[4.421s] colcon.colcon_core.shell INFO Creating environment descriptor '/home/ubuntu/research_ws/ur10_pick_place_ws/install/grasp_executor/share/grasp_executor/hook/pythonpath.dsv'
[4.422s] colcon.colcon_core.shell INFO Creating environment hook '/home/ubuntu/research_ws/ur10_pick_place_ws/install/grasp_executor/share/grasp_executor/hook/pythonpath.sh'
[4.425s] colcon.colcon_core.environment Level 1 checking '/home/ubuntu/research_ws/ur10_pick_place_ws/install/grasp_executor/bin'
[4.425s] colcon.colcon_core.environment Level 1 create_environment_scripts_only(grasp_executor)
[4.426s] colcon.colcon_core.shell INFO Creating package script '/home/ubuntu/research_ws/ur10_pick_place_ws/install/grasp_executor/share/grasp_executor/package.ps1'
[4.428s] colcon.colcon_core.shell INFO Creating package descriptor '/home/ubuntu/research_ws/ur10_pick_place_ws/install/grasp_executor/share/grasp_executor/package.dsv'
[4.430s] colcon.colcon_core.shell INFO Creating package script '/home/ubuntu/research_ws/ur10_pick_place_ws/install/grasp_executor/share/grasp_executor/package.sh'
[4.432s] colcon.colcon_core.shell INFO Creating package script '/home/ubuntu/research_ws/ur10_pick_place_ws/install/grasp_executor/share/grasp_executor/package.bash'
[4.433s] colcon.colcon_core.shell INFO Creating package script '/home/ubuntu/research_ws/ur10_pick_place_ws/install/grasp_executor/share/grasp_executor/package.zsh'
[4.434s] colcon.colcon_core.environment Level 1 create_file_with_runtime_dependencies(/home/ubuntu/research_ws/ur10_pick_place_ws/install/grasp_executor/share/colcon-core/packages/grasp_executor)
[4.450s] colcon.colcon_core.event_handler.log_command DEBUG Invoked command in '/home/ubuntu/research_ws/ur10_pick_place_ws/build/ur10_pick_place' returned '0': AMENT_PREFIX_PATH=/home/ubuntu/research_ws/ur10_pick_place_ws/install/ur10_camera_gripper_moveit_config:/home/ubuntu/research_ws/ur10_pick_place_ws/install/ur_yt_sim:/home/ubuntu/research_ws/ur10_pick_place_ws/install/robotiq_3f_description:/home/ubuntu/research_ws/ur10_pick_place_ws/install/linkattacher_msgs:${AMENT_PREFIX_PATH} CMAKE_PREFIX_PATH=/home/ubuntu/research_ws/ur10_pick_place_ws/install/ur10_camera_gripper_moveit_config:/home/ubuntu/research_ws/ur10_pick_place_ws/install/ur_yt_sim:/home/ubuntu/research_ws/ur10_pick_place_ws/install/robotiq_3f_description:/home/ubuntu/research_ws/ur10_pick_place_ws/install/linkattacher_msgs:/home/ubuntu/ur_camera_ws/install/ur_moveit_config:/home/ubuntu/ur_camera_ws/install/easy_handeye2_msgs:/home/ubuntu/ur_camera_ws/install/depthai-ros:/home/ubuntu/ur_camera_ws/install/depthai_ros_driver:/home/ubuntu/ur_camera_ws/install/depthai_filters:/home/ubuntu/ur_camera_ws/install/depthai_examples:/home/ubuntu/ur_camera_ws/install/depthai_bridge:/home/ubuntu/ur_camera_ws/install/depthai_ros_msgs:/home/ubuntu/ur_camera_ws/install/depthai_descriptions:/home/ubuntu/ur_camera_ws/install/pick_place:/home/ubuntu/ur_camera_ws/install/easy_handeye2:/opt/ros/humble LD_LIBRARY_PATH=/home/ubuntu/research_ws/ur10_pick_place_ws/install/linkattacher_msgs/lib:${LD_LIBRARY_PATH} PYTHONPATH=/home/ubuntu/research_ws/ur10_pick_place_ws/install/linkattacher_msgs/local/lib/python3.10/dist-packages:${PYTHONPATH} /usr/bin/cmake --build /home/ubuntu/research_ws/ur10_pick_place_ws/build/ur10_pick_place -- -j12 -l12
[4.454s] colcon.colcon_core.event_handler.log_command DEBUG Invoking command in '/home/ubuntu/research_ws/ur10_pick_place_ws/build/ur10_pick_place': AMENT_PREFIX_PATH=/home/ubuntu/research_ws/ur10_pick_place_ws/install/ur10_camera_gripper_moveit_config:/home/ubuntu/research_ws/ur10_pick_place_ws/install/ur_yt_sim:/home/ubuntu/research_ws/ur10_pick_place_ws/install/robotiq_3f_description:/home/ubuntu/research_ws/ur10_pick_place_ws/install/linkattacher_msgs:${AMENT_PREFIX_PATH} CMAKE_PREFIX_PATH=/home/ubuntu/research_ws/ur10_pick_place_ws/install/ur10_camera_gripper_moveit_config:/home/ubuntu/research_ws/ur10_pick_place_ws/install/ur_yt_sim:/home/ubuntu/research_ws/ur10_pick_place_ws/install/robotiq_3f_description:/home/ubuntu/research_ws/ur10_pick_place_ws/install/linkattacher_msgs:/home/ubuntu/ur_camera_ws/install/ur_moveit_config:/home/ubuntu/ur_camera_ws/install/easy_handeye2_msgs:/home/ubuntu/ur_camera_ws/install/depthai-ros:/home/ubuntu/ur_camera_ws/install/depthai_ros_driver:/home/ubuntu/ur_camera_ws/install/depthai_filters:/home/ubuntu/ur_camera_ws/install/depthai_examples:/home/ubuntu/ur_camera_ws/install/depthai_bridge:/home/ubuntu/ur_camera_ws/install/depthai_ros_msgs:/home/ubuntu/ur_camera_ws/install/depthai_descriptions:/home/ubuntu/ur_camera_ws/install/pick_place:/home/ubuntu/ur_camera_ws/install/easy_handeye2:/opt/ros/humble LD_LIBRARY_PATH=/home/ubuntu/research_ws/ur10_pick_place_ws/install/linkattacher_msgs/lib:${LD_LIBRARY_PATH} PYTHONPATH=/home/ubuntu/research_ws/ur10_pick_place_ws/install/linkattacher_msgs/local/lib/python3.10/dist-packages:${PYTHONPATH} /usr/bin/cmake --install /home/ubuntu/research_ws/ur10_pick_place_ws/build/ur10_pick_place
[4.483s] colcon.colcon_core.environment Level 1 create_environment_scripts_only(ur10_pick_place)
[4.485s] colcon.colcon_core.environment Level 1 checking '/home/ubuntu/research_ws/ur10_pick_place_ws/install/ur10_pick_place' for CMake module files
[4.486s] colcon.colcon_core.event_handler.log_command DEBUG Invoked command in '/home/ubuntu/research_ws/ur10_pick_place_ws/build/ur10_pick_place' returned '0': AMENT_PREFIX_PATH=/home/ubuntu/research_ws/ur10_pick_place_ws/install/ur10_camera_gripper_moveit_config:/home/ubuntu/research_ws/ur10_pick_place_ws/install/ur_yt_sim:/home/ubuntu/research_ws/ur10_pick_place_ws/install/robotiq_3f_description:/home/ubuntu/research_ws/ur10_pick_place_ws/install/linkattacher_msgs:${AMENT_PREFIX_PATH} CMAKE_PREFIX_PATH=/home/ubuntu/research_ws/ur10_pick_place_ws/install/ur10_camera_gripper_moveit_config:/home/ubuntu/research_ws/ur10_pick_place_ws/install/ur_yt_sim:/home/ubuntu/research_ws/ur10_pick_place_ws/install/robotiq_3f_description:/home/ubuntu/research_ws/ur10_pick_place_ws/install/linkattacher_msgs:/home/ubuntu/ur_camera_ws/install/ur_moveit_config:/home/ubuntu/ur_camera_ws/install/easy_handeye2_msgs:/home/ubuntu/ur_camera_ws/install/depthai-ros:/home/ubuntu/ur_camera_ws/install/depthai_ros_driver:/home/ubuntu/ur_camera_ws/install/depthai_filters:/home/ubuntu/ur_camera_ws/install/depthai_examples:/home/ubuntu/ur_camera_ws/install/depthai_bridge:/home/ubuntu/ur_camera_ws/install/depthai_ros_msgs:/home/ubuntu/ur_camera_ws/install/depthai_descriptions:/home/ubuntu/ur_camera_ws/install/pick_place:/home/ubuntu/ur_camera_ws/install/easy_handeye2:/opt/ros/humble LD_LIBRARY_PATH=/home/ubuntu/research_ws/ur10_pick_place_ws/install/linkattacher_msgs/lib:${LD_LIBRARY_PATH} PYTHONPATH=/home/ubuntu/research_ws/ur10_pick_place_ws/install/linkattacher_msgs/local/lib/python3.10/dist-packages:${PYTHONPATH} /usr/bin/cmake --install /home/ubuntu/research_ws/ur10_pick_place_ws/build/ur10_pick_place
[4.486s] colcon.colcon_core.environment Level 1 checking '/home/ubuntu/research_ws/ur10_pick_place_ws/install/ur10_pick_place' for CMake config files
[4.487s] colcon.colcon_core.shell Level 1 create_environment_hook('ur10_pick_place', 'cmake_prefix_path')
[4.488s] colcon.colcon_core.shell INFO Creating environment hook '/home/ubuntu/research_ws/ur10_pick_place_ws/install/ur10_pick_place/share/ur10_pick_place/hook/cmake_prefix_path.ps1'
[4.489s] colcon.colcon_core.shell INFO Creating environment descriptor '/home/ubuntu/research_ws/ur10_pick_place_ws/install/ur10_pick_place/share/ur10_pick_place/hook/cmake_prefix_path.dsv'
[4.490s] colcon.colcon_core.shell INFO Creating environment hook '/home/ubuntu/research_ws/ur10_pick_place_ws/install/ur10_pick_place/share/ur10_pick_place/hook/cmake_prefix_path.sh'
[4.492s] colcon.colcon_core.environment Level 1 checking '/home/ubuntu/research_ws/ur10_pick_place_ws/install/ur10_pick_place/bin'
[4.493s] colcon.colcon_core.environment Level 1 checking '/home/ubuntu/research_ws/ur10_pick_place_ws/install/ur10_pick_place/lib/pkgconfig/ur10_pick_place.pc'
[4.494s] colcon.colcon_core.environment Level 1 checking '/home/ubuntu/research_ws/ur10_pick_place_ws/install/ur10_pick_place/lib/python3.10/site-packages'
[4.495s] colcon.colcon_core.environment Level 1 checking '/home/ubuntu/research_ws/ur10_pick_place_ws/install/ur10_pick_place/bin'
[4.496s] colcon.colcon_core.shell INFO Creating package script '/home/ubuntu/research_ws/ur10_pick_place_ws/install/ur10_pick_place/share/ur10_pick_place/package.ps1'
[4.498s] colcon.colcon_core.shell INFO Creating package descriptor '/home/ubuntu/research_ws/ur10_pick_place_ws/install/ur10_pick_place/share/ur10_pick_place/package.dsv'
[4.500s] colcon.colcon_core.shell INFO Creating package script '/home/ubuntu/research_ws/ur10_pick_place_ws/install/ur10_pick_place/share/ur10_pick_place/package.sh'
[4.501s] colcon.colcon_core.shell INFO Creating package script '/home/ubuntu/research_ws/ur10_pick_place_ws/install/ur10_pick_place/share/ur10_pick_place/package.bash'
[4.503s] colcon.colcon_core.shell INFO Creating package script '/home/ubuntu/research_ws/ur10_pick_place_ws/install/ur10_pick_place/share/ur10_pick_place/package.zsh'
[4.504s] colcon.colcon_core.environment Level 1 create_file_with_runtime_dependencies(/home/ubuntu/research_ws/ur10_pick_place_ws/install/ur10_pick_place/share/colcon-core/packages/ur10_pick_place)
[4.506s] colcon.colcon_core.environment Level 1 create_environment_scripts_only(ur10_pick_place)
[4.507s] colcon.colcon_core.environment Level 1 checking '/home/ubuntu/research_ws/ur10_pick_place_ws/install/ur10_pick_place' for CMake module files
[4.508s] colcon.colcon_core.environment Level 1 checking '/home/ubuntu/research_ws/ur10_pick_place_ws/install/ur10_pick_place' for CMake config files
[4.509s] colcon.colcon_core.shell Level 1 create_environment_hook('ur10_pick_place', 'cmake_prefix_path')
[4.510s] colcon.colcon_core.shell INFO Creating environment hook '/home/ubuntu/research_ws/ur10_pick_place_ws/install/ur10_pick_place/share/ur10_pick_place/hook/cmake_prefix_path.ps1'
[4.511s] colcon.colcon_core.shell INFO Creating environment descriptor '/home/ubuntu/research_ws/ur10_pick_place_ws/install/ur10_pick_place/share/ur10_pick_place/hook/cmake_prefix_path.dsv'
[4.513s] colcon.colcon_core.shell INFO Creating environment hook '/home/ubuntu/research_ws/ur10_pick_place_ws/install/ur10_pick_place/share/ur10_pick_place/hook/cmake_prefix_path.sh'
[4.514s] colcon.colcon_core.environment Level 1 checking '/home/ubuntu/research_ws/ur10_pick_place_ws/install/ur10_pick_place/bin'
[4.515s] colcon.colcon_core.environment Level 1 checking '/home/ubuntu/research_ws/ur10_pick_place_ws/install/ur10_pick_place/lib/pkgconfig/ur10_pick_place.pc'
[4.515s] colcon.colcon_core.environment Level 1 checking '/home/ubuntu/research_ws/ur10_pick_place_ws/install/ur10_pick_place/lib/python3.10/site-packages'
[4.516s] colcon.colcon_core.environment Level 1 checking '/home/ubuntu/research_ws/ur10_pick_place_ws/install/ur10_pick_place/bin'
[4.517s] colcon.colcon_core.shell INFO Creating package script '/home/ubuntu/research_ws/ur10_pick_place_ws/install/ur10_pick_place/share/ur10_pick_place/package.ps1'
[4.519s] colcon.colcon_core.shell INFO Creating package descriptor '/home/ubuntu/research_ws/ur10_pick_place_ws/install/ur10_pick_place/share/ur10_pick_place/package.dsv'
[4.521s] colcon.colcon_core.shell INFO Creating package script '/home/ubuntu/research_ws/ur10_pick_place_ws/install/ur10_pick_place/share/ur10_pick_place/package.sh'
[4.522s] colcon.colcon_core.shell INFO Creating package script '/home/ubuntu/research_ws/ur10_pick_place_ws/install/ur10_pick_place/share/ur10_pick_place/package.bash'
[4.524s] colcon.colcon_core.shell INFO Creating package script '/home/ubuntu/research_ws/ur10_pick_place_ws/install/ur10_pick_place/share/ur10_pick_place/package.zsh'
[4.526s] colcon.colcon_core.environment Level 1 create_file_with_runtime_dependencies(/home/ubuntu/research_ws/ur10_pick_place_ws/install/ur10_pick_place/share/colcon-core/packages/ur10_pick_place)
[4.527s] colcon.colcon_parallel_executor.executor.parallel DEBUG closing loop
[4.527s] colcon.colcon_parallel_executor.executor.parallel DEBUG loop closed
[4.528s] colcon.colcon_parallel_executor.executor.parallel DEBUG run_until_complete finished with '0'
[4.528s] colcon.colcon_core.event_reactor DEBUG joining thread
[4.548s] colcon.colcon_core.plugin_system INFO Skipping extension 'colcon_notification.desktop_notification.terminal_notifier': Not used on non-Darwin systems
[4.549s] colcon.colcon_core.plugin_system INFO Skipping extension 'colcon_notification.desktop_notification.win32': Not used on non-Windows systems
[4.549s] colcon.colcon_notification.desktop_notification INFO Sending desktop notification using 'notify2'
[4.603s] colcon.colcon_core.event_reactor DEBUG joined thread
[4.605s] colcon.colcon_core.shell INFO Creating prefix script '/home/ubuntu/research_ws/ur10_pick_place_ws/install/local_setup.ps1'
[4.609s] colcon.colcon_core.shell INFO Creating prefix util module '/home/ubuntu/research_ws/ur10_pick_place_ws/install/_local_setup_util_ps1.py'
[4.614s] colcon.colcon_core.shell INFO Creating prefix chain script '/home/ubuntu/research_ws/ur10_pick_place_ws/install/setup.ps1'
[4.619s] colcon.colcon_core.shell INFO Creating prefix script '/home/ubuntu/research_ws/ur10_pick_place_ws/install/local_setup.sh'
[4.621s] colcon.colcon_core.shell INFO Creating prefix util module '/home/ubuntu/research_ws/ur10_pick_place_ws/install/_local_setup_util_sh.py'
[4.623s] colcon.colcon_core.shell INFO Creating prefix chain script '/home/ubuntu/research_ws/ur10_pick_place_ws/install/setup.sh'
[4.628s] colcon.colcon_core.shell INFO Creating prefix script '/home/ubuntu/research_ws/ur10_pick_place_ws/install/local_setup.bash'
[4.630s] colcon.colcon_core.shell INFO Creating prefix chain script '/home/ubuntu/research_ws/ur10_pick_place_ws/install/setup.bash'
[4.635s] colcon.colcon_core.shell INFO Creating prefix script '/home/ubuntu/research_ws/ur10_pick_place_ws/install/local_setup.zsh'
[4.636s] colcon.colcon_core.shell INFO Creating prefix chain script '/home/ubuntu/research_ws/ur10_pick_place_ws/install/setup.zsh'
