[0.000000] (-) TimerEvent: {}
[0.000364] (-) JobUnselected: {'identifier': 'grasp_executor'}
[0.000657] (-) JobUnselected: {'identifier': 'robotiq_3f_description'}
[0.000775] (-) JobUnselected: {'identifier': 'ur10_camera_gripper_moveit_config'}
[0.000861] (-) JobUnselected: {'identifier': 'ur10_pick_place'}
[0.000937] (-) JobUnselected: {'identifier': 'ur_simulation_gazebo'}
[0.001021] (robotiq_3f_interfaces) JobQueued: {'identifier': 'robotiq_3f_interfaces', 'dependencies': OrderedDict()}
[0.001107] (robotiq_3f_interfaces) JobStarted: {'identifier': 'robotiq_3f_interfaces'}
[0.019757] (robotiq_3f_interfaces) JobProgress: {'identifier': 'robotiq_3f_interfaces', 'progress': 'cmake'}
[0.021613] (robotiq_3f_interfaces) Command: {'cmd': ['/usr/bin/cmake', '/home/ubuntu/research_ws/ur10_pick_place_ws/src/ros2_robotiq_3f_gripper/robotiq_3f_interfaces', '-DAMENT_CMAKE_SYMLINK_INSTALL=1', '-DCMAKE_INSTALL_PREFIX=/home/ubuntu/research_ws/ur10_pick_place_ws/install/robotiq_3f_interfaces'], 'cwd': '/home/ubuntu/research_ws/ur10_pick_place_ws/build/robotiq_3f_interfaces', 'env': OrderedDict([('LESSOPEN', '| /usr/bin/lesspipe %s'), ('LANGUAGE', 'en_IN:en'), ('USER', 'ubuntu'), ('CLAUDE_CODE_ENTRYPOINT', 'cli'), ('GIT_EDITOR', 'true'), ('XDG_SESSION_TYPE', 'x11'), ('SHLVL', '2'), ('LD_LIBRARY_PATH', '/home/ubuntu/.local/lib/python3.10/site-packages/nvidia/cusparselt/lib:/usr/local/cuda/lib64:/home/ubuntu/ur_camera_ws/install/easy_handeye2_msgs/lib:/home/ubuntu/ur_camera_ws/install/depthai_ros_driver/lib:/home/ubuntu/ur_camera_ws/install/depthai_filters/lib:/home/ubuntu/ur_camera_ws/install/depthai_bridge/lib:/home/ubuntu/ur_camera_ws/install/depthai_ros_msgs/lib:/opt/ros/humble/opt/rviz_ogre_vendor/lib:/opt/ros/humble/lib/aarch64-linux-gnu:/opt/ros/humble/lib'), ('VIPSHOME', '/target'), ('HOME', '/home/ubuntu'), ('OLDPWD', '/home/ubuntu/research_ws/ur10_pick_place_ws'), ('DESKTOP_SESSION', 'ubuntu'), ('ROS_PYTHON_VERSION', '3'), ('GNOME_SHELL_SESSION_MODE', 'ubuntu'), ('GTK_MODULES', 'gail:atk-bridge'), ('SYSTEMD_EXEC_PID', '2404'), ('FASTDDS_SHM_TRANSPORT', '0'), ('DBUS_SESSION_BUS_ADDRESS', 'unix:path=/run/user/1000/bus'), ('COLORTERM', 'truecolor'), ('IM_CONFIG_PHASE', '1'), ('COLCON_PREFIX_PATH', '/home/ubuntu/ur_camera_ws/install:/home/ubuntu/ur10_sim_ws/install'), ('ROS_DISTRO', 'humble'), ('GTK_IM_MODULE', 'ibus'), ('LOGNAME', 'ubuntu'), ('IGN_GAZEBO_MODEL_PATH', '/home/ubuntu/ur_camera_ws/install/depthai_descriptions/share:/opt/ros/humble/share'), ('_', '/usr/bin/colcon'), ('ROS_VERSION', '2'), ('XDG_SESSION_CLASS', 'user'), ('USERNAME', 'ubuntu'), ('TERM', 'xterm-256color'), ('OTEL_EXPORTER_OTLP_METRICS_TEMPORALITY_PREFERENCE', 'delta'), ('GAZEBO_MODEL_PATH', '/home/ubuntu/ur_camera_ws/install/depthai_descriptions/share:/opt/ros/humble/share'), ('GNOME_DESKTOP_SESSION_ID', 'this-is-deprecated'), ('ROS_LOCALHOST_ONLY', '0'), ('WINDOWPATH', '2'), ('PATH', '/usr/local/cuda/bin:/opt/ros/humble/bin:/home/ubuntu/.local/bin:/usr/local/sbin:/usr/local/bin:/usr/sbin:/usr/bin:/sbin:/bin:/usr/games:/usr/local/games:/snap/bin'), ('SESSION_MANAGER', 'local/ubuntu-desktop:@/tmp/.ICE-unix/2379,unix/ubuntu-desktop:/tmp/.ICE-unix/2379'), ('COREPACK_ENABLE_AUTO_PIN', '0'), ('XDG_MENU_PREFIX', 'gnome-'), ('GNOME_TERMINAL_SCREEN', '/org/gnome/Terminal/screen/d29a9e39_3074_4fa3_879b_a674e48a0a22'), ('XDG_RUNTIME_DIR', '/run/user/1000'), ('DISPLAY', ':1'), ('NoDefaultCurrentDirectoryInExePath', '1'), ('LANG', 'en_US.UTF-8'), ('XDG_CURRENT_DESKTOP', 'ubuntu:GNOME'), ('RMW_IMPLEMENTATION', 'rmw_cyclonedds_cpp'), ('XMODIFIERS', '@im=ibus'), ('XDG_SESSION_DESKTOP', 'ubuntu'), ('XAUTHORITY', '/run/user/1000/gdm/Xauthority'), ('LS_COLORS', 'rs=0:di=01;34:ln=01;36:mh=00:pi=40;33:so=01;35:do=01;35:bd=40;33;01:cd=40;33;01:or=40;31;01:mi=00:su=37;41:sg=30;43:ca=30;41:tw=30;42:ow=34;42:st=37;44:ex=01;32:*.tar=01;31:*.tgz=01;31:*.arc=01;31:*.arj=01;31:*.taz=01;31:*.lha=01;31:*.lz4=01;31:*.lzh=01;31:*.lzma=01;31:*.tlz=01;31:*.txz=01;31:*.tzo=01;31:*.t7z=01;31:*.zip=01;31:*.z=01;31:*.dz=01;31:*.gz=01;31:*.lrz=01;31:*.lz=01;31:*.lzo=01;31:*.xz=01;31:*.zst=01;31:*.tzst=01;31:*.bz2=01;31:*.bz=01;31:*.tbz=01;31:*.tbz2=01;31:*.tz=01;31:*.deb=01;31:*.rpm=01;31:*.jar=01;31:*.war=01;31:*.ear=01;31:*.sar=01;31:*.rar=01;31:*.alz=01;31:*.ace=01;31:*.zoo=01;31:*.cpio=01;31:*.7z=01;31:*.rz=01;31:*.cab=01;31:*.wim=01;31:*.swm=01;31:*.dwm=01;31:*.esd=01;31:*.jpg=01;35:*.jpeg=01;35:*.mjpg=01;35:*.mjpeg=01;35:*.gif=01;35:*.bmp=01;35:*.pbm=01;35:*.pgm=01;35:*.ppm=01;35:*.tga=01;35:*.xbm=01;35:*.xpm=01;35:*.tif=01;35:*.tiff=01;35:*.png=01;35:*.svg=01;35:*.svgz=01;35:*.mng=01;35:*.pcx=01;35:*.mov=01;35:*.mpg=01;35:*.mpeg=01;35:*.m2v=01;35:*.mkv=01;35:*.webm=01;35:*.webp=01;35:*.ogm=01;35:*.mp4=01;35:*.m4v=01;35:*.mp4v=01;35:*.vob=01;35:*.qt=01;35:*.nuv=01;35:*.wmv=01;35:*.asf=01;35:*.rm=01;35:*.rmvb=01;35:*.flc=01;35:*.avi=01;35:*.fli=01;35:*.flv=01;35:*.gl=01;35:*.dl=01;35:*.xcf=01;35:*.xwd=01;35:*.yuv=01;35:*.cgm=01;35:*.emf=01;35:*.ogv=01;35:*.ogx=01;35:*.aac=00;36:*.au=00;36:*.flac=00;36:*.m4a=00;36:*.mid=00;36:*.midi=00;36:*.mka=00;36:*.mp3=00;36:*.mpc=00;36:*.ogg=00;36:*.ra=00;36:*.wav=00;36:*.oga=00;36:*.opus=00;36:*.spx=00;36:*.xspf=00;36:'), ('GNOME_TERMINAL_SERVICE', ':1.95'), ('SSH_AGENT_LAUNCHER', 'gnome-keyring'), ('SSH_AUTH_SOCK', '/run/user/1000/keyring/ssh'), ('AMENT_PREFIX_PATH', '/home/ubuntu/ur_camera_ws/install/ur_moveit_config:/home/ubuntu/ur_camera_ws/install/pick_place:/home/ubuntu/ur_camera_ws/install/easy_handeye2:/home/ubuntu/ur_camera_ws/install/easy_handeye2_msgs:/home/ubuntu/ur_camera_ws/install/depthai-ros:/home/ubuntu/ur_camera_ws/install/depthai_ros_driver:/home/ubuntu/ur_camera_ws/install/depthai_filters:/home/ubuntu/ur_camera_ws/install/depthai_examples:/home/ubuntu/ur_camera_ws/install/depthai_bridge:/home/ubuntu/ur_camera_ws/install/depthai_ros_msgs:/home/ubuntu/ur_camera_ws/install/depthai_descriptions:/opt/ros/humble'), ('SHELL', '/bin/bash'), ('RMW_FASTRTPS_USE_QOS_FROM_XML', '1'), ('QT_ACCESSIBILITY', '1'), ('GDMSESSION', 'ubuntu'), ('LESSCLOSE', '/usr/bin/lesspipe %s %s'), ('IGN_GAZEBO_RESOURCE_PATH', '/home/ubuntu/ur_camera_ws/install/depthai_descriptions/share:/opt/ros/humble/share'), ('CLAUDECODE', '1'), ('GPG_AGENT_INFO', '/run/user/1000/gnupg/S.gpg-agent:0:1'), ('GAZEBO_RESOURCE_PATH', '/home/ubuntu/ur_camera_ws/install/depthai_descriptions/share:/opt/ros/humble/share'), ('QT_IM_MODULE', 'ibus'), ('PWD', '/home/ubuntu/research_ws/ur10_pick_place_ws/build/robotiq_3f_interfaces'), ('LC_ALL', 'en_US.UTF-8'), ('XDG_CONFIG_DIRS', '/etc/xdg/xdg-ubuntu:/etc/xdg'), ('XDG_DATA_DIRS', '/usr/share/ubuntu:/usr/share/gnome:/usr/local/share/:/usr/share/'), ('PYTHONPATH', '/home/ubuntu/ur_camera_ws/install/pick_place/lib/python3.10/site-packages:/home/ubuntu/ur_camera_ws/build/easy_handeye2:/home/ubuntu/ur_camera_ws/install/easy_handeye2/lib/python3.10/site-packages:/home/ubuntu/ur_camera_ws/install/easy_handeye2_msgs/local/lib/python3.10/dist-packages:/home/ubuntu/ur_camera_ws/install/depthai_ros_driver/local/lib/python3.10/dist-packages:/home/ubuntu/ur_camera_ws/install/depthai_ros_msgs/local/lib/python3.10/dist-packages:/opt/ros/humble/lib/python3.10/site-packages:/opt/ros/humble/local/lib/python3.10/dist-packages'), ('COLCON', '1'), ('VTE_VERSION', '6800'), ('CMAKE_PREFIX_PATH', '/home/ubuntu/ur_camera_ws/install/ur_moveit_config:/home/ubuntu/ur_camera_ws/install/easy_handeye2_msgs:/home/ubuntu/ur_camera_ws/install/depthai-ros:/home/ubuntu/ur_camera_ws/install/depthai_ros_driver:/home/ubuntu/ur_camera_ws/install/depthai_filters:/home/ubuntu/ur_camera_ws/install/depthai_examples:/home/ubuntu/ur_camera_ws/install/depthai_bridge:/home/ubuntu/ur_camera_ws/install/depthai_ros_msgs:/home/ubuntu/ur_camera_ws/install/depthai_descriptions:/home/ubuntu/ur_camera_ws/install/pick_place:/home/ubuntu/ur_camera_ws/install/easy_handeye2:/opt/ros/humble')]), 'shell': False}
[0.098500] (-) TimerEvent: {}
[0.198891] (-) TimerEvent: {}
[0.299291] (-) TimerEvent: {}
[0.399737] (-) TimerEvent: {}
[0.500212] (-) TimerEvent: {}
[0.600661] (-) TimerEvent: {}
[0.701089] (-) TimerEvent: {}
[0.801562] (-) TimerEvent: {}
[0.843951] (robotiq_3f_interfaces) StdoutLine: {'line': b'-- The C compiler identification is GNU 11.4.0\n'}
[0.901759] (-) TimerEvent: {}
[1.002183] (-) TimerEvent: {}
[1.102623] (-) TimerEvent: {}
[1.203202] (-) TimerEvent: {}
[1.291498] (robotiq_3f_interfaces) StdoutLine: {'line': b'-- The CXX compiler identification is GNU 11.4.0\n'}
[1.303301] (-) TimerEvent: {}
[1.323623] (robotiq_3f_interfaces) StdoutLine: {'line': b'-- Detecting C compiler ABI info\n'}
[1.403500] (-) TimerEvent: {}
[1.491698] (robotiq_3f_interfaces) StdoutLine: {'line': b'-- Detecting C compiler ABI info - done\n'}
[1.503587] (-) TimerEvent: {}
[1.516798] (robotiq_3f_interfaces) StdoutLine: {'line': b'-- Check for working C compiler: /usr/bin/cc - skipped\n'}
[1.519552] (robotiq_3f_interfaces) StdoutLine: {'line': b'-- Detecting C compile features\n'}
[1.522432] (robotiq_3f_interfaces) StdoutLine: {'line': b'-- Detecting C compile features - done\n'}
[1.534850] (robotiq_3f_interfaces) StdoutLine: {'line': b'-- Detecting CXX compiler ABI info\n'}
[1.603807] (-) TimerEvent: {}
[1.704307] (-) TimerEvent: {}
[1.724093] (robotiq_3f_interfaces) StdoutLine: {'line': b'-- Detecting CXX compiler ABI info - done\n'}
[1.747328] (robotiq_3f_interfaces) StdoutLine: {'line': b'-- Check for working CXX compiler: /usr/bin/c++ - skipped\n'}
[1.748417] (robotiq_3f_interfaces) StdoutLine: {'line': b'-- Detecting CXX compile features\n'}
[1.749663] (robotiq_3f_interfaces) StdoutLine: {'line': b'-- Detecting CXX compile features - done\n'}
[1.771027] (robotiq_3f_interfaces) StdoutLine: {'line': b'-- Found ament_cmake: 1.3.14 (/opt/ros/humble/share/ament_cmake/cmake)\n'}
[1.804507] (-) TimerEvent: {}
[1.905023] (-) TimerEvent: {}
[2.005371] (-) TimerEvent: {}
[2.105725] (-) TimerEvent: {}
[2.206085] (-) TimerEvent: {}
[2.244028] (robotiq_3f_interfaces) StdoutLine: {'line': b'-- Found Python3: /usr/bin/python3 (found version "3.10.12") found components: Interpreter \n'}
[2.306279] (-) TimerEvent: {}
[2.391485] (robotiq_3f_interfaces) StdoutLine: {'line': b'-- Override CMake install command with custom implementation using symlinks instead of copying resources\n'}
[2.406372] (-) TimerEvent: {}
[2.495046] (robotiq_3f_interfaces) StdoutLine: {'line': b'-- Found rosidl_default_generators: 1.2.1 (/opt/ros/humble/share/rosidl_default_generators/cmake)\n'}
[2.505385] (robotiq_3f_interfaces) StdoutLine: {'line': b'-- Using all available rosidl_typesupport_c: rosidl_typesupport_fastrtps_c;rosidl_typesupport_introspection_c\n'}
[2.506438] (-) TimerEvent: {}
[2.564008] (robotiq_3f_interfaces) StdoutLine: {'line': b'-- Found rosidl_adapter: 3.1.8 (/opt/ros/humble/share/rosidl_adapter/cmake)\n'}
[2.606653] (-) TimerEvent: {}
[2.666173] (robotiq_3f_interfaces) StdoutLine: {'line': b'-- Using all available rosidl_typesupport_cpp: rosidl_typesupport_fastrtps_cpp;rosidl_typesupport_introspection_cpp\n'}
[2.706918] (-) TimerEvent: {}
[2.765138] (robotiq_3f_interfaces) StdoutLine: {'line': b'-- Found std_msgs: 4.9.1 (/opt/ros/humble/share/std_msgs/cmake)\n'}
[2.807053] (-) TimerEvent: {}
[2.907480] (-) TimerEvent: {}
[3.007904] (-) TimerEvent: {}
[3.108298] (-) TimerEvent: {}
[3.208714] (-) TimerEvent: {}
[3.309130] (-) TimerEvent: {}
[3.409516] (-) TimerEvent: {}
[3.509973] (-) TimerEvent: {}
[3.600273] (robotiq_3f_interfaces) StdoutLine: {'line': b'-- Found ament_cmake_ros: 0.10.0 (/opt/ros/humble/share/ament_cmake_ros/cmake)\n'}
[3.610116] (-) TimerEvent: {}
[3.710503] (-) TimerEvent: {}
[3.810912] (-) TimerEvent: {}
[3.911323] (-) TimerEvent: {}
[4.011732] (-) TimerEvent: {}
[4.112098] (-) TimerEvent: {}
[4.212482] (-) TimerEvent: {}
[4.226177] (robotiq_3f_interfaces) StdoutLine: {'line': b'-- Using all available rosidl_typesupport_c: rosidl_typesupport_fastrtps_c;rosidl_typesupport_introspection_c\n'}
[4.312635] (-) TimerEvent: {}
[4.413000] (-) TimerEvent: {}
[4.513370] (-) TimerEvent: {}
[4.613724] (-) TimerEvent: {}
[4.714047] (-) TimerEvent: {}
[4.814380] (-) TimerEvent: {}
[4.914720] (-) TimerEvent: {}
[5.015064] (-) TimerEvent: {}
[5.024096] (robotiq_3f_interfaces) StdoutLine: {'line': b'-- Using all available rosidl_typesupport_cpp: rosidl_typesupport_fastrtps_cpp;rosidl_typesupport_introspection_cpp\n'}
[5.100933] (robotiq_3f_interfaces) StdoutLine: {'line': b'-- Found PythonInterp: /usr/bin/python3 (found suitable version "3.10.12", minimum required is "3.6") \n'}
[5.111144] (robotiq_3f_interfaces) StdoutLine: {'line': b'-- Found python_cmake_module: 0.10.0 (/opt/ros/humble/share/python_cmake_module/cmake)\n'}
[5.115143] (-) TimerEvent: {}
[5.202244] (robotiq_3f_interfaces) StdoutLine: {'line': b'-- Found PythonLibs: /usr/lib/aarch64-linux-gnu/libpython3.10.so (found suitable version "3.10.12", minimum required is "3.5") \n'}
[5.202873] (robotiq_3f_interfaces) StdoutLine: {'line': b'-- Using PYTHON_EXECUTABLE: /usr/bin/python3\n'}
[5.203174] (robotiq_3f_interfaces) StdoutLine: {'line': b'-- Using PYTHON_INCLUDE_DIRS: /usr/include/python3.10\n'}
[5.203597] (robotiq_3f_interfaces) StdoutLine: {'line': b'-- Using PYTHON_LIBRARIES: /usr/lib/aarch64-linux-gnu/libpython3.10.so\n'}
[5.215282] (-) TimerEvent: {}
[5.272925] (robotiq_3f_interfaces) StdoutLine: {'line': b'-- Found PythonExtra: .so  \n'}
[5.315413] (-) TimerEvent: {}
[5.415760] (-) TimerEvent: {}
[5.516192] (-) TimerEvent: {}
[5.616581] (-) TimerEvent: {}
[5.662578] (robotiq_3f_interfaces) StdoutLine: {'line': b'-- Configuring done\n'}
[5.716779] (-) TimerEvent: {}
[5.756854] (robotiq_3f_interfaces) StdoutLine: {'line': b'-- Generating done\n'}
[5.781456] (robotiq_3f_interfaces) StdoutLine: {'line': b'-- Build files have been written to: /home/ubuntu/research_ws/ur10_pick_place_ws/build/robotiq_3f_interfaces\n'}
[5.798758] (robotiq_3f_interfaces) CommandEnded: {'returncode': 0}
[5.800749] (robotiq_3f_interfaces) JobProgress: {'identifier': 'robotiq_3f_interfaces', 'progress': 'build'}
[5.802910] (robotiq_3f_interfaces) Command: {'cmd': ['/usr/bin/cmake', '--build', '/home/ubuntu/research_ws/ur10_pick_place_ws/build/robotiq_3f_interfaces', '--', '-j12', '-l12'], 'cwd': '/home/ubuntu/research_ws/ur10_pick_place_ws/build/robotiq_3f_interfaces', 'env': OrderedDict([('LESSOPEN', '| /usr/bin/lesspipe %s'), ('LANGUAGE', 'en_IN:en'), ('USER', 'ubuntu'), ('CLAUDE_CODE_ENTRYPOINT', 'cli'), ('GIT_EDITOR', 'true'), ('XDG_SESSION_TYPE', 'x11'), ('SHLVL', '2'), ('LD_LIBRARY_PATH', '/home/ubuntu/.local/lib/python3.10/site-packages/nvidia/cusparselt/lib:/usr/local/cuda/lib64:/home/ubuntu/ur_camera_ws/install/easy_handeye2_msgs/lib:/home/ubuntu/ur_camera_ws/install/depthai_ros_driver/lib:/home/ubuntu/ur_camera_ws/install/depthai_filters/lib:/home/ubuntu/ur_camera_ws/install/depthai_bridge/lib:/home/ubuntu/ur_camera_ws/install/depthai_ros_msgs/lib:/opt/ros/humble/opt/rviz_ogre_vendor/lib:/opt/ros/humble/lib/aarch64-linux-gnu:/opt/ros/humble/lib'), ('VIPSHOME', '/target'), ('HOME', '/home/ubuntu'), ('OLDPWD', '/home/ubuntu/research_ws/ur10_pick_place_ws'), ('DESKTOP_SESSION', 'ubuntu'), ('ROS_PYTHON_VERSION', '3'), ('GNOME_SHELL_SESSION_MODE', 'ubuntu'), ('GTK_MODULES', 'gail:atk-bridge'), ('SYSTEMD_EXEC_PID', '2404'), ('FASTDDS_SHM_TRANSPORT', '0'), ('DBUS_SESSION_BUS_ADDRESS', 'unix:path=/run/user/1000/bus'), ('COLORTERM', 'truecolor'), ('IM_CONFIG_PHASE', '1'), ('COLCON_PREFIX_PATH', '/home/ubuntu/ur_camera_ws/install:/home/ubuntu/ur10_sim_ws/install'), ('ROS_DISTRO', 'humble'), ('GTK_IM_MODULE', 'ibus'), ('LOGNAME', 'ubuntu'), ('IGN_GAZEBO_MODEL_PATH', '/home/ubuntu/ur_camera_ws/install/depthai_descriptions/share:/opt/ros/humble/share'), ('_', '/usr/bin/colcon'), ('ROS_VERSION', '2'), ('XDG_SESSION_CLASS', 'user'), ('USERNAME', 'ubuntu'), ('TERM', 'xterm-256color'), ('OTEL_EXPORTER_OTLP_METRICS_TEMPORALITY_PREFERENCE', 'delta'), ('GAZEBO_MODEL_PATH', '/home/ubuntu/ur_camera_ws/install/depthai_descriptions/share:/opt/ros/humble/share'), ('GNOME_DESKTOP_SESSION_ID', 'this-is-deprecated'), ('ROS_LOCALHOST_ONLY', '0'), ('WINDOWPATH', '2'), ('PATH', '/usr/local/cuda/bin:/opt/ros/humble/bin:/home/ubuntu/.local/bin:/usr/local/sbin:/usr/local/bin:/usr/sbin:/usr/bin:/sbin:/bin:/usr/games:/usr/local/games:/snap/bin'), ('SESSION_MANAGER', 'local/ubuntu-desktop:@/tmp/.ICE-unix/2379,unix/ubuntu-desktop:/tmp/.ICE-unix/2379'), ('COREPACK_ENABLE_AUTO_PIN', '0'), ('XDG_MENU_PREFIX', 'gnome-'), ('GNOME_TERMINAL_SCREEN', '/org/gnome/Terminal/screen/d29a9e39_3074_4fa3_879b_a674e48a0a22'), ('XDG_RUNTIME_DIR', '/run/user/1000'), ('DISPLAY', ':1'), ('NoDefaultCurrentDirectoryInExePath', '1'), ('LANG', 'en_US.UTF-8'), ('XDG_CURRENT_DESKTOP', 'ubuntu:GNOME'), ('RMW_IMPLEMENTATION', 'rmw_cyclonedds_cpp'), ('XMODIFIERS', '@im=ibus'), ('XDG_SESSION_DESKTOP', 'ubuntu'), ('XAUTHORITY', '/run/user/1000/gdm/Xauthority'), ('LS_COLORS', 'rs=0:di=01;34:ln=01;36:mh=00:pi=40;33:so=01;35:do=01;35:bd=40;33;01:cd=40;33;01:or=40;31;01:mi=00:su=37;41:sg=30;43:ca=30;41:tw=30;42:ow=34;42:st=37;44:ex=01;32:*.tar=01;31:*.tgz=01;31:*.arc=01;31:*.arj=01;31:*.taz=01;31:*.lha=01;31:*.lz4=01;31:*.lzh=01;31:*.lzma=01;31:*.tlz=01;31:*.txz=01;31:*.tzo=01;31:*.t7z=01;31:*.zip=01;31:*.z=01;31:*.dz=01;31:*.gz=01;31:*.lrz=01;31:*.lz=01;31:*.lzo=01;31:*.xz=01;31:*.zst=01;31:*.tzst=01;31:*.bz2=01;31:*.bz=01;31:*.tbz=01;31:*.tbz2=01;31:*.tz=01;31:*.deb=01;31:*.rpm=01;31:*.jar=01;31:*.war=01;31:*.ear=01;31:*.sar=01;31:*.rar=01;31:*.alz=01;31:*.ace=01;31:*.zoo=01;31:*.cpio=01;31:*.7z=01;31:*.rz=01;31:*.cab=01;31:*.wim=01;31:*.swm=01;31:*.dwm=01;31:*.esd=01;31:*.jpg=01;35:*.jpeg=01;35:*.mjpg=01;35:*.mjpeg=01;35:*.gif=01;35:*.bmp=01;35:*.pbm=01;35:*.pgm=01;35:*.ppm=01;35:*.tga=01;35:*.xbm=01;35:*.xpm=01;35:*.tif=01;35:*.tiff=01;35:*.png=01;35:*.svg=01;35:*.svgz=01;35:*.mng=01;35:*.pcx=01;35:*.mov=01;35:*.mpg=01;35:*.mpeg=01;35:*.m2v=01;35:*.mkv=01;35:*.webm=01;35:*.webp=01;35:*.ogm=01;35:*.mp4=01;35:*.m4v=01;35:*.mp4v=01;35:*.vob=01;35:*.qt=01;35:*.nuv=01;35:*.wmv=01;35:*.asf=01;35:*.rm=01;35:*.rmvb=01;35:*.flc=01;35:*.avi=01;35:*.fli=01;35:*.flv=01;35:*.gl=01;35:*.dl=01;35:*.xcf=01;35:*.xwd=01;35:*.yuv=01;35:*.cgm=01;35:*.emf=01;35:*.ogv=01;35:*.ogx=01;35:*.aac=00;36:*.au=00;36:*.flac=00;36:*.m4a=00;36:*.mid=00;36:*.midi=00;36:*.mka=00;36:*.mp3=00;36:*.mpc=00;36:*.ogg=00;36:*.ra=00;36:*.wav=00;36:*.oga=00;36:*.opus=00;36:*.spx=00;36:*.xspf=00;36:'), ('GNOME_TERMINAL_SERVICE', ':1.95'), ('SSH_AGENT_LAUNCHER', 'gnome-keyring'), ('SSH_AUTH_SOCK', '/run/user/1000/keyring/ssh'), ('AMENT_PREFIX_PATH', '/home/ubuntu/ur_camera_ws/install/ur_moveit_config:/home/ubuntu/ur_camera_ws/install/pick_place:/home/ubuntu/ur_camera_ws/install/easy_handeye2:/home/ubuntu/ur_camera_ws/install/easy_handeye2_msgs:/home/ubuntu/ur_camera_ws/install/depthai-ros:/home/ubuntu/ur_camera_ws/install/depthai_ros_driver:/home/ubuntu/ur_camera_ws/install/depthai_filters:/home/ubuntu/ur_camera_ws/install/depthai_examples:/home/ubuntu/ur_camera_ws/install/depthai_bridge:/home/ubuntu/ur_camera_ws/install/depthai_ros_msgs:/home/ubuntu/ur_camera_ws/install/depthai_descriptions:/opt/ros/humble'), ('SHELL', '/bin/bash'), ('RMW_FASTRTPS_USE_QOS_FROM_XML', '1'), ('QT_ACCESSIBILITY', '1'), ('GDMSESSION', 'ubuntu'), ('LESSCLOSE', '/usr/bin/lesspipe %s %s'), ('IGN_GAZEBO_RESOURCE_PATH', '/home/ubuntu/ur_camera_ws/install/depthai_descriptions/share:/opt/ros/humble/share'), ('CLAUDECODE', '1'), ('GPG_AGENT_INFO', '/run/user/1000/gnupg/S.gpg-agent:0:1'), ('GAZEBO_RESOURCE_PATH', '/home/ubuntu/ur_camera_ws/install/depthai_descriptions/share:/opt/ros/humble/share'), ('QT_IM_MODULE', 'ibus'), ('PWD', '/home/ubuntu/research_ws/ur10_pick_place_ws/build/robotiq_3f_interfaces'), ('LC_ALL', 'en_US.UTF-8'), ('XDG_CONFIG_DIRS', '/etc/xdg/xdg-ubuntu:/etc/xdg'), ('XDG_DATA_DIRS', '/usr/share/ubuntu:/usr/share/gnome:/usr/local/share/:/usr/share/'), ('PYTHONPATH', '/home/ubuntu/ur_camera_ws/install/pick_place/lib/python3.10/site-packages:/home/ubuntu/ur_camera_ws/build/easy_handeye2:/home/ubuntu/ur_camera_ws/install/easy_handeye2/lib/python3.10/site-packages:/home/ubuntu/ur_camera_ws/install/easy_handeye2_msgs/local/lib/python3.10/dist-packages:/home/ubuntu/ur_camera_ws/install/depthai_ros_driver/local/lib/python3.10/dist-packages:/home/ubuntu/ur_camera_ws/install/depthai_ros_msgs/local/lib/python3.10/dist-packages:/opt/ros/humble/lib/python3.10/site-packages:/opt/ros/humble/local/lib/python3.10/dist-packages'), ('COLCON', '1'), ('VTE_VERSION', '6800'), ('CMAKE_PREFIX_PATH', '/home/ubuntu/ur_camera_ws/install/ur_moveit_config:/home/ubuntu/ur_camera_ws/install/easy_handeye2_msgs:/home/ubuntu/ur_camera_ws/install/depthai-ros:/home/ubuntu/ur_camera_ws/install/depthai_ros_driver:/home/ubuntu/ur_camera_ws/install/depthai_filters:/home/ubuntu/ur_camera_ws/install/depthai_examples:/home/ubuntu/ur_camera_ws/install/depthai_bridge:/home/ubuntu/ur_camera_ws/install/depthai_ros_msgs:/home/ubuntu/ur_camera_ws/install/depthai_descriptions:/home/ubuntu/ur_camera_ws/install/pick_place:/home/ubuntu/ur_camera_ws/install/easy_handeye2:/opt/ros/humble')]), 'shell': False}
[5.816835] (-) TimerEvent: {}
[5.904627] (robotiq_3f_interfaces) StdoutLine: {'line': b'[  1%] Generating C code for ROS interfaces\n'}
[5.917103] (-) TimerEvent: {}
[5.927542] (robotiq_3f_interfaces) StdoutLine: {'line': b'[  4%] Generating C++ code for ROS interfaces\n'}
[5.927938] (robotiq_3f_interfaces) StdoutLine: {'line': b'[  4%] Generating Rust code for ROS interfaces\n'}
[5.948743] (robotiq_3f_interfaces) StdoutLine: {'line': b'[  4%] Built target ament_cmake_python_symlink_robotiq_3f_interfaces\n'}
[6.017192] (-) TimerEvent: {}
[6.117464] (-) TimerEvent: {}
[6.217734] (-) TimerEvent: {}
[6.317974] (-) TimerEvent: {}
[6.418235] (-) TimerEvent: {}
[6.518505] (-) TimerEvent: {}
[6.618820] (-) TimerEvent: {}
[6.636000] (robotiq_3f_interfaces) StdoutLine: {'line': b'running egg_info\n'}
[6.637310] (robotiq_3f_interfaces) StdoutLine: {'line': b'creating robotiq_3f_interfaces.egg-info\n'}
[6.638027] (robotiq_3f_interfaces) StdoutLine: {'line': b'writing robotiq_3f_interfaces.egg-info/PKG-INFO\n'}
[6.638815] (robotiq_3f_interfaces) StdoutLine: {'line': b'writing dependency_links to robotiq_3f_interfaces.egg-info/dependency_links.txt\n'}
[6.639598] (robotiq_3f_interfaces) StdoutLine: {'line': b'writing top-level names to robotiq_3f_interfaces.egg-info/top_level.txt\n'}
[6.640140] (robotiq_3f_interfaces) StdoutLine: {'line': b"writing manifest file 'robotiq_3f_interfaces.egg-info/SOURCES.txt'\n"}
[6.645333] (robotiq_3f_interfaces) StdoutLine: {'line': b"reading manifest file 'robotiq_3f_interfaces.egg-info/SOURCES.txt'\n"}
[6.646492] (robotiq_3f_interfaces) StdoutLine: {'line': b"writing manifest file 'robotiq_3f_interfaces.egg-info/SOURCES.txt'\n"}
[6.718968] (-) TimerEvent: {}
[6.724691] (robotiq_3f_interfaces) StdoutLine: {'line': b'[  4%] Built target ament_cmake_python_build_robotiq_3f_interfaces_egg\n'}
[6.776042] (robotiq_3f_interfaces) StdoutLine: {'line': b'[  4%] Built target robotiq_3f_interfaces__rs\n'}
[6.819075] (-) TimerEvent: {}
[6.919338] (-) TimerEvent: {}
[7.019630] (-) TimerEvent: {}
[7.119968] (-) TimerEvent: {}
[7.197397] (robotiq_3f_interfaces) StdoutLine: {'line': b'[  4%] Built target robotiq_3f_interfaces__cpp\n'}
[7.219125] (robotiq_3f_interfaces) StdoutLine: {'line': b'[  8%] Generating C++ type support dispatch for ROS interfaces\n'}
[7.219544] (robotiq_3f_interfaces) StdoutLine: {'line': b'[  8%] Generating C++ type support for eProsima Fast-RTPS\n'}
[7.219695] (robotiq_3f_interfaces) StdoutLine: {'line': b'[  8%] Generating C++ introspection for ROS interfaces\n'}
[7.220015] (-) TimerEvent: {}
[7.248343] (robotiq_3f_interfaces) StdoutLine: {'line': b'[ 15%] Building C object CMakeFiles/robotiq_3f_interfaces__rosidl_generator_c.dir/rosidl_generator_c/robotiq_3f_interfaces/msg/detail/status__functions.c.o\n'}
[7.248888] (robotiq_3f_interfaces) StdoutLine: {'line': b'[ 15%] Building C object CMakeFiles/robotiq_3f_interfaces__rosidl_generator_c.dir/rosidl_generator_c/robotiq_3f_interfaces/msg/detail/grasping_mode__functions.c.o\n'}
[7.249059] (robotiq_3f_interfaces) StdoutLine: {'line': b'[ 15%] Building C object CMakeFiles/robotiq_3f_interfaces__rosidl_generator_c.dir/rosidl_generator_c/robotiq_3f_interfaces/msg/detail/object_detection_status__functions.c.o\n'}
[7.249200] (robotiq_3f_interfaces) StdoutLine: {'line': b'[ 15%] Building C object CMakeFiles/robotiq_3f_interfaces__rosidl_generator_c.dir/rosidl_generator_c/robotiq_3f_interfaces/msg/detail/independent_control_command__functions.c.o\n'}
[7.249329] (robotiq_3f_interfaces) StdoutLine: {'line': b'[ 15%] Building C object CMakeFiles/robotiq_3f_interfaces__rosidl_generator_c.dir/rosidl_generator_c/robotiq_3f_interfaces/msg/detail/simple_control_command__functions.c.o\n'}
[7.251463] (robotiq_3f_interfaces) StdoutLine: {'line': b'[ 16%] Building C object CMakeFiles/robotiq_3f_interfaces__rosidl_generator_c.dir/rosidl_generator_c/robotiq_3f_interfaces/srv/detail/change_grasping_mode__functions.c.o\n'}
[7.320219] (-) TimerEvent: {}
[7.420600] (-) TimerEvent: {}
[7.441100] (robotiq_3f_interfaces) StdoutLine: {'line': b'[ 18%] Linking C shared library librobotiq_3f_interfaces__rosidl_generator_c.so\n'}
[7.520532] (robotiq_3f_interfaces) StdoutLine: {'line': b'[ 18%] Built target robotiq_3f_interfaces__rosidl_generator_c\n'}
[7.520911] (-) TimerEvent: {}
[7.542618] (robotiq_3f_interfaces) StdoutLine: {'line': b'[ 22%] Generating C type support dispatch for ROS interfaces\n'}
[7.542991] (robotiq_3f_interfaces) StdoutLine: {'line': b'[ 22%] Generating C type support for eProsima Fast-RTPS\n'}
[7.543139] (robotiq_3f_interfaces) StdoutLine: {'line': b'[ 22%] Generating C introspection for ROS interfaces\n'}
[7.621356] (-) TimerEvent: {}
[7.721686] (-) TimerEvent: {}
[7.822258] (-) TimerEvent: {}
[7.922613] (-) TimerEvent: {}
[8.022937] (-) TimerEvent: {}
[8.119270] (robotiq_3f_interfaces) StdoutLine: {'line': b'[ 29%] Building CXX object CMakeFiles/robotiq_3f_interfaces__rosidl_typesupport_cpp.dir/rosidl_typesupport_cpp/robotiq_3f_interfaces/msg/grasping_mode__type_support.cpp.o\n'}
[8.119742] (robotiq_3f_interfaces) StdoutLine: {'line': b'[ 29%] Building CXX object CMakeFiles/robotiq_3f_interfaces__rosidl_typesupport_cpp.dir/rosidl_typesupport_cpp/robotiq_3f_interfaces/srv/change_grasping_mode__type_support.cpp.o\n'}
[8.119908] (robotiq_3f_interfaces) StdoutLine: {'line': b'[ 29%] Building CXX object CMakeFiles/robotiq_3f_interfaces__rosidl_typesupport_cpp.dir/rosidl_typesupport_cpp/robotiq_3f_interfaces/msg/status__type_support.cpp.o\n'}
[8.120046] (robotiq_3f_interfaces) StdoutLine: {'line': b'[ 29%] Building CXX object CMakeFiles/robotiq_3f_interfaces__rosidl_typesupport_cpp.dir/rosidl_typesupport_cpp/robotiq_3f_interfaces/msg/simple_control_command__type_support.cpp.o\n'}
[8.120178] (robotiq_3f_interfaces) StdoutLine: {'line': b'[ 29%] Building CXX object CMakeFiles/robotiq_3f_interfaces__rosidl_typesupport_cpp.dir/rosidl_typesupport_cpp/robotiq_3f_interfaces/msg/independent_control_command__type_support.cpp.o\n'}
[8.123075] (-) TimerEvent: {}
[8.124104] (robotiq_3f_interfaces) StdoutLine: {'line': b'[ 30%] Building CXX object CMakeFiles/robotiq_3f_interfaces__rosidl_typesupport_cpp.dir/rosidl_typesupport_cpp/robotiq_3f_interfaces/msg/object_detection_status__type_support.cpp.o\n'}
[8.223244] (-) TimerEvent: {}
[8.323622] (-) TimerEvent: {}
[8.329246] (robotiq_3f_interfaces) StdoutLine: {'line': b'[ 33%] Building CXX object CMakeFiles/robotiq_3f_interfaces__rosidl_typesupport_introspection_cpp.dir/rosidl_typesupport_introspection_cpp/robotiq_3f_interfaces/msg/detail/object_detection_status__type_support.cpp.o\n'}
[8.329665] (robotiq_3f_interfaces) StdoutLine: {'line': b'[ 33%] Building CXX object CMakeFiles/robotiq_3f_interfaces__rosidl_typesupport_introspection_cpp.dir/rosidl_typesupport_introspection_cpp/robotiq_3f_interfaces/msg/detail/status__type_support.cpp.o\n'}
[8.423782] (-) TimerEvent: {}
[8.524153] (-) TimerEvent: {}
[8.527340] (robotiq_3f_interfaces) StdoutLine: {'line': b'[ 34%] Building CXX object CMakeFiles/robotiq_3f_interfaces__rosidl_typesupport_c.dir/rosidl_typesupport_c/robotiq_3f_interfaces/msg/object_detection_status__type_support.cpp.o\n'}
[8.587853] (robotiq_3f_interfaces) StdoutLine: {'line': b'[ 36%] Building CXX object CMakeFiles/robotiq_3f_interfaces__rosidl_typesupport_fastrtps_cpp.dir/rosidl_typesupport_fastrtps_cpp/robotiq_3f_interfaces/msg/detail/dds_fastrtps/object_detection_status__type_support.cpp.o\n'}
[8.605254] (robotiq_3f_interfaces) StdoutLine: {'line': b'[ 37%] Building CXX object CMakeFiles/robotiq_3f_interfaces__rosidl_typesupport_c.dir/rosidl_typesupport_c/robotiq_3f_interfaces/msg/status__type_support.cpp.o\n'}
[8.624380] (-) TimerEvent: {}
[8.720748] (robotiq_3f_interfaces) StdoutLine: {'line': b'[ 38%] Building CXX object CMakeFiles/robotiq_3f_interfaces__rosidl_typesupport_c.dir/rosidl_typesupport_c/robotiq_3f_interfaces/msg/grasping_mode__type_support.cpp.o\n'}
[8.724555] (-) TimerEvent: {}
[8.825010] (-) TimerEvent: {}
[8.835227] (robotiq_3f_interfaces) StdoutLine: {'line': b'[ 40%] Building CXX object CMakeFiles/robotiq_3f_interfaces__rosidl_typesupport_c.dir/rosidl_typesupport_c/robotiq_3f_interfaces/msg/simple_control_command__type_support.cpp.o\n'}
[8.912075] (robotiq_3f_interfaces) StdoutLine: {'line': b'[ 41%] Building CXX object CMakeFiles/robotiq_3f_interfaces__rosidl_typesupport_c.dir/rosidl_typesupport_c/robotiq_3f_interfaces/msg/independent_control_command__type_support.cpp.o\n'}
[8.925225] (-) TimerEvent: {}
[8.942808] (robotiq_3f_interfaces) StdoutLine: {'line': b'[ 43%] Building CXX object CMakeFiles/robotiq_3f_interfaces__rosidl_typesupport_c.dir/rosidl_typesupport_c/robotiq_3f_interfaces/srv/change_grasping_mode__type_support.cpp.o\n'}
[8.950720] (robotiq_3f_interfaces) StdoutLine: {'line': b'[ 44%] Building C object CMakeFiles/robotiq_3f_interfaces__rosidl_typesupport_introspection_c.dir/rosidl_typesupport_introspection_c/robotiq_3f_interfaces/msg/detail/object_detection_status__type_support.c.o\n'}
[8.953656] (robotiq_3f_interfaces) StdoutLine: {'line': b'[ 45%] Building C object CMakeFiles/robotiq_3f_interfaces__rosidl_typesupport_introspection_c.dir/rosidl_typesupport_introspection_c/robotiq_3f_interfaces/msg/detail/status__type_support.c.o\n'}
[8.964838] (robotiq_3f_interfaces) StdoutLine: {'line': b'[ 47%] Building C object CMakeFiles/robotiq_3f_interfaces__rosidl_typesupport_introspection_c.dir/rosidl_typesupport_introspection_c/robotiq_3f_interfaces/msg/detail/grasping_mode__type_support.c.o\n'}
[8.974842] (robotiq_3f_interfaces) StdoutLine: {'line': b'[ 48%] Building CXX object CMakeFiles/robotiq_3f_interfaces__rosidl_typesupport_fastrtps_cpp.dir/rosidl_typesupport_fastrtps_cpp/robotiq_3f_interfaces/msg/detail/dds_fastrtps/status__type_support.cpp.o\n'}
[8.992675] (robotiq_3f_interfaces) StdoutLine: {'line': b'[ 50%] Building C object CMakeFiles/robotiq_3f_interfaces__rosidl_typesupport_introspection_c.dir/rosidl_typesupport_introspection_c/robotiq_3f_interfaces/msg/detail/simple_control_command__type_support.c.o\n'}
[9.010078] (robotiq_3f_interfaces) StdoutLine: {'line': b'[ 51%] Building CXX object CMakeFiles/robotiq_3f_interfaces__rosidl_typesupport_fastrtps_c.dir/rosidl_typesupport_fastrtps_c/robotiq_3f_interfaces/msg/detail/object_detection_status__type_support_c.cpp.o\n'}
[9.013622] (robotiq_3f_interfaces) StdoutLine: {'line': b'[ 52%] Building CXX object CMakeFiles/robotiq_3f_interfaces__rosidl_typesupport_fastrtps_c.dir/rosidl_typesupport_fastrtps_c/robotiq_3f_interfaces/msg/detail/status__type_support_c.cpp.o\n'}
[9.025428] (-) TimerEvent: {}
[9.028974] (robotiq_3f_interfaces) StdoutLine: {'line': b'[ 55%] Linking CXX shared library librobotiq_3f_interfaces__rosidl_typesupport_cpp.so\n'}
[9.029415] (robotiq_3f_interfaces) StdoutLine: {'line': b'[ 55%] Linking CXX shared library librobotiq_3f_interfaces__rosidl_typesupport_c.so\n'}
[9.032160] (robotiq_3f_interfaces) StdoutLine: {'line': b'[ 56%] Building CXX object CMakeFiles/robotiq_3f_interfaces__rosidl_typesupport_fastrtps_c.dir/rosidl_typesupport_fastrtps_c/robotiq_3f_interfaces/msg/detail/grasping_mode__type_support_c.cpp.o\n'}
[9.043111] (robotiq_3f_interfaces) StdoutLine: {'line': b'[ 58%] Building C object CMakeFiles/robotiq_3f_interfaces__rosidl_typesupport_introspection_c.dir/rosidl_typesupport_introspection_c/robotiq_3f_interfaces/msg/detail/independent_control_command__type_support.c.o\n'}
[9.048219] (robotiq_3f_interfaces) StdoutLine: {'line': b'[ 59%] Building C object CMakeFiles/robotiq_3f_interfaces__rosidl_typesupport_introspection_c.dir/rosidl_typesupport_introspection_c/robotiq_3f_interfaces/srv/detail/change_grasping_mode__type_support.c.o\n'}
[9.113025] (robotiq_3f_interfaces) StdoutLine: {'line': b'[ 61%] Building CXX object CMakeFiles/robotiq_3f_interfaces__rosidl_typesupport_introspection_cpp.dir/rosidl_typesupport_introspection_cpp/robotiq_3f_interfaces/msg/detail/grasping_mode__type_support.cpp.o\n'}
[9.120730] (robotiq_3f_interfaces) StdoutLine: {'line': b'[ 61%] Built target robotiq_3f_interfaces__rosidl_typesupport_cpp\n'}
[9.125629] (-) TimerEvent: {}
[9.128945] (robotiq_3f_interfaces) StdoutLine: {'line': b'[ 62%] Building CXX object CMakeFiles/robotiq_3f_interfaces__rosidl_typesupport_fastrtps_c.dir/rosidl_typesupport_fastrtps_c/robotiq_3f_interfaces/msg/detail/simple_control_command__type_support_c.cpp.o\n'}
[9.129954] (robotiq_3f_interfaces) StdoutLine: {'line': b'[ 62%] Built target robotiq_3f_interfaces__rosidl_typesupport_c\n'}
[9.146575] (robotiq_3f_interfaces) StdoutLine: {'line': b'[ 63%] Building CXX object CMakeFiles/robotiq_3f_interfaces__rosidl_typesupport_introspection_cpp.dir/rosidl_typesupport_introspection_cpp/robotiq_3f_interfaces/msg/detail/simple_control_command__type_support.cpp.o\n'}
[9.148365] (robotiq_3f_interfaces) StdoutLine: {'line': b'[ 65%] Linking C shared library librobotiq_3f_interfaces__rosidl_typesupport_introspection_c.so\n'}
[9.162272] (robotiq_3f_interfaces) StdoutLine: {'line': b'[ 66%] Building CXX object CMakeFiles/robotiq_3f_interfaces__rosidl_typesupport_fastrtps_c.dir/rosidl_typesupport_fastrtps_c/robotiq_3f_interfaces/msg/detail/independent_control_command__type_support_c.cpp.o\n'}
[9.225832] (-) TimerEvent: {}
[9.245995] (robotiq_3f_interfaces) StdoutLine: {'line': b'[ 66%] Built target robotiq_3f_interfaces__rosidl_typesupport_introspection_c\n'}
[9.292176] (robotiq_3f_interfaces) StdoutLine: {'line': b'[ 68%] Building CXX object CMakeFiles/robotiq_3f_interfaces__rosidl_typesupport_introspection_cpp.dir/rosidl_typesupport_introspection_cpp/robotiq_3f_interfaces/msg/detail/independent_control_command__type_support.cpp.o\n'}
[9.318164] (robotiq_3f_interfaces) StdoutLine: {'line': b'[ 69%] Building CXX object CMakeFiles/robotiq_3f_interfaces__rosidl_typesupport_introspection_cpp.dir/rosidl_typesupport_introspection_cpp/robotiq_3f_interfaces/srv/detail/change_grasping_mode__type_support.cpp.o\n'}
[9.326046] (-) TimerEvent: {}
[9.339959] (robotiq_3f_interfaces) StdoutLine: {'line': b'[ 70%] Building CXX object CMakeFiles/robotiq_3f_interfaces__rosidl_typesupport_fastrtps_c.dir/rosidl_typesupport_fastrtps_c/robotiq_3f_interfaces/srv/detail/change_grasping_mode__type_support_c.cpp.o\n'}
[9.426261] (-) TimerEvent: {}
[9.526719] (-) TimerEvent: {}
[9.627190] (-) TimerEvent: {}
[9.679465] (robotiq_3f_interfaces) StdoutLine: {'line': b'[ 72%] Building CXX object CMakeFiles/robotiq_3f_interfaces__rosidl_typesupport_fastrtps_cpp.dir/rosidl_typesupport_fastrtps_cpp/robotiq_3f_interfaces/msg/detail/dds_fastrtps/grasping_mode__type_support.cpp.o\n'}
[9.727445] (-) TimerEvent: {}
[9.827864] (-) TimerEvent: {}
[9.851220] (robotiq_3f_interfaces) StdoutLine: {'line': b'[ 73%] Building CXX object CMakeFiles/robotiq_3f_interfaces__rosidl_typesupport_fastrtps_cpp.dir/rosidl_typesupport_fastrtps_cpp/robotiq_3f_interfaces/msg/detail/dds_fastrtps/simple_control_command__type_support.cpp.o\n'}
[9.865626] (robotiq_3f_interfaces) StdoutLine: {'line': b'[ 75%] Building CXX object CMakeFiles/robotiq_3f_interfaces__rosidl_typesupport_fastrtps_cpp.dir/rosidl_typesupport_fastrtps_cpp/robotiq_3f_interfaces/msg/detail/dds_fastrtps/independent_control_command__type_support.cpp.o\n'}
[9.894327] (robotiq_3f_interfaces) StdoutLine: {'line': b'[ 76%] Building CXX object CMakeFiles/robotiq_3f_interfaces__rosidl_typesupport_fastrtps_cpp.dir/rosidl_typesupport_fastrtps_cpp/robotiq_3f_interfaces/srv/detail/dds_fastrtps/change_grasping_mode__type_support.cpp.o\n'}
[9.928070] (-) TimerEvent: {}
[10.028517] (-) TimerEvent: {}
[10.128932] (-) TimerEvent: {}
[10.229361] (-) TimerEvent: {}
[10.264139] (robotiq_3f_interfaces) StdoutLine: {'line': b'[ 77%] Linking CXX shared library librobotiq_3f_interfaces__rosidl_typesupport_fastrtps_c.so\n'}
[10.308315] (robotiq_3f_interfaces) StdoutLine: {'line': b'[ 79%] Linking CXX shared library librobotiq_3f_interfaces__rosidl_typesupport_introspection_cpp.so\n'}
[10.329543] (-) TimerEvent: {}
[10.430132] (-) TimerEvent: {}
[10.450486] (robotiq_3f_interfaces) StdoutLine: {'line': b'[ 79%] Built target robotiq_3f_interfaces__rosidl_typesupport_fastrtps_c\n'}
[10.461782] (robotiq_3f_interfaces) StdoutLine: {'line': b'[ 79%] Built target robotiq_3f_interfaces__rosidl_typesupport_introspection_cpp\n'}
[10.530311] (-) TimerEvent: {}
[10.630737] (-) TimerEvent: {}
[10.731164] (-) TimerEvent: {}
[10.831577] (-) TimerEvent: {}
[10.838203] (robotiq_3f_interfaces) StdoutLine: {'line': b'[ 80%] Linking CXX shared library librobotiq_3f_interfaces__rosidl_typesupport_fastrtps_cpp.so\n'}
[10.931780] (-) TimerEvent: {}
[11.015698] (robotiq_3f_interfaces) StdoutLine: {'line': b'[ 80%] Built target robotiq_3f_interfaces__rosidl_typesupport_fastrtps_cpp\n'}
[11.031933] (-) TimerEvent: {}
[11.068699] (robotiq_3f_interfaces) StdoutLine: {'line': b'[ 80%] Built target robotiq_3f_interfaces\n'}
[11.119607] (robotiq_3f_interfaces) StdoutLine: {'line': b'[ 81%] Generating Python code for ROS interfaces\n'}
[11.132109] (-) TimerEvent: {}
[11.232519] (-) TimerEvent: {}
[11.332931] (-) TimerEvent: {}
[11.433359] (-) TimerEvent: {}
[11.533757] (-) TimerEvent: {}
[11.634139] (-) TimerEvent: {}
[11.734535] (-) TimerEvent: {}
[11.834907] (-) TimerEvent: {}
[11.935258] (-) TimerEvent: {}
[12.035676] (-) TimerEvent: {}
[12.136022] (-) TimerEvent: {}
[12.236340] (-) TimerEvent: {}
[12.336712] (-) TimerEvent: {}
[12.437090] (-) TimerEvent: {}
[12.537460] (-) TimerEvent: {}
[12.637839] (-) TimerEvent: {}
[12.738252] (-) TimerEvent: {}
[12.838632] (-) TimerEvent: {}
[12.938962] (-) TimerEvent: {}
[13.039332] (-) TimerEvent: {}
[13.102170] (robotiq_3f_interfaces) StdoutLine: {'line': b'[ 81%] Built target robotiq_3f_interfaces__py\n'}
[13.139700] (-) TimerEvent: {}
[13.156403] (robotiq_3f_interfaces) StdoutLine: {'line': b'[ 88%] Building C object CMakeFiles/robotiq_3f_interfaces__rosidl_generator_py.dir/rosidl_generator_py/robotiq_3f_interfaces/msg/_grasping_mode_s.c.o\n'}
[13.157047] (robotiq_3f_interfaces) StdoutLine: {'line': b'[ 88%] Building C object CMakeFiles/robotiq_3f_interfaces__rosidl_generator_py.dir/rosidl_generator_py/robotiq_3f_interfaces/msg/_independent_control_command_s.c.o\n'}
[13.157239] (robotiq_3f_interfaces) StdoutLine: {'line': b'[ 88%] Building C object CMakeFiles/robotiq_3f_interfaces__rosidl_generator_py.dir/rosidl_generator_py/robotiq_3f_interfaces/msg/_status_s.c.o\n'}
[13.157389] (robotiq_3f_interfaces) StdoutLine: {'line': b'[ 88%] Building C object CMakeFiles/robotiq_3f_interfaces__rosidl_generator_py.dir/rosidl_generator_py/robotiq_3f_interfaces/msg/_object_detection_status_s.c.o\n'}
[13.157525] (robotiq_3f_interfaces) StdoutLine: {'line': b'[ 88%] Building C object CMakeFiles/robotiq_3f_interfaces__rosidl_generator_py.dir/rosidl_generator_py/robotiq_3f_interfaces/srv/_change_grasping_mode_s.c.o\n'}
[13.157826] (robotiq_3f_interfaces) StdoutLine: {'line': b'[ 90%] Building C object CMakeFiles/robotiq_3f_interfaces__rosidl_generator_py.dir/rosidl_generator_py/robotiq_3f_interfaces/msg/_simple_control_command_s.c.o\n'}
[13.239954] (-) TimerEvent: {}
[13.340364] (-) TimerEvent: {}
[13.440905] (-) TimerEvent: {}
[13.541437] (-) TimerEvent: {}
[13.588803] (robotiq_3f_interfaces) StdoutLine: {'line': b'[ 91%] Linking C shared library rosidl_generator_py/robotiq_3f_interfaces/librobotiq_3f_interfaces__rosidl_generator_py.so\n'}
[13.641630] (-) TimerEvent: {}
[13.683805] (robotiq_3f_interfaces) StdoutLine: {'line': b'[ 91%] Built target robotiq_3f_interfaces__rosidl_generator_py\n'}
[13.728222] (robotiq_3f_interfaces) StdoutLine: {'line': b'[ 95%] Building C object CMakeFiles/robotiq_3f_interfaces__rosidl_typesupport_introspection_c__pyext.dir/rosidl_generator_py/robotiq_3f_interfaces/_robotiq_3f_interfaces_s.ep.rosidl_typesupport_introspection_c.c.o\n'}
[13.728689] (robotiq_3f_interfaces) StdoutLine: {'line': b'[ 95%] Building C object CMakeFiles/robotiq_3f_interfaces__rosidl_typesupport_fastrtps_c__pyext.dir/rosidl_generator_py/robotiq_3f_interfaces/_robotiq_3f_interfaces_s.ep.rosidl_typesupport_fastrtps_c.c.o\n'}
[13.728865] (robotiq_3f_interfaces) StdoutLine: {'line': b'[ 95%] Building C object CMakeFiles/robotiq_3f_interfaces__rosidl_typesupport_c__pyext.dir/rosidl_generator_py/robotiq_3f_interfaces/_robotiq_3f_interfaces_s.ep.rosidl_typesupport_c.c.o\n'}
[13.741801] (-) TimerEvent: {}
[13.842199] (-) TimerEvent: {}
[13.942591] (-) TimerEvent: {}
[13.977797] (robotiq_3f_interfaces) StdoutLine: {'line': b'[ 98%] Linking C shared library rosidl_generator_py/robotiq_3f_interfaces/robotiq_3f_interfaces_s__rosidl_typesupport_c.cpython-310-aarch64-linux-gnu.so\n'}
[13.978216] (robotiq_3f_interfaces) StdoutLine: {'line': b'[ 98%] Linking C shared library rosidl_generator_py/robotiq_3f_interfaces/robotiq_3f_interfaces_s__rosidl_typesupport_introspection_c.cpython-310-aarch64-linux-gnu.so\n'}
[13.978375] (robotiq_3f_interfaces) StdoutLine: {'line': b'[100%] Linking C shared library rosidl_generator_py/robotiq_3f_interfaces/robotiq_3f_interfaces_s__rosidl_typesupport_fastrtps_c.cpython-310-aarch64-linux-gnu.so\n'}
[14.042919] (-) TimerEvent: {}
[14.067456] (robotiq_3f_interfaces) StdoutLine: {'line': b'[100%] Built target robotiq_3f_interfaces__rosidl_typesupport_introspection_c__pyext\n'}
[14.067898] (robotiq_3f_interfaces) StdoutLine: {'line': b'[100%] Built target robotiq_3f_interfaces__rosidl_typesupport_c__pyext\n'}
[14.068057] (robotiq_3f_interfaces) StdoutLine: {'line': b'[100%] Built target robotiq_3f_interfaces__rosidl_typesupport_fastrtps_c__pyext\n'}
[14.105892] (robotiq_3f_interfaces) CommandEnded: {'returncode': 0}
[14.107841] (robotiq_3f_interfaces) JobProgress: {'identifier': 'robotiq_3f_interfaces', 'progress': 'install'}
[14.133223] (robotiq_3f_interfaces) Command: {'cmd': ['/usr/bin/cmake', '--install', '/home/ubuntu/research_ws/ur10_pick_place_ws/build/robotiq_3f_interfaces'], 'cwd': '/home/ubuntu/research_ws/ur10_pick_place_ws/build/robotiq_3f_interfaces', 'env': OrderedDict([('LESSOPEN', '| /usr/bin/lesspipe %s'), ('LANGUAGE', 'en_IN:en'), ('USER', 'ubuntu'), ('CLAUDE_CODE_ENTRYPOINT', 'cli'), ('GIT_EDITOR', 'true'), ('XDG_SESSION_TYPE', 'x11'), ('SHLVL', '2'), ('LD_LIBRARY_PATH', '/home/ubuntu/.local/lib/python3.10/site-packages/nvidia/cusparselt/lib:/usr/local/cuda/lib64:/home/ubuntu/ur_camera_ws/install/easy_handeye2_msgs/lib:/home/ubuntu/ur_camera_ws/install/depthai_ros_driver/lib:/home/ubuntu/ur_camera_ws/install/depthai_filters/lib:/home/ubuntu/ur_camera_ws/install/depthai_bridge/lib:/home/ubuntu/ur_camera_ws/install/depthai_ros_msgs/lib:/opt/ros/humble/opt/rviz_ogre_vendor/lib:/opt/ros/humble/lib/aarch64-linux-gnu:/opt/ros/humble/lib'), ('VIPSHOME', '/target'), ('HOME', '/home/ubuntu'), ('OLDPWD', '/home/ubuntu/research_ws/ur10_pick_place_ws'), ('DESKTOP_SESSION', 'ubuntu'), ('ROS_PYTHON_VERSION', '3'), ('GNOME_SHELL_SESSION_MODE', 'ubuntu'), ('GTK_MODULES', 'gail:atk-bridge'), ('SYSTEMD_EXEC_PID', '2404'), ('FASTDDS_SHM_TRANSPORT', '0'), ('DBUS_SESSION_BUS_ADDRESS', 'unix:path=/run/user/1000/bus'), ('COLORTERM', 'truecolor'), ('IM_CONFIG_PHASE', '1'), ('COLCON_PREFIX_PATH', '/home/ubuntu/ur_camera_ws/install:/home/ubuntu/ur10_sim_ws/install'), ('ROS_DISTRO', 'humble'), ('GTK_IM_MODULE', 'ibus'), ('LOGNAME', 'ubuntu'), ('IGN_GAZEBO_MODEL_PATH', '/home/ubuntu/ur_camera_ws/install/depthai_descriptions/share:/opt/ros/humble/share'), ('_', '/usr/bin/colcon'), ('ROS_VERSION', '2'), ('XDG_SESSION_CLASS', 'user'), ('USERNAME', 'ubuntu'), ('TERM', 'xterm-256color'), ('OTEL_EXPORTER_OTLP_METRICS_TEMPORALITY_PREFERENCE', 'delta'), ('GAZEBO_MODEL_PATH', '/home/ubuntu/ur_camera_ws/install/depthai_descriptions/share:/opt/ros/humble/share'), ('GNOME_DESKTOP_SESSION_ID', 'this-is-deprecated'), ('ROS_LOCALHOST_ONLY', '0'), ('WINDOWPATH', '2'), ('PATH', '/usr/local/cuda/bin:/opt/ros/humble/bin:/home/ubuntu/.local/bin:/usr/local/sbin:/usr/local/bin:/usr/sbin:/usr/bin:/sbin:/bin:/usr/games:/usr/local/games:/snap/bin'), ('SESSION_MANAGER', 'local/ubuntu-desktop:@/tmp/.ICE-unix/2379,unix/ubuntu-desktop:/tmp/.ICE-unix/2379'), ('COREPACK_ENABLE_AUTO_PIN', '0'), ('XDG_MENU_PREFIX', 'gnome-'), ('GNOME_TERMINAL_SCREEN', '/org/gnome/Terminal/screen/d29a9e39_3074_4fa3_879b_a674e48a0a22'), ('XDG_RUNTIME_DIR', '/run/user/1000'), ('DISPLAY', ':1'), ('NoDefaultCurrentDirectoryInExePath', '1'), ('LANG', 'en_US.UTF-8'), ('XDG_CURRENT_DESKTOP', 'ubuntu:GNOME'), ('RMW_IMPLEMENTATION', 'rmw_cyclonedds_cpp'), ('XMODIFIERS', '@im=ibus'), ('XDG_SESSION_DESKTOP', 'ubuntu'), ('XAUTHORITY', '/run/user/1000/gdm/Xauthority'), ('LS_COLORS', 'rs=0:di=01;34:ln=01;36:mh=00:pi=40;33:so=01;35:do=01;35:bd=40;33;01:cd=40;33;01:or=40;31;01:mi=00:su=37;41:sg=30;43:ca=30;41:tw=30;42:ow=34;42:st=37;44:ex=01;32:*.tar=01;31:*.tgz=01;31:*.arc=01;31:*.arj=01;31:*.taz=01;31:*.lha=01;31:*.lz4=01;31:*.lzh=01;31:*.lzma=01;31:*.tlz=01;31:*.txz=01;31:*.tzo=01;31:*.t7z=01;31:*.zip=01;31:*.z=01;31:*.dz=01;31:*.gz=01;31:*.lrz=01;31:*.lz=01;31:*.lzo=01;31:*.xz=01;31:*.zst=01;31:*.tzst=01;31:*.bz2=01;31:*.bz=01;31:*.tbz=01;31:*.tbz2=01;31:*.tz=01;31:*.deb=01;31:*.rpm=01;31:*.jar=01;31:*.war=01;31:*.ear=01;31:*.sar=01;31:*.rar=01;31:*.alz=01;31:*.ace=01;31:*.zoo=01;31:*.cpio=01;31:*.7z=01;31:*.rz=01;31:*.cab=01;31:*.wim=01;31:*.swm=01;31:*.dwm=01;31:*.esd=01;31:*.jpg=01;35:*.jpeg=01;35:*.mjpg=01;35:*.mjpeg=01;35:*.gif=01;35:*.bmp=01;35:*.pbm=01;35:*.pgm=01;35:*.ppm=01;35:*.tga=01;35:*.xbm=01;35:*.xpm=01;35:*.tif=01;35:*.tiff=01;35:*.png=01;35:*.svg=01;35:*.svgz=01;35:*.mng=01;35:*.pcx=01;35:*.mov=01;35:*.mpg=01;35:*.mpeg=01;35:*.m2v=01;35:*.mkv=01;35:*.webm=01;35:*.webp=01;35:*.ogm=01;35:*.mp4=01;35:*.m4v=01;35:*.mp4v=01;35:*.vob=01;35:*.qt=01;35:*.nuv=01;35:*.wmv=01;35:*.asf=01;35:*.rm=01;35:*.rmvb=01;35:*.flc=01;35:*.avi=01;35:*.fli=01;35:*.flv=01;35:*.gl=01;35:*.dl=01;35:*.xcf=01;35:*.xwd=01;35:*.yuv=01;35:*.cgm=01;35:*.emf=01;35:*.ogv=01;35:*.ogx=01;35:*.aac=00;36:*.au=00;36:*.flac=00;36:*.m4a=00;36:*.mid=00;36:*.midi=00;36:*.mka=00;36:*.mp3=00;36:*.mpc=00;36:*.ogg=00;36:*.ra=00;36:*.wav=00;36:*.oga=00;36:*.opus=00;36:*.spx=00;36:*.xspf=00;36:'), ('GNOME_TERMINAL_SERVICE', ':1.95'), ('SSH_AGENT_LAUNCHER', 'gnome-keyring'), ('SSH_AUTH_SOCK', '/run/user/1000/keyring/ssh'), ('AMENT_PREFIX_PATH', '/home/ubuntu/ur_camera_ws/install/ur_moveit_config:/home/ubuntu/ur_camera_ws/install/pick_place:/home/ubuntu/ur_camera_ws/install/easy_handeye2:/home/ubuntu/ur_camera_ws/install/easy_handeye2_msgs:/home/ubuntu/ur_camera_ws/install/depthai-ros:/home/ubuntu/ur_camera_ws/install/depthai_ros_driver:/home/ubuntu/ur_camera_ws/install/depthai_filters:/home/ubuntu/ur_camera_ws/install/depthai_examples:/home/ubuntu/ur_camera_ws/install/depthai_bridge:/home/ubuntu/ur_camera_ws/install/depthai_ros_msgs:/home/ubuntu/ur_camera_ws/install/depthai_descriptions:/opt/ros/humble'), ('SHELL', '/bin/bash'), ('RMW_FASTRTPS_USE_QOS_FROM_XML', '1'), ('QT_ACCESSIBILITY', '1'), ('GDMSESSION', 'ubuntu'), ('LESSCLOSE', '/usr/bin/lesspipe %s %s'), ('IGN_GAZEBO_RESOURCE_PATH', '/home/ubuntu/ur_camera_ws/install/depthai_descriptions/share:/opt/ros/humble/share'), ('CLAUDECODE', '1'), ('GPG_AGENT_INFO', '/run/user/1000/gnupg/S.gpg-agent:0:1'), ('GAZEBO_RESOURCE_PATH', '/home/ubuntu/ur_camera_ws/install/depthai_descriptions/share:/opt/ros/humble/share'), ('QT_IM_MODULE', 'ibus'), ('PWD', '/home/ubuntu/research_ws/ur10_pick_place_ws/build/robotiq_3f_interfaces'), ('LC_ALL', 'en_US.UTF-8'), ('XDG_CONFIG_DIRS', '/etc/xdg/xdg-ubuntu:/etc/xdg'), ('XDG_DATA_DIRS', '/usr/share/ubuntu:/usr/share/gnome:/usr/local/share/:/usr/share/'), ('PYTHONPATH', '/home/ubuntu/ur_camera_ws/install/pick_place/lib/python3.10/site-packages:/home/ubuntu/ur_camera_ws/build/easy_handeye2:/home/ubuntu/ur_camera_ws/install/easy_handeye2/lib/python3.10/site-packages:/home/ubuntu/ur_camera_ws/install/easy_handeye2_msgs/local/lib/python3.10/dist-packages:/home/ubuntu/ur_camera_ws/install/depthai_ros_driver/local/lib/python3.10/dist-packages:/home/ubuntu/ur_camera_ws/install/depthai_ros_msgs/local/lib/python3.10/dist-packages:/opt/ros/humble/lib/python3.10/site-packages:/opt/ros/humble/local/lib/python3.10/dist-packages'), ('COLCON', '1'), ('VTE_VERSION', '6800'), ('CMAKE_PREFIX_PATH', '/home/ubuntu/ur_camera_ws/install/ur_moveit_config:/home/ubuntu/ur_camera_ws/install/easy_handeye2_msgs:/home/ubuntu/ur_camera_ws/install/depthai-ros:/home/ubuntu/ur_camera_ws/install/depthai_ros_driver:/home/ubuntu/ur_camera_ws/install/depthai_filters:/home/ubuntu/ur_camera_ws/install/depthai_examples:/home/ubuntu/ur_camera_ws/install/depthai_bridge:/home/ubuntu/ur_camera_ws/install/depthai_ros_msgs:/home/ubuntu/ur_camera_ws/install/depthai_descriptions:/home/ubuntu/ur_camera_ws/install/pick_place:/home/ubuntu/ur_camera_ws/install/easy_handeye2:/opt/ros/humble')]), 'shell': False}
[14.142978] (-) TimerEvent: {}
[14.153688] (robotiq_3f_interfaces) StdoutLine: {'line': b'-- Install configuration: ""\n'}
[14.154422] (robotiq_3f_interfaces) StdoutLine: {'line': b'-- Execute custom install script\n'}
[14.154918] (robotiq_3f_interfaces) StdoutLine: {'line': b'-- Symlinking: /home/ubuntu/research_ws/ur10_pick_place_ws/install/robotiq_3f_interfaces/share/ament_index/resource_index/rosidl_interfaces/robotiq_3f_interfaces\n'}
[14.181102] (robotiq_3f_interfaces) StdoutLine: {'line': b'-- Symlinking: /home/ubuntu/research_ws/ur10_pick_place_ws/install/robotiq_3f_interfaces/include/robotiq_3f_interfaces/robotiq_3f_interfaces/msg/detail/grasping_mode__functions.h\n'}
[14.201802] (robotiq_3f_interfaces) StdoutLine: {'line': b'-- Symlinking: /home/ubuntu/research_ws/ur10_pick_place_ws/install/robotiq_3f_interfaces/include/robotiq_3f_interfaces/robotiq_3f_interfaces/msg/detail/grasping_mode__struct.h\n'}
[14.223013] (robotiq_3f_interfaces) StdoutLine: {'line': b'-- Symlinking: /home/ubuntu/research_ws/ur10_pick_place_ws/install/robotiq_3f_interfaces/include/robotiq_3f_interfaces/robotiq_3f_interfaces/msg/detail/grasping_mode__type_support.h\n'}
[14.243189] (-) TimerEvent: {}
[14.245894] (robotiq_3f_interfaces) StdoutLine: {'line': b'-- Symlinking: /home/ubuntu/research_ws/ur10_pick_place_ws/install/robotiq_3f_interfaces/include/robotiq_3f_interfaces/robotiq_3f_interfaces/msg/detail/independent_control_command__functions.h\n'}
[14.267462] (robotiq_3f_interfaces) StdoutLine: {'line': b'-- Symlinking: /home/ubuntu/research_ws/ur10_pick_place_ws/install/robotiq_3f_interfaces/include/robotiq_3f_interfaces/robotiq_3f_interfaces/msg/detail/independent_control_command__struct.h\n'}
[14.293685] (robotiq_3f_interfaces) StdoutLine: {'line': b'-- Symlinking: /home/ubuntu/research_ws/ur10_pick_place_ws/install/robotiq_3f_interfaces/include/robotiq_3f_interfaces/robotiq_3f_interfaces/msg/detail/independent_control_command__type_support.h\n'}
[14.314375] (robotiq_3f_interfaces) StdoutLine: {'line': b'-- Symlinking: /home/ubuntu/research_ws/ur10_pick_place_ws/install/robotiq_3f_interfaces/include/robotiq_3f_interfaces/robotiq_3f_interfaces/msg/detail/object_detection_status__functions.h\n'}
[14.334502] (robotiq_3f_interfaces) StdoutLine: {'line': b'-- Symlinking: /home/ubuntu/research_ws/ur10_pick_place_ws/install/robotiq_3f_interfaces/include/robotiq_3f_interfaces/robotiq_3f_interfaces/msg/detail/object_detection_status__struct.h\n'}
[14.343299] (-) TimerEvent: {}
[14.355852] (robotiq_3f_interfaces) StdoutLine: {'line': b'-- Symlinking: /home/ubuntu/research_ws/ur10_pick_place_ws/install/robotiq_3f_interfaces/include/robotiq_3f_interfaces/robotiq_3f_interfaces/msg/detail/object_detection_status__type_support.h\n'}
[14.374749] (robotiq_3f_interfaces) StdoutLine: {'line': b'-- Symlinking: /home/ubuntu/research_ws/ur10_pick_place_ws/install/robotiq_3f_interfaces/include/robotiq_3f_interfaces/robotiq_3f_interfaces/msg/detail/simple_control_command__functions.h\n'}
[14.397083] (robotiq_3f_interfaces) StdoutLine: {'line': b'-- Symlinking: /home/ubuntu/research_ws/ur10_pick_place_ws/install/robotiq_3f_interfaces/include/robotiq_3f_interfaces/robotiq_3f_interfaces/msg/detail/simple_control_command__struct.h\n'}
[14.419285] (robotiq_3f_interfaces) StdoutLine: {'line': b'-- Symlinking: /home/ubuntu/research_ws/ur10_pick_place_ws/install/robotiq_3f_interfaces/include/robotiq_3f_interfaces/robotiq_3f_interfaces/msg/detail/simple_control_command__type_support.h\n'}
[14.440529] (robotiq_3f_interfaces) StdoutLine: {'line': b'-- Symlinking: /home/ubuntu/research_ws/ur10_pick_place_ws/install/robotiq_3f_interfaces/include/robotiq_3f_interfaces/robotiq_3f_interfaces/msg/detail/status__functions.h\n'}
[14.443385] (-) TimerEvent: {}
[14.465376] (robotiq_3f_interfaces) StdoutLine: {'line': b'-- Symlinking: /home/ubuntu/research_ws/ur10_pick_place_ws/install/robotiq_3f_interfaces/include/robotiq_3f_interfaces/robotiq_3f_interfaces/msg/detail/status__struct.h\n'}
[14.486942] (robotiq_3f_interfaces) StdoutLine: {'line': b'-- Symlinking: /home/ubuntu/research_ws/ur10_pick_place_ws/install/robotiq_3f_interfaces/include/robotiq_3f_interfaces/robotiq_3f_interfaces/msg/detail/status__type_support.h\n'}
[14.512220] (robotiq_3f_interfaces) StdoutLine: {'line': b'-- Symlinking: /home/ubuntu/research_ws/ur10_pick_place_ws/install/robotiq_3f_interfaces/include/robotiq_3f_interfaces/robotiq_3f_interfaces/msg/grasping_mode.h\n'}
[14.531520] (robotiq_3f_interfaces) StdoutLine: {'line': b'-- Symlinking: /home/ubuntu/research_ws/ur10_pick_place_ws/install/robotiq_3f_interfaces/include/robotiq_3f_interfaces/robotiq_3f_interfaces/msg/independent_control_command.h\n'}
[14.543465] (-) TimerEvent: {}
[14.550086] (robotiq_3f_interfaces) StdoutLine: {'line': b'-- Symlinking: /home/ubuntu/research_ws/ur10_pick_place_ws/install/robotiq_3f_interfaces/include/robotiq_3f_interfaces/robotiq_3f_interfaces/msg/object_detection_status.h\n'}
[14.569476] (robotiq_3f_interfaces) StdoutLine: {'line': b'-- Symlinking: /home/ubuntu/research_ws/ur10_pick_place_ws/install/robotiq_3f_interfaces/include/robotiq_3f_interfaces/robotiq_3f_interfaces/msg/rosidl_generator_c__visibility_control.h\n'}
[14.589100] (robotiq_3f_interfaces) StdoutLine: {'line': b'-- Symlinking: /home/ubuntu/research_ws/ur10_pick_place_ws/install/robotiq_3f_interfaces/include/robotiq_3f_interfaces/robotiq_3f_interfaces/msg/simple_control_command.h\n'}
[14.610969] (robotiq_3f_interfaces) StdoutLine: {'line': b'-- Symlinking: /home/ubuntu/research_ws/ur10_pick_place_ws/install/robotiq_3f_interfaces/include/robotiq_3f_interfaces/robotiq_3f_interfaces/msg/status.h\n'}
[14.635422] (robotiq_3f_interfaces) StdoutLine: {'line': b'-- Symlinking: /home/ubuntu/research_ws/ur10_pick_place_ws/install/robotiq_3f_interfaces/include/robotiq_3f_interfaces/robotiq_3f_interfaces/srv/change_grasping_mode.h\n'}
[14.643659] (-) TimerEvent: {}
[14.656979] (robotiq_3f_interfaces) StdoutLine: {'line': b'-- Symlinking: /home/ubuntu/research_ws/ur10_pick_place_ws/install/robotiq_3f_interfaces/include/robotiq_3f_interfaces/robotiq_3f_interfaces/srv/detail/change_grasping_mode__functions.h\n'}
[14.681756] (robotiq_3f_interfaces) StdoutLine: {'line': b'-- Symlinking: /home/ubuntu/research_ws/ur10_pick_place_ws/install/robotiq_3f_interfaces/include/robotiq_3f_interfaces/robotiq_3f_interfaces/srv/detail/change_grasping_mode__struct.h\n'}
[14.704327] (robotiq_3f_interfaces) StdoutLine: {'line': b'-- Symlinking: /home/ubuntu/research_ws/ur10_pick_place_ws/install/robotiq_3f_interfaces/include/robotiq_3f_interfaces/robotiq_3f_interfaces/srv/detail/change_grasping_mode__type_support.h\n'}
[14.729149] (robotiq_3f_interfaces) StdoutLine: {'line': b'-- Symlinking: /home/ubuntu/research_ws/ur10_pick_place_ws/install/robotiq_3f_interfaces/share/robotiq_3f_interfaces/environment/library_path.sh\n'}
[14.743888] (-) TimerEvent: {}
[14.753306] (robotiq_3f_interfaces) StdoutLine: {'line': b'-- Symlinking: /home/ubuntu/research_ws/ur10_pick_place_ws/install/robotiq_3f_interfaces/share/robotiq_3f_interfaces/environment/library_path.dsv\n'}
[14.777158] (robotiq_3f_interfaces) StdoutLine: {'line': b'-- Symlinking: /home/ubuntu/research_ws/ur10_pick_place_ws/install/robotiq_3f_interfaces/include/robotiq_3f_interfaces/robotiq_3f_interfaces/msg/detail/grasping_mode__rosidl_typesupport_fastrtps_c.h\n'}
[14.801885] (robotiq_3f_interfaces) StdoutLine: {'line': b'-- Symlinking: /home/ubuntu/research_ws/ur10_pick_place_ws/install/robotiq_3f_interfaces/include/robotiq_3f_interfaces/robotiq_3f_interfaces/msg/detail/independent_control_command__rosidl_typesupport_fastrtps_c.h\n'}
[14.823941] (robotiq_3f_interfaces) StdoutLine: {'line': b'-- Symlinking: /home/ubuntu/research_ws/ur10_pick_place_ws/install/robotiq_3f_interfaces/include/robotiq_3f_interfaces/robotiq_3f_interfaces/msg/detail/object_detection_status__rosidl_typesupport_fastrtps_c.h\n'}
[14.843999] (-) TimerEvent: {}
[14.848991] (robotiq_3f_interfaces) StdoutLine: {'line': b'-- Symlinking: /home/ubuntu/research_ws/ur10_pick_place_ws/install/robotiq_3f_interfaces/include/robotiq_3f_interfaces/robotiq_3f_interfaces/msg/detail/simple_control_command__rosidl_typesupport_fastrtps_c.h\n'}
[14.871759] (robotiq_3f_interfaces) StdoutLine: {'line': b'-- Symlinking: /home/ubuntu/research_ws/ur10_pick_place_ws/install/robotiq_3f_interfaces/include/robotiq_3f_interfaces/robotiq_3f_interfaces/msg/detail/status__rosidl_typesupport_fastrtps_c.h\n'}
[14.897382] (robotiq_3f_interfaces) StdoutLine: {'line': b'-- Symlinking: /home/ubuntu/research_ws/ur10_pick_place_ws/install/robotiq_3f_interfaces/include/robotiq_3f_interfaces/robotiq_3f_interfaces/msg/rosidl_typesupport_fastrtps_c__visibility_control.h\n'}
[14.918174] (robotiq_3f_interfaces) StdoutLine: {'line': b'-- Symlinking: /home/ubuntu/research_ws/ur10_pick_place_ws/install/robotiq_3f_interfaces/include/robotiq_3f_interfaces/robotiq_3f_interfaces/srv/detail/change_grasping_mode__rosidl_typesupport_fastrtps_c.h\n'}
[14.944157] (-) TimerEvent: {}
[14.945412] (robotiq_3f_interfaces) StdoutLine: {'line': b'-- Symlinking: /home/ubuntu/research_ws/ur10_pick_place_ws/install/robotiq_3f_interfaces/include/robotiq_3f_interfaces/robotiq_3f_interfaces/msg/detail/grasping_mode__rosidl_typesupport_introspection_c.h\n'}
[14.967260] (robotiq_3f_interfaces) StdoutLine: {'line': b'-- Symlinking: /home/ubuntu/research_ws/ur10_pick_place_ws/install/robotiq_3f_interfaces/include/robotiq_3f_interfaces/robotiq_3f_interfaces/msg/detail/independent_control_command__rosidl_typesupport_introspection_c.h\n'}
[14.990028] (robotiq_3f_interfaces) StdoutLine: {'line': b'-- Symlinking: /home/ubuntu/research_ws/ur10_pick_place_ws/install/robotiq_3f_interfaces/include/robotiq_3f_interfaces/robotiq_3f_interfaces/msg/detail/object_detection_status__rosidl_typesupport_introspection_c.h\n'}
[15.010631] (robotiq_3f_interfaces) StdoutLine: {'line': b'-- Symlinking: /home/ubuntu/research_ws/ur10_pick_place_ws/install/robotiq_3f_interfaces/include/robotiq_3f_interfaces/robotiq_3f_interfaces/msg/detail/simple_control_command__rosidl_typesupport_introspection_c.h\n'}
[15.036454] (robotiq_3f_interfaces) StdoutLine: {'line': b'-- Symlinking: /home/ubuntu/research_ws/ur10_pick_place_ws/install/robotiq_3f_interfaces/include/robotiq_3f_interfaces/robotiq_3f_interfaces/msg/detail/status__rosidl_typesupport_introspection_c.h\n'}
[15.044272] (-) TimerEvent: {}
[15.057935] (robotiq_3f_interfaces) StdoutLine: {'line': b'-- Symlinking: /home/ubuntu/research_ws/ur10_pick_place_ws/install/robotiq_3f_interfaces/include/robotiq_3f_interfaces/robotiq_3f_interfaces/msg/rosidl_typesupport_introspection_c__visibility_control.h\n'}
[15.079607] (robotiq_3f_interfaces) StdoutLine: {'line': b'-- Symlinking: /home/ubuntu/research_ws/ur10_pick_place_ws/install/robotiq_3f_interfaces/include/robotiq_3f_interfaces/robotiq_3f_interfaces/srv/detail/change_grasping_mode__rosidl_typesupport_introspection_c.h\n'}
[15.105248] (robotiq_3f_interfaces) StdoutLine: {'line': b'-- Symlinking: /home/ubuntu/research_ws/ur10_pick_place_ws/install/robotiq_3f_interfaces/include/robotiq_3f_interfaces/robotiq_3f_interfaces/msg/detail/grasping_mode__builder.hpp\n'}
[15.128402] (robotiq_3f_interfaces) StdoutLine: {'line': b'-- Symlinking: /home/ubuntu/research_ws/ur10_pick_place_ws/install/robotiq_3f_interfaces/include/robotiq_3f_interfaces/robotiq_3f_interfaces/msg/detail/grasping_mode__struct.hpp\n'}
[15.144386] (-) TimerEvent: {}
[15.150656] (robotiq_3f_interfaces) StdoutLine: {'line': b'-- Symlinking: /home/ubuntu/research_ws/ur10_pick_place_ws/install/robotiq_3f_interfaces/include/robotiq_3f_interfaces/robotiq_3f_interfaces/msg/detail/grasping_mode__traits.hpp\n'}
[15.173070] (robotiq_3f_interfaces) StdoutLine: {'line': b'-- Symlinking: /home/ubuntu/research_ws/ur10_pick_place_ws/install/robotiq_3f_interfaces/include/robotiq_3f_interfaces/robotiq_3f_interfaces/msg/detail/grasping_mode__type_support.hpp\n'}
[15.196044] (robotiq_3f_interfaces) StdoutLine: {'line': b'-- Symlinking: /home/ubuntu/research_ws/ur10_pick_place_ws/install/robotiq_3f_interfaces/include/robotiq_3f_interfaces/robotiq_3f_interfaces/msg/detail/independent_control_command__builder.hpp\n'}
[15.217388] (robotiq_3f_interfaces) StdoutLine: {'line': b'-- Symlinking: /home/ubuntu/research_ws/ur10_pick_place_ws/install/robotiq_3f_interfaces/include/robotiq_3f_interfaces/robotiq_3f_interfaces/msg/detail/independent_control_command__struct.hpp\n'}
[15.240330] (robotiq_3f_interfaces) StdoutLine: {'line': b'-- Symlinking: /home/ubuntu/research_ws/ur10_pick_place_ws/install/robotiq_3f_interfaces/include/robotiq_3f_interfaces/robotiq_3f_interfaces/msg/detail/independent_control_command__traits.hpp\n'}
[15.244486] (-) TimerEvent: {}
[15.263319] (robotiq_3f_interfaces) StdoutLine: {'line': b'-- Symlinking: /home/ubuntu/research_ws/ur10_pick_place_ws/install/robotiq_3f_interfaces/include/robotiq_3f_interfaces/robotiq_3f_interfaces/msg/detail/independent_control_command__type_support.hpp\n'}
[15.285071] (robotiq_3f_interfaces) StdoutLine: {'line': b'-- Symlinking: /home/ubuntu/research_ws/ur10_pick_place_ws/install/robotiq_3f_interfaces/include/robotiq_3f_interfaces/robotiq_3f_interfaces/msg/detail/object_detection_status__builder.hpp\n'}
[15.306865] (robotiq_3f_interfaces) StdoutLine: {'line': b'-- Symlinking: /home/ubuntu/research_ws/ur10_pick_place_ws/install/robotiq_3f_interfaces/include/robotiq_3f_interfaces/robotiq_3f_interfaces/msg/detail/object_detection_status__struct.hpp\n'}
[15.328282] (robotiq_3f_interfaces) StdoutLine: {'line': b'-- Symlinking: /home/ubuntu/research_ws/ur10_pick_place_ws/install/robotiq_3f_interfaces/include/robotiq_3f_interfaces/robotiq_3f_interfaces/msg/detail/object_detection_status__traits.hpp\n'}
[15.344660] (-) TimerEvent: {}
[15.348864] (robotiq_3f_interfaces) StdoutLine: {'line': b'-- Symlinking: /home/ubuntu/research_ws/ur10_pick_place_ws/install/robotiq_3f_interfaces/include/robotiq_3f_interfaces/robotiq_3f_interfaces/msg/detail/object_detection_status__type_support.hpp\n'}
[15.370640] (robotiq_3f_interfaces) StdoutLine: {'line': b'-- Symlinking: /home/ubuntu/research_ws/ur10_pick_place_ws/install/robotiq_3f_interfaces/include/robotiq_3f_interfaces/robotiq_3f_interfaces/msg/detail/simple_control_command__builder.hpp\n'}
[15.390606] (robotiq_3f_interfaces) StdoutLine: {'line': b'-- Symlinking: /home/ubuntu/research_ws/ur10_pick_place_ws/install/robotiq_3f_interfaces/include/robotiq_3f_interfaces/robotiq_3f_interfaces/msg/detail/simple_control_command__struct.hpp\n'}
[15.410981] (robotiq_3f_interfaces) StdoutLine: {'line': b'-- Symlinking: /home/ubuntu/research_ws/ur10_pick_place_ws/install/robotiq_3f_interfaces/include/robotiq_3f_interfaces/robotiq_3f_interfaces/msg/detail/simple_control_command__traits.hpp\n'}
[15.431710] (robotiq_3f_interfaces) StdoutLine: {'line': b'-- Symlinking: /home/ubuntu/research_ws/ur10_pick_place_ws/install/robotiq_3f_interfaces/include/robotiq_3f_interfaces/robotiq_3f_interfaces/msg/detail/simple_control_command__type_support.hpp\n'}
[15.444784] (-) TimerEvent: {}
[15.452873] (robotiq_3f_interfaces) StdoutLine: {'line': b'-- Symlinking: /home/ubuntu/research_ws/ur10_pick_place_ws/install/robotiq_3f_interfaces/include/robotiq_3f_interfaces/robotiq_3f_interfaces/msg/detail/status__builder.hpp\n'}
[15.482569] (robotiq_3f_interfaces) StdoutLine: {'line': b'-- Symlinking: /home/ubuntu/research_ws/ur10_pick_place_ws/install/robotiq_3f_interfaces/include/robotiq_3f_interfaces/robotiq_3f_interfaces/msg/detail/status__struct.hpp\n'}
[15.505559] (robotiq_3f_interfaces) StdoutLine: {'line': b'-- Symlinking: /home/ubuntu/research_ws/ur10_pick_place_ws/install/robotiq_3f_interfaces/include/robotiq_3f_interfaces/robotiq_3f_interfaces/msg/detail/status__traits.hpp\n'}
[15.527763] (robotiq_3f_interfaces) StdoutLine: {'line': b'-- Symlinking: /home/ubuntu/research_ws/ur10_pick_place_ws/install/robotiq_3f_interfaces/include/robotiq_3f_interfaces/robotiq_3f_interfaces/msg/detail/status__type_support.hpp\n'}
[15.544904] (-) TimerEvent: {}
[15.553337] (robotiq_3f_interfaces) StdoutLine: {'line': b'-- Symlinking: /home/ubuntu/research_ws/ur10_pick_place_ws/install/robotiq_3f_interfaces/include/robotiq_3f_interfaces/robotiq_3f_interfaces/msg/grasping_mode.hpp\n'}
[15.572230] (robotiq_3f_interfaces) StdoutLine: {'line': b'-- Symlinking: /home/ubuntu/research_ws/ur10_pick_place_ws/install/robotiq_3f_interfaces/include/robotiq_3f_interfaces/robotiq_3f_interfaces/msg/independent_control_command.hpp\n'}
[15.590388] (robotiq_3f_interfaces) StdoutLine: {'line': b'-- Symlinking: /home/ubuntu/research_ws/ur10_pick_place_ws/install/robotiq_3f_interfaces/include/robotiq_3f_interfaces/robotiq_3f_interfaces/msg/object_detection_status.hpp\n'}
[15.612512] (robotiq_3f_interfaces) StdoutLine: {'line': b'-- Symlinking: /home/ubuntu/research_ws/ur10_pick_place_ws/install/robotiq_3f_interfaces/include/robotiq_3f_interfaces/robotiq_3f_interfaces/msg/rosidl_generator_cpp__visibility_control.hpp\n'}
[15.635600] (robotiq_3f_interfaces) StdoutLine: {'line': b'-- Symlinking: /home/ubuntu/research_ws/ur10_pick_place_ws/install/robotiq_3f_interfaces/include/robotiq_3f_interfaces/robotiq_3f_interfaces/msg/simple_control_command.hpp\n'}
[15.645013] (-) TimerEvent: {}
[15.657667] (robotiq_3f_interfaces) StdoutLine: {'line': b'-- Symlinking: /home/ubuntu/research_ws/ur10_pick_place_ws/install/robotiq_3f_interfaces/include/robotiq_3f_interfaces/robotiq_3f_interfaces/msg/status.hpp\n'}
[15.678753] (robotiq_3f_interfaces) StdoutLine: {'line': b'-- Symlinking: /home/ubuntu/research_ws/ur10_pick_place_ws/install/robotiq_3f_interfaces/include/robotiq_3f_interfaces/robotiq_3f_interfaces/srv/change_grasping_mode.hpp\n'}
[15.706326] (robotiq_3f_interfaces) StdoutLine: {'line': b'-- Symlinking: /home/ubuntu/research_ws/ur10_pick_place_ws/install/robotiq_3f_interfaces/include/robotiq_3f_interfaces/robotiq_3f_interfaces/srv/detail/change_grasping_mode__builder.hpp\n'}
[15.727868] (robotiq_3f_interfaces) StdoutLine: {'line': b'-- Symlinking: /home/ubuntu/research_ws/ur10_pick_place_ws/install/robotiq_3f_interfaces/include/robotiq_3f_interfaces/robotiq_3f_interfaces/srv/detail/change_grasping_mode__struct.hpp\n'}
[15.745149] (-) TimerEvent: {}
[15.753898] (robotiq_3f_interfaces) StdoutLine: {'line': b'-- Symlinking: /home/ubuntu/research_ws/ur10_pick_place_ws/install/robotiq_3f_interfaces/include/robotiq_3f_interfaces/robotiq_3f_interfaces/srv/detail/change_grasping_mode__traits.hpp\n'}
[15.774980] (robotiq_3f_interfaces) StdoutLine: {'line': b'-- Symlinking: /home/ubuntu/research_ws/ur10_pick_place_ws/install/robotiq_3f_interfaces/include/robotiq_3f_interfaces/robotiq_3f_interfaces/srv/detail/change_grasping_mode__type_support.hpp\n'}
[15.802106] (robotiq_3f_interfaces) StdoutLine: {'line': b'-- Symlinking: /home/ubuntu/research_ws/ur10_pick_place_ws/install/robotiq_3f_interfaces/include/robotiq_3f_interfaces/robotiq_3f_interfaces/msg/detail/grasping_mode__rosidl_typesupport_fastrtps_cpp.hpp\n'}
[15.824407] (robotiq_3f_interfaces) StdoutLine: {'line': b'-- Symlinking: /home/ubuntu/research_ws/ur10_pick_place_ws/install/robotiq_3f_interfaces/include/robotiq_3f_interfaces/robotiq_3f_interfaces/msg/detail/independent_control_command__rosidl_typesupport_fastrtps_cpp.hpp\n'}
[15.845311] (-) TimerEvent: {}
[15.848085] (robotiq_3f_interfaces) StdoutLine: {'line': b'-- Symlinking: /home/ubuntu/research_ws/ur10_pick_place_ws/install/robotiq_3f_interfaces/include/robotiq_3f_interfaces/robotiq_3f_interfaces/msg/detail/object_detection_status__rosidl_typesupport_fastrtps_cpp.hpp\n'}
[15.869219] (robotiq_3f_interfaces) StdoutLine: {'line': b'-- Symlinking: /home/ubuntu/research_ws/ur10_pick_place_ws/install/robotiq_3f_interfaces/include/robotiq_3f_interfaces/robotiq_3f_interfaces/msg/detail/simple_control_command__rosidl_typesupport_fastrtps_cpp.hpp\n'}
[15.887880] (robotiq_3f_interfaces) StdoutLine: {'line': b'-- Symlinking: /home/ubuntu/research_ws/ur10_pick_place_ws/install/robotiq_3f_interfaces/include/robotiq_3f_interfaces/robotiq_3f_interfaces/msg/detail/status__rosidl_typesupport_fastrtps_cpp.hpp\n'}
[15.913770] (robotiq_3f_interfaces) StdoutLine: {'line': b'-- Symlinking: /home/ubuntu/research_ws/ur10_pick_place_ws/install/robotiq_3f_interfaces/include/robotiq_3f_interfaces/robotiq_3f_interfaces/msg/rosidl_typesupport_fastrtps_cpp__visibility_control.h\n'}
[15.934962] (robotiq_3f_interfaces) StdoutLine: {'line': b'-- Symlinking: /home/ubuntu/research_ws/ur10_pick_place_ws/install/robotiq_3f_interfaces/include/robotiq_3f_interfaces/robotiq_3f_interfaces/srv/detail/change_grasping_mode__rosidl_typesupport_fastrtps_cpp.hpp\n'}
[15.945431] (-) TimerEvent: {}
[15.957341] (robotiq_3f_interfaces) StdoutLine: {'line': b'-- Symlinking: /home/ubuntu/research_ws/ur10_pick_place_ws/install/robotiq_3f_interfaces/include/robotiq_3f_interfaces/robotiq_3f_interfaces/msg/detail/grasping_mode__rosidl_typesupport_introspection_cpp.hpp\n'}
[15.982212] (robotiq_3f_interfaces) StdoutLine: {'line': b'-- Symlinking: /home/ubuntu/research_ws/ur10_pick_place_ws/install/robotiq_3f_interfaces/include/robotiq_3f_interfaces/robotiq_3f_interfaces/msg/detail/independent_control_command__rosidl_typesupport_introspection_cpp.hpp\n'}
[16.003732] (robotiq_3f_interfaces) StdoutLine: {'line': b'-- Symlinking: /home/ubuntu/research_ws/ur10_pick_place_ws/install/robotiq_3f_interfaces/include/robotiq_3f_interfaces/robotiq_3f_interfaces/msg/detail/object_detection_status__rosidl_typesupport_introspection_cpp.hpp\n'}
[16.028115] (robotiq_3f_interfaces) StdoutLine: {'line': b'-- Symlinking: /home/ubuntu/research_ws/ur10_pick_place_ws/install/robotiq_3f_interfaces/include/robotiq_3f_interfaces/robotiq_3f_interfaces/msg/detail/simple_control_command__rosidl_typesupport_introspection_cpp.hpp\n'}
[16.045537] (-) TimerEvent: {}
[16.050443] (robotiq_3f_interfaces) StdoutLine: {'line': b'-- Symlinking: /home/ubuntu/research_ws/ur10_pick_place_ws/install/robotiq_3f_interfaces/include/robotiq_3f_interfaces/robotiq_3f_interfaces/msg/detail/status__rosidl_typesupport_introspection_cpp.hpp\n'}
[16.079596] (robotiq_3f_interfaces) StdoutLine: {'line': b'-- Symlinking: /home/ubuntu/research_ws/ur10_pick_place_ws/install/robotiq_3f_interfaces/include/robotiq_3f_interfaces/robotiq_3f_interfaces/srv/detail/change_grasping_mode__rosidl_typesupport_introspection_cpp.hpp\n'}
[16.103039] (robotiq_3f_interfaces) StdoutLine: {'line': b'-- Symlinking: /home/ubuntu/research_ws/ur10_pick_place_ws/install/robotiq_3f_interfaces/share/robotiq_3f_interfaces/environment/pythonpath.sh\n'}
[16.124629] (robotiq_3f_interfaces) StdoutLine: {'line': b'-- Symlinking: /home/ubuntu/research_ws/ur10_pick_place_ws/install/robotiq_3f_interfaces/share/robotiq_3f_interfaces/environment/pythonpath.dsv\n'}
[16.145676] (-) TimerEvent: {}
[16.148520] (robotiq_3f_interfaces) StdoutLine: {'line': b'-- Symlinking: /home/ubuntu/research_ws/ur10_pick_place_ws/install/robotiq_3f_interfaces/local/lib/python3.10/dist-packages/robotiq_3f_interfaces-0.0.1-py3.10.egg-info/PKG-INFO\n'}
[16.170361] (robotiq_3f_interfaces) StdoutLine: {'line': b'-- Symlinking: /home/ubuntu/research_ws/ur10_pick_place_ws/install/robotiq_3f_interfaces/local/lib/python3.10/dist-packages/robotiq_3f_interfaces-0.0.1-py3.10.egg-info/SOURCES.txt\n'}
[16.197826] (robotiq_3f_interfaces) StdoutLine: {'line': b'-- Symlinking: /home/ubuntu/research_ws/ur10_pick_place_ws/install/robotiq_3f_interfaces/local/lib/python3.10/dist-packages/robotiq_3f_interfaces-0.0.1-py3.10.egg-info/dependency_links.txt\n'}
[16.219069] (robotiq_3f_interfaces) StdoutLine: {'line': b'-- Symlinking: /home/ubuntu/research_ws/ur10_pick_place_ws/install/robotiq_3f_interfaces/local/lib/python3.10/dist-packages/robotiq_3f_interfaces-0.0.1-py3.10.egg-info/top_level.txt\n'}
[16.245252] (robotiq_3f_interfaces) StdoutLine: {'line': b'-- Symlinking: /home/ubuntu/research_ws/ur10_pick_place_ws/install/robotiq_3f_interfaces/local/lib/python3.10/dist-packages/robotiq_3f_interfaces/__init__.py\n'}
[16.245665] (-) TimerEvent: {}
[16.265979] (robotiq_3f_interfaces) StdoutLine: {'line': b'-- Symlinking: /home/ubuntu/research_ws/ur10_pick_place_ws/install/robotiq_3f_interfaces/local/lib/python3.10/dist-packages/robotiq_3f_interfaces/_robotiq_3f_interfaces_s.ep.rosidl_typesupport_c.c\n'}
[16.291006] (robotiq_3f_interfaces) StdoutLine: {'line': b'-- Symlinking: /home/ubuntu/research_ws/ur10_pick_place_ws/install/robotiq_3f_interfaces/local/lib/python3.10/dist-packages/robotiq_3f_interfaces/_robotiq_3f_interfaces_s.ep.rosidl_typesupport_fastrtps_c.c\n'}
[16.313068] (robotiq_3f_interfaces) StdoutLine: {'line': b'-- Symlinking: /home/ubuntu/research_ws/ur10_pick_place_ws/install/robotiq_3f_interfaces/local/lib/python3.10/dist-packages/robotiq_3f_interfaces/_robotiq_3f_interfaces_s.ep.rosidl_typesupport_introspection_c.c\n'}
[16.333770] (robotiq_3f_interfaces) StdoutLine: {'line': b'-- Symlinking: /home/ubuntu/research_ws/ur10_pick_place_ws/install/robotiq_3f_interfaces/local/lib/python3.10/dist-packages/robotiq_3f_interfaces/librobotiq_3f_interfaces__rosidl_generator_py.so\n'}
[16.345780] (-) TimerEvent: {}
[16.365778] (robotiq_3f_interfaces) StdoutLine: {'line': b'-- Symlinking: /home/ubuntu/research_ws/ur10_pick_place_ws/install/robotiq_3f_interfaces/local/lib/python3.10/dist-packages/robotiq_3f_interfaces/msg/__init__.py\n'}
[16.388622] (robotiq_3f_interfaces) StdoutLine: {'line': b'-- Symlinking: /home/ubuntu/research_ws/ur10_pick_place_ws/install/robotiq_3f_interfaces/local/lib/python3.10/dist-packages/robotiq_3f_interfaces/msg/_grasping_mode.py\n'}
[16.407760] (robotiq_3f_interfaces) StdoutLine: {'line': b'-- Symlinking: /home/ubuntu/research_ws/ur10_pick_place_ws/install/robotiq_3f_interfaces/local/lib/python3.10/dist-packages/robotiq_3f_interfaces/msg/_grasping_mode_s.c\n'}
[16.432245] (robotiq_3f_interfaces) StdoutLine: {'line': b'-- Symlinking: /home/ubuntu/research_ws/ur10_pick_place_ws/install/robotiq_3f_interfaces/local/lib/python3.10/dist-packages/robotiq_3f_interfaces/msg/_independent_control_command.py\n'}
[16.445958] (-) TimerEvent: {}
[16.454305] (robotiq_3f_interfaces) StdoutLine: {'line': b'-- Symlinking: /home/ubuntu/research_ws/ur10_pick_place_ws/install/robotiq_3f_interfaces/local/lib/python3.10/dist-packages/robotiq_3f_interfaces/msg/_independent_control_command_s.c\n'}
[16.475425] (robotiq_3f_interfaces) StdoutLine: {'line': b'-- Symlinking: /home/ubuntu/research_ws/ur10_pick_place_ws/install/robotiq_3f_interfaces/local/lib/python3.10/dist-packages/robotiq_3f_interfaces/msg/_object_detection_status.py\n'}
[16.497174] (robotiq_3f_interfaces) StdoutLine: {'line': b'-- Symlinking: /home/ubuntu/research_ws/ur10_pick_place_ws/install/robotiq_3f_interfaces/local/lib/python3.10/dist-packages/robotiq_3f_interfaces/msg/_object_detection_status_s.c\n'}
[16.518464] (robotiq_3f_interfaces) StdoutLine: {'line': b'-- Symlinking: /home/ubuntu/research_ws/ur10_pick_place_ws/install/robotiq_3f_interfaces/local/lib/python3.10/dist-packages/robotiq_3f_interfaces/msg/_simple_control_command.py\n'}
[16.536755] (robotiq_3f_interfaces) StdoutLine: {'line': b'-- Symlinking: /home/ubuntu/research_ws/ur10_pick_place_ws/install/robotiq_3f_interfaces/local/lib/python3.10/dist-packages/robotiq_3f_interfaces/msg/_simple_control_command_s.c\n'}
[16.546065] (-) TimerEvent: {}
[16.558852] (robotiq_3f_interfaces) StdoutLine: {'line': b'-- Symlinking: /home/ubuntu/research_ws/ur10_pick_place_ws/install/robotiq_3f_interfaces/local/lib/python3.10/dist-packages/robotiq_3f_interfaces/msg/_status.py\n'}
[16.584698] (robotiq_3f_interfaces) StdoutLine: {'line': b'-- Symlinking: /home/ubuntu/research_ws/ur10_pick_place_ws/install/robotiq_3f_interfaces/local/lib/python3.10/dist-packages/robotiq_3f_interfaces/msg/_status_s.c\n'}
[16.619933] (robotiq_3f_interfaces) StdoutLine: {'line': b'-- Symlinking: /home/ubuntu/research_ws/ur10_pick_place_ws/install/robotiq_3f_interfaces/local/lib/python3.10/dist-packages/robotiq_3f_interfaces/robotiq_3f_interfaces_s__rosidl_typesupport_c.cpython-310-aarch64-linux-gnu.so\n'}
[16.646346] (-) TimerEvent: {}
[16.653909] (robotiq_3f_interfaces) StdoutLine: {'line': b'-- Symlinking: /home/ubuntu/research_ws/ur10_pick_place_ws/install/robotiq_3f_interfaces/local/lib/python3.10/dist-packages/robotiq_3f_interfaces/robotiq_3f_interfaces_s__rosidl_typesupport_fastrtps_c.cpython-310-aarch64-linux-gnu.so\n'}
[16.676419] (robotiq_3f_interfaces) StdoutLine: {'line': b'-- Symlinking: /home/ubuntu/research_ws/ur10_pick_place_ws/install/robotiq_3f_interfaces/local/lib/python3.10/dist-packages/robotiq_3f_interfaces/robotiq_3f_interfaces_s__rosidl_typesupport_introspection_c.cpython-310-aarch64-linux-gnu.so\n'}
[16.698970] (robotiq_3f_interfaces) StdoutLine: {'line': b'-- Symlinking: /home/ubuntu/research_ws/ur10_pick_place_ws/install/robotiq_3f_interfaces/local/lib/python3.10/dist-packages/robotiq_3f_interfaces/srv/__init__.py\n'}
[16.721640] (robotiq_3f_interfaces) StdoutLine: {'line': b'-- Symlinking: /home/ubuntu/research_ws/ur10_pick_place_ws/install/robotiq_3f_interfaces/local/lib/python3.10/dist-packages/robotiq_3f_interfaces/srv/_change_grasping_mode.py\n'}
[16.746435] (-) TimerEvent: {}
[16.748709] (robotiq_3f_interfaces) StdoutLine: {'line': b'-- Symlinking: /home/ubuntu/research_ws/ur10_pick_place_ws/install/robotiq_3f_interfaces/local/lib/python3.10/dist-packages/robotiq_3f_interfaces/srv/_change_grasping_mode_s.c\n'}
[16.771794] (robotiq_3f_interfaces) StdoutLine: {'line': b'-- Up-to-date symlink: /home/ubuntu/research_ws/ur10_pick_place_ws/install/robotiq_3f_interfaces/local/lib/python3.10/dist-packages/robotiq_3f_interfaces/robotiq_3f_interfaces_s__rosidl_typesupport_fastrtps_c.cpython-310-aarch64-linux-gnu.so\n'}
[16.772578] (robotiq_3f_interfaces) StdoutLine: {'line': b'-- Up-to-date symlink: /home/ubuntu/research_ws/ur10_pick_place_ws/install/robotiq_3f_interfaces/local/lib/python3.10/dist-packages/robotiq_3f_interfaces/robotiq_3f_interfaces_s__rosidl_typesupport_introspection_c.cpython-310-aarch64-linux-gnu.so\n'}
[16.773458] (robotiq_3f_interfaces) StdoutLine: {'line': b'-- Up-to-date symlink: /home/ubuntu/research_ws/ur10_pick_place_ws/install/robotiq_3f_interfaces/local/lib/python3.10/dist-packages/robotiq_3f_interfaces/robotiq_3f_interfaces_s__rosidl_typesupport_c.cpython-310-aarch64-linux-gnu.so\n'}
[16.773914] (robotiq_3f_interfaces) StdoutLine: {'line': b'-- Symlinking: /home/ubuntu/research_ws/ur10_pick_place_ws/install/robotiq_3f_interfaces/share/ament_index/resource_index/rust_packages/robotiq_3f_interfaces\n'}
[16.798982] (robotiq_3f_interfaces) StdoutLine: {'line': b'-- Symlinking: /home/ubuntu/research_ws/ur10_pick_place_ws/install/robotiq_3f_interfaces/share/robotiq_3f_interfaces/rust/Cargo.toml\n'}
[16.821122] (robotiq_3f_interfaces) StdoutLine: {'line': b'-- Symlinking: /home/ubuntu/research_ws/ur10_pick_place_ws/install/robotiq_3f_interfaces/share/robotiq_3f_interfaces/rust/build.rs\n'}
[16.843381] (robotiq_3f_interfaces) StdoutLine: {'line': b'-- Symlinking: /home/ubuntu/research_ws/ur10_pick_place_ws/install/robotiq_3f_interfaces/share/robotiq_3f_interfaces/rust/src/lib.rs\n'}
[16.846524] (-) TimerEvent: {}
[16.869468] (robotiq_3f_interfaces) StdoutLine: {'line': b'-- Symlinking: /home/ubuntu/research_ws/ur10_pick_place_ws/install/robotiq_3f_interfaces/share/robotiq_3f_interfaces/rust/src/msg.rs\n'}
[16.896183] (robotiq_3f_interfaces) StdoutLine: {'line': b'-- Symlinking: /home/ubuntu/research_ws/ur10_pick_place_ws/install/robotiq_3f_interfaces/share/robotiq_3f_interfaces/rust/src/msg/rmw.rs\n'}
[16.917344] (robotiq_3f_interfaces) StdoutLine: {'line': b'-- Symlinking: /home/ubuntu/research_ws/ur10_pick_place_ws/install/robotiq_3f_interfaces/share/robotiq_3f_interfaces/rust/src/srv.rs\n'}
[16.940252] (robotiq_3f_interfaces) StdoutLine: {'line': b'-- Symlinking: /home/ubuntu/research_ws/ur10_pick_place_ws/install/robotiq_3f_interfaces/share/robotiq_3f_interfaces/rust/src/srv/rmw.rs\n'}
[16.946622] (-) TimerEvent: {}
[16.962208] (robotiq_3f_interfaces) StdoutLine: {'line': b'-- Symlinking: /home/ubuntu/research_ws/ur10_pick_place_ws/install/robotiq_3f_interfaces/share/robotiq_3f_interfaces/msg/ObjectDetectionStatus.idl\n'}
[16.984717] (robotiq_3f_interfaces) StdoutLine: {'line': b'-- Symlinking: /home/ubuntu/research_ws/ur10_pick_place_ws/install/robotiq_3f_interfaces/share/robotiq_3f_interfaces/msg/Status.idl\n'}
[17.006289] (robotiq_3f_interfaces) StdoutLine: {'line': b'-- Symlinking: /home/ubuntu/research_ws/ur10_pick_place_ws/install/robotiq_3f_interfaces/share/robotiq_3f_interfaces/msg/GraspingMode.idl\n'}
[17.033263] (robotiq_3f_interfaces) StdoutLine: {'line': b'-- Symlinking: /home/ubuntu/research_ws/ur10_pick_place_ws/install/robotiq_3f_interfaces/share/robotiq_3f_interfaces/msg/SimpleControlCommand.idl\n'}
[17.046722] (-) TimerEvent: {}
[17.055986] (robotiq_3f_interfaces) StdoutLine: {'line': b'-- Symlinking: /home/ubuntu/research_ws/ur10_pick_place_ws/install/robotiq_3f_interfaces/share/robotiq_3f_interfaces/msg/IndependentControlCommand.idl\n'}
[17.078336] (robotiq_3f_interfaces) StdoutLine: {'line': b'-- Symlinking: /home/ubuntu/research_ws/ur10_pick_place_ws/install/robotiq_3f_interfaces/share/robotiq_3f_interfaces/srv/ChangeGraspingMode.idl\n'}
[17.103330] (robotiq_3f_interfaces) StdoutLine: {'line': b'-- Symlinking: /home/ubuntu/research_ws/ur10_pick_place_ws/install/robotiq_3f_interfaces/share/robotiq_3f_interfaces/msg/ObjectDetectionStatus.msg\n'}
[17.124748] (robotiq_3f_interfaces) StdoutLine: {'line': b'-- Symlinking: /home/ubuntu/research_ws/ur10_pick_place_ws/install/robotiq_3f_interfaces/share/robotiq_3f_interfaces/msg/Status.msg\n'}
[17.146837] (-) TimerEvent: {}
[17.147967] (robotiq_3f_interfaces) StdoutLine: {'line': b'-- Symlinking: /home/ubuntu/research_ws/ur10_pick_place_ws/install/robotiq_3f_interfaces/share/robotiq_3f_interfaces/msg/GraspingMode.msg\n'}
[17.169761] (robotiq_3f_interfaces) StdoutLine: {'line': b'-- Symlinking: /home/ubuntu/research_ws/ur10_pick_place_ws/install/robotiq_3f_interfaces/share/robotiq_3f_interfaces/msg/SimpleControlCommand.msg\n'}
[17.199424] (robotiq_3f_interfaces) StdoutLine: {'line': b'-- Symlinking: /home/ubuntu/research_ws/ur10_pick_place_ws/install/robotiq_3f_interfaces/share/robotiq_3f_interfaces/msg/IndependentControlCommand.msg\n'}
[17.221570] (robotiq_3f_interfaces) StdoutLine: {'line': b'-- Symlinking: /home/ubuntu/research_ws/ur10_pick_place_ws/install/robotiq_3f_interfaces/share/robotiq_3f_interfaces/srv/ChangeGraspingMode.srv\n'}
[17.242971] (robotiq_3f_interfaces) StdoutLine: {'line': b'-- Symlinking: /home/ubuntu/research_ws/ur10_pick_place_ws/install/robotiq_3f_interfaces/share/robotiq_3f_interfaces/srv/ChangeGraspingMode_Request.msg\n'}
[17.246929] (-) TimerEvent: {}
[17.264774] (robotiq_3f_interfaces) StdoutLine: {'line': b'-- Symlinking: /home/ubuntu/research_ws/ur10_pick_place_ws/install/robotiq_3f_interfaces/share/robotiq_3f_interfaces/srv/ChangeGraspingMode_Response.msg\n'}
[17.284951] (robotiq_3f_interfaces) StdoutLine: {'line': b'-- Symlinking: /home/ubuntu/research_ws/ur10_pick_place_ws/install/robotiq_3f_interfaces/share/ament_index/resource_index/package_run_dependencies/robotiq_3f_interfaces\n'}
[17.308755] (robotiq_3f_interfaces) StdoutLine: {'line': b'-- Symlinking: /home/ubuntu/research_ws/ur10_pick_place_ws/install/robotiq_3f_interfaces/share/ament_index/resource_index/parent_prefix_path/robotiq_3f_interfaces\n'}
[17.330963] (robotiq_3f_interfaces) StdoutLine: {'line': b'-- Symlinking: /home/ubuntu/research_ws/ur10_pick_place_ws/install/robotiq_3f_interfaces/share/robotiq_3f_interfaces/environment/ament_prefix_path.sh\n'}
[17.347036] (-) TimerEvent: {}
[17.357173] (robotiq_3f_interfaces) StdoutLine: {'line': b'-- Symlinking: /home/ubuntu/research_ws/ur10_pick_place_ws/install/robotiq_3f_interfaces/share/robotiq_3f_interfaces/environment/ament_prefix_path.dsv\n'}
[17.379592] (robotiq_3f_interfaces) StdoutLine: {'line': b'-- Symlinking: /home/ubuntu/research_ws/ur10_pick_place_ws/install/robotiq_3f_interfaces/share/robotiq_3f_interfaces/environment/path.sh\n'}
[17.404249] (robotiq_3f_interfaces) StdoutLine: {'line': b'-- Symlinking: /home/ubuntu/research_ws/ur10_pick_place_ws/install/robotiq_3f_interfaces/share/robotiq_3f_interfaces/environment/path.dsv\n'}
[17.426773] (robotiq_3f_interfaces) StdoutLine: {'line': b'-- Symlinking: /home/ubuntu/research_ws/ur10_pick_place_ws/install/robotiq_3f_interfaces/share/robotiq_3f_interfaces/local_setup.bash\n'}
[17.447243] (-) TimerEvent: {}
[17.449083] (robotiq_3f_interfaces) StdoutLine: {'line': b'-- Symlinking: /home/ubuntu/research_ws/ur10_pick_place_ws/install/robotiq_3f_interfaces/share/robotiq_3f_interfaces/local_setup.sh\n'}
[17.471485] (robotiq_3f_interfaces) StdoutLine: {'line': b'-- Symlinking: /home/ubuntu/research_ws/ur10_pick_place_ws/install/robotiq_3f_interfaces/share/robotiq_3f_interfaces/local_setup.zsh\n'}
[17.493324] (robotiq_3f_interfaces) StdoutLine: {'line': b'-- Symlinking: /home/ubuntu/research_ws/ur10_pick_place_ws/install/robotiq_3f_interfaces/share/robotiq_3f_interfaces/local_setup.dsv\n'}
[17.514320] (robotiq_3f_interfaces) StdoutLine: {'line': b'-- Symlinking: /home/ubuntu/research_ws/ur10_pick_place_ws/install/robotiq_3f_interfaces/share/robotiq_3f_interfaces/package.dsv\n'}
[17.534197] (robotiq_3f_interfaces) StdoutLine: {'line': b'-- Symlinking: /home/ubuntu/research_ws/ur10_pick_place_ws/install/robotiq_3f_interfaces/share/ament_index/resource_index/packages/robotiq_3f_interfaces\n'}
[17.547316] (-) TimerEvent: {}
[17.552895] (robotiq_3f_interfaces) StdoutLine: {'line': b'-- Symlinking: /home/ubuntu/research_ws/ur10_pick_place_ws/install/robotiq_3f_interfaces/share/robotiq_3f_interfaces/cmake/rosidl_cmake-extras.cmake\n'}
[17.585567] (robotiq_3f_interfaces) StdoutLine: {'line': b'-- Symlinking: /home/ubuntu/research_ws/ur10_pick_place_ws/install/robotiq_3f_interfaces/share/robotiq_3f_interfaces/cmake/ament_cmake_export_dependencies-extras.cmake\n'}
[17.610940] (robotiq_3f_interfaces) StdoutLine: {'line': b'-- Symlinking: /home/ubuntu/research_ws/ur10_pick_place_ws/install/robotiq_3f_interfaces/share/robotiq_3f_interfaces/cmake/ament_cmake_export_include_directories-extras.cmake\n'}
[17.634114] (robotiq_3f_interfaces) StdoutLine: {'line': b'-- Symlinking: /home/ubuntu/research_ws/ur10_pick_place_ws/install/robotiq_3f_interfaces/share/robotiq_3f_interfaces/cmake/ament_cmake_export_libraries-extras.cmake\n'}
[17.647560] (-) TimerEvent: {}
[17.661326] (robotiq_3f_interfaces) StdoutLine: {'line': b'-- Symlinking: /home/ubuntu/research_ws/ur10_pick_place_ws/install/robotiq_3f_interfaces/share/robotiq_3f_interfaces/cmake/ament_cmake_export_targets-extras.cmake\n'}
[17.694599] (robotiq_3f_interfaces) StdoutLine: {'line': b'-- Symlinking: /home/ubuntu/research_ws/ur10_pick_place_ws/install/robotiq_3f_interfaces/share/robotiq_3f_interfaces/cmake/rosidl_cmake_export_typesupport_targets-extras.cmake\n'}
[17.716930] (robotiq_3f_interfaces) StdoutLine: {'line': b'-- Symlinking: /home/ubuntu/research_ws/ur10_pick_place_ws/install/robotiq_3f_interfaces/share/robotiq_3f_interfaces/cmake/rosidl_cmake_export_typesupport_libraries-extras.cmake\n'}
[17.738685] (robotiq_3f_interfaces) StdoutLine: {'line': b'-- Symlinking: /home/ubuntu/research_ws/ur10_pick_place_ws/install/robotiq_3f_interfaces/share/robotiq_3f_interfaces/cmake/robotiq_3f_interfacesConfig.cmake\n'}
[17.747706] (-) TimerEvent: {}
[17.756671] (robotiq_3f_interfaces) StdoutLine: {'line': b'-- Symlinking: /home/ubuntu/research_ws/ur10_pick_place_ws/install/robotiq_3f_interfaces/share/robotiq_3f_interfaces/cmake/robotiq_3f_interfacesConfig-version.cmake\n'}
[17.774908] (robotiq_3f_interfaces) StdoutLine: {'line': b'-- Symlinking: /home/ubuntu/research_ws/ur10_pick_place_ws/install/robotiq_3f_interfaces/share/robotiq_3f_interfaces/package.xml\n'}
[17.798817] (robotiq_3f_interfaces) StdoutLine: {'line': b'-- Installing: /home/ubuntu/research_ws/ur10_pick_place_ws/install/robotiq_3f_interfaces/lib/librobotiq_3f_interfaces__rosidl_generator_c.so\n'}
[17.799520] (robotiq_3f_interfaces) StdoutLine: {'line': b'-- Set runtime path of "/home/ubuntu/research_ws/ur10_pick_place_ws/install/robotiq_3f_interfaces/lib/librobotiq_3f_interfaces__rosidl_generator_c.so" to ""\n'}
[17.801321] (robotiq_3f_interfaces) StdoutLine: {'line': b'-- Installing: /home/ubuntu/research_ws/ur10_pick_place_ws/install/robotiq_3f_interfaces/lib/librobotiq_3f_interfaces__rosidl_typesupport_fastrtps_c.so\n'}
[17.802049] (robotiq_3f_interfaces) StdoutLine: {'line': b'-- Set runtime path of "/home/ubuntu/research_ws/ur10_pick_place_ws/install/robotiq_3f_interfaces/lib/librobotiq_3f_interfaces__rosidl_typesupport_fastrtps_c.so" to ""\n'}
[17.816435] (robotiq_3f_interfaces) StdoutLine: {'line': b'-- Installing: /home/ubuntu/research_ws/ur10_pick_place_ws/install/robotiq_3f_interfaces/lib/librobotiq_3f_interfaces__rosidl_typesupport_introspection_c.so\n'}
[17.816929] (robotiq_3f_interfaces) StdoutLine: {'line': b'-- Set runtime path of "/home/ubuntu/research_ws/ur10_pick_place_ws/install/robotiq_3f_interfaces/lib/librobotiq_3f_interfaces__rosidl_typesupport_introspection_c.so" to ""\n'}
[17.817935] (robotiq_3f_interfaces) StdoutLine: {'line': b'-- Installing: /home/ubuntu/research_ws/ur10_pick_place_ws/install/robotiq_3f_interfaces/lib/librobotiq_3f_interfaces__rosidl_typesupport_c.so\n'}
[17.818546] (robotiq_3f_interfaces) StdoutLine: {'line': b'-- Set runtime path of "/home/ubuntu/research_ws/ur10_pick_place_ws/install/robotiq_3f_interfaces/lib/librobotiq_3f_interfaces__rosidl_typesupport_c.so" to ""\n'}
[17.820458] (robotiq_3f_interfaces) StdoutLine: {'line': b'-- Installing: /home/ubuntu/research_ws/ur10_pick_place_ws/install/robotiq_3f_interfaces/lib/librobotiq_3f_interfaces__rosidl_typesupport_fastrtps_cpp.so\n'}
[17.821150] (robotiq_3f_interfaces) StdoutLine: {'line': b'-- Set runtime path of "/home/ubuntu/research_ws/ur10_pick_place_ws/install/robotiq_3f_interfaces/lib/librobotiq_3f_interfaces__rosidl_typesupport_fastrtps_cpp.so" to ""\n'}
[17.822403] (robotiq_3f_interfaces) StdoutLine: {'line': b'-- Installing: /home/ubuntu/research_ws/ur10_pick_place_ws/install/robotiq_3f_interfaces/lib/librobotiq_3f_interfaces__rosidl_typesupport_introspection_cpp.so\n'}
[17.823051] (robotiq_3f_interfaces) StdoutLine: {'line': b'-- Set runtime path of "/home/ubuntu/research_ws/ur10_pick_place_ws/install/robotiq_3f_interfaces/lib/librobotiq_3f_interfaces__rosidl_typesupport_introspection_cpp.so" to ""\n'}
[17.824110] (robotiq_3f_interfaces) StdoutLine: {'line': b'-- Installing: /home/ubuntu/research_ws/ur10_pick_place_ws/install/robotiq_3f_interfaces/lib/librobotiq_3f_interfaces__rosidl_typesupport_cpp.so\n'}
[17.824701] (robotiq_3f_interfaces) StdoutLine: {'line': b'-- Set runtime path of "/home/ubuntu/research_ws/ur10_pick_place_ws/install/robotiq_3f_interfaces/lib/librobotiq_3f_interfaces__rosidl_typesupport_cpp.so" to ""\n'}
[17.847758] (-) TimerEvent: {}
[17.948028] (-) TimerEvent: {}
[18.048631] (-) TimerEvent: {}
[18.149076] (-) TimerEvent: {}
[18.249524] (-) TimerEvent: {}
[18.349951] (-) TimerEvent: {}
[18.429628] (robotiq_3f_interfaces) StdoutLine: {'line': b"Listing '/home/ubuntu/research_ws/ur10_pick_place_ws/install/robotiq_3f_interfaces/local/lib/python3.10/dist-packages/robotiq_3f_interfaces'...\n"}
[18.430328] (robotiq_3f_interfaces) StdoutLine: {'line': b"Compiling '/home/ubuntu/research_ws/ur10_pick_place_ws/install/robotiq_3f_interfaces/local/lib/python3.10/dist-packages/robotiq_3f_interfaces/__init__.py'...\n"}
[18.430605] (robotiq_3f_interfaces) StdoutLine: {'line': b"Listing '/home/ubuntu/research_ws/ur10_pick_place_ws/install/robotiq_3f_interfaces/local/lib/python3.10/dist-packages/robotiq_3f_interfaces/msg'...\n"}
[18.430846] (robotiq_3f_interfaces) StdoutLine: {'line': b"Compiling '/home/ubuntu/research_ws/ur10_pick_place_ws/install/robotiq_3f_interfaces/local/lib/python3.10/dist-packages/robotiq_3f_interfaces/msg/__init__.py'...\n"}
[18.431072] (robotiq_3f_interfaces) StdoutLine: {'line': b"Compiling '/home/ubuntu/research_ws/ur10_pick_place_ws/install/robotiq_3f_interfaces/local/lib/python3.10/dist-packages/robotiq_3f_interfaces/msg/_grasping_mode.py'...\n"}
[18.431292] (robotiq_3f_interfaces) StdoutLine: {'line': b"Compiling '/home/ubuntu/research_ws/ur10_pick_place_ws/install/robotiq_3f_interfaces/local/lib/python3.10/dist-packages/robotiq_3f_interfaces/msg/_independent_control_command.py'...\n"}
[18.431622] (robotiq_3f_interfaces) StdoutLine: {'line': b"Compiling '/home/ubuntu/research_ws/ur10_pick_place_ws/install/robotiq_3f_interfaces/local/lib/python3.10/dist-packages/robotiq_3f_interfaces/msg/_object_detection_status.py'...\n"}
[18.431851] (robotiq_3f_interfaces) StdoutLine: {'line': b"Compiling '/home/ubuntu/research_ws/ur10_pick_place_ws/install/robotiq_3f_interfaces/local/lib/python3.10/dist-packages/robotiq_3f_interfaces/msg/_simple_control_command.py'...\n"}
[18.432063] (robotiq_3f_interfaces) StdoutLine: {'line': b"Compiling '/home/ubuntu/research_ws/ur10_pick_place_ws/install/robotiq_3f_interfaces/local/lib/python3.10/dist-packages/robotiq_3f_interfaces/msg/_status.py'...\n"}
[18.432273] (robotiq_3f_interfaces) StdoutLine: {'line': b"Listing '/home/ubuntu/research_ws/ur10_pick_place_ws/install/robotiq_3f_interfaces/local/lib/python3.10/dist-packages/robotiq_3f_interfaces/srv'...\n"}
[18.432478] (robotiq_3f_interfaces) StdoutLine: {'line': b"Compiling '/home/ubuntu/research_ws/ur10_pick_place_ws/install/robotiq_3f_interfaces/local/lib/python3.10/dist-packages/robotiq_3f_interfaces/srv/__init__.py'...\n"}
[18.432683] (robotiq_3f_interfaces) StdoutLine: {'line': b"Compiling '/home/ubuntu/research_ws/ur10_pick_place_ws/install/robotiq_3f_interfaces/local/lib/python3.10/dist-packages/robotiq_3f_interfaces/srv/_change_grasping_mode.py'...\n"}
[18.450025] (-) TimerEvent: {}
[18.450937] (robotiq_3f_interfaces) StdoutLine: {'line': b'-- Installing: /home/ubuntu/research_ws/ur10_pick_place_ws/install/robotiq_3f_interfaces/lib/librobotiq_3f_interfaces__rosidl_generator_py.so\n'}
[18.452510] (robotiq_3f_interfaces) StdoutLine: {'line': b'-- Set runtime path of "/home/ubuntu/research_ws/ur10_pick_place_ws/install/robotiq_3f_interfaces/lib/librobotiq_3f_interfaces__rosidl_generator_py.so" to ""\n'}
[18.453523] (robotiq_3f_interfaces) StdoutLine: {'line': b'-- Installing: /home/ubuntu/research_ws/ur10_pick_place_ws/install/robotiq_3f_interfaces/share/robotiq_3f_interfaces/cmake/export_robotiq_3f_interfaces__rosidl_generator_cExport.cmake\n'}
[18.454206] (robotiq_3f_interfaces) StdoutLine: {'line': b'-- Installing: /home/ubuntu/research_ws/ur10_pick_place_ws/install/robotiq_3f_interfaces/share/robotiq_3f_interfaces/cmake/export_robotiq_3f_interfaces__rosidl_generator_cExport-noconfig.cmake\n'}
[18.455539] (robotiq_3f_interfaces) StdoutLine: {'line': b'-- Installing: /home/ubuntu/research_ws/ur10_pick_place_ws/install/robotiq_3f_interfaces/share/robotiq_3f_interfaces/cmake/export_robotiq_3f_interfaces__rosidl_typesupport_fastrtps_cExport.cmake\n'}
[18.456185] (robotiq_3f_interfaces) StdoutLine: {'line': b'-- Installing: /home/ubuntu/research_ws/ur10_pick_place_ws/install/robotiq_3f_interfaces/share/robotiq_3f_interfaces/cmake/export_robotiq_3f_interfaces__rosidl_typesupport_fastrtps_cExport-noconfig.cmake\n'}
[18.457445] (robotiq_3f_interfaces) StdoutLine: {'line': b'-- Installing: /home/ubuntu/research_ws/ur10_pick_place_ws/install/robotiq_3f_interfaces/share/robotiq_3f_interfaces/cmake/robotiq_3f_interfaces__rosidl_typesupport_introspection_cExport.cmake\n'}
[18.458075] (robotiq_3f_interfaces) StdoutLine: {'line': b'-- Installing: /home/ubuntu/research_ws/ur10_pick_place_ws/install/robotiq_3f_interfaces/share/robotiq_3f_interfaces/cmake/robotiq_3f_interfaces__rosidl_typesupport_introspection_cExport-noconfig.cmake\n'}
[18.459343] (robotiq_3f_interfaces) StdoutLine: {'line': b'-- Installing: /home/ubuntu/research_ws/ur10_pick_place_ws/install/robotiq_3f_interfaces/share/robotiq_3f_interfaces/cmake/robotiq_3f_interfaces__rosidl_typesupport_cExport.cmake\n'}
[18.460017] (robotiq_3f_interfaces) StdoutLine: {'line': b'-- Installing: /home/ubuntu/research_ws/ur10_pick_place_ws/install/robotiq_3f_interfaces/share/robotiq_3f_interfaces/cmake/robotiq_3f_interfaces__rosidl_typesupport_cExport-noconfig.cmake\n'}
[18.461680] (robotiq_3f_interfaces) StdoutLine: {'line': b'-- Installing: /home/ubuntu/research_ws/ur10_pick_place_ws/install/robotiq_3f_interfaces/share/robotiq_3f_interfaces/cmake/export_robotiq_3f_interfaces__rosidl_generator_cppExport.cmake\n'}
[18.463043] (robotiq_3f_interfaces) StdoutLine: {'line': b'-- Installing: /home/ubuntu/research_ws/ur10_pick_place_ws/install/robotiq_3f_interfaces/share/robotiq_3f_interfaces/cmake/export_robotiq_3f_interfaces__rosidl_typesupport_fastrtps_cppExport.cmake\n'}
[18.463719] (robotiq_3f_interfaces) StdoutLine: {'line': b'-- Installing: /home/ubuntu/research_ws/ur10_pick_place_ws/install/robotiq_3f_interfaces/share/robotiq_3f_interfaces/cmake/export_robotiq_3f_interfaces__rosidl_typesupport_fastrtps_cppExport-noconfig.cmake\n'}
[18.465022] (robotiq_3f_interfaces) StdoutLine: {'line': b'-- Installing: /home/ubuntu/research_ws/ur10_pick_place_ws/install/robotiq_3f_interfaces/share/robotiq_3f_interfaces/cmake/robotiq_3f_interfaces__rosidl_typesupport_introspection_cppExport.cmake\n'}
[18.465651] (robotiq_3f_interfaces) StdoutLine: {'line': b'-- Installing: /home/ubuntu/research_ws/ur10_pick_place_ws/install/robotiq_3f_interfaces/share/robotiq_3f_interfaces/cmake/robotiq_3f_interfaces__rosidl_typesupport_introspection_cppExport-noconfig.cmake\n'}
[18.467132] (robotiq_3f_interfaces) StdoutLine: {'line': b'-- Installing: /home/ubuntu/research_ws/ur10_pick_place_ws/install/robotiq_3f_interfaces/share/robotiq_3f_interfaces/cmake/robotiq_3f_interfaces__rosidl_typesupport_cppExport.cmake\n'}
[18.467842] (robotiq_3f_interfaces) StdoutLine: {'line': b'-- Installing: /home/ubuntu/research_ws/ur10_pick_place_ws/install/robotiq_3f_interfaces/share/robotiq_3f_interfaces/cmake/robotiq_3f_interfaces__rosidl_typesupport_cppExport-noconfig.cmake\n'}
[18.469125] (robotiq_3f_interfaces) StdoutLine: {'line': b'-- Installing: /home/ubuntu/research_ws/ur10_pick_place_ws/install/robotiq_3f_interfaces/share/robotiq_3f_interfaces/cmake/export_robotiq_3f_interfaces__rosidl_generator_pyExport.cmake\n'}
[18.469776] (robotiq_3f_interfaces) StdoutLine: {'line': b'-- Installing: /home/ubuntu/research_ws/ur10_pick_place_ws/install/robotiq_3f_interfaces/share/robotiq_3f_interfaces/cmake/export_robotiq_3f_interfaces__rosidl_generator_pyExport-noconfig.cmake\n'}
[18.478191] (robotiq_3f_interfaces) CommandEnded: {'returncode': 0}
[18.550332] (-) TimerEvent: {}
[18.561078] (robotiq_3f_interfaces) JobEnded: {'identifier': 'robotiq_3f_interfaces', 'rc': 0}
[18.562964] (-) EventReactorShutdown: {}
