[0.125s] DEBUG:colcon:Command line arguments: ['/usr/bin/colcon', 'build']
[0.125s] DEBUG:colcon:Parsed command line arguments: Namespace(log_base=None, log_level=None, verb_name='build', build_base='build', install_base='install', merge_install=False, symlink_install=False, test_result_base=None, continue_on_error=False, executor='parallel', parallel_workers=32, event_handlers=None, ignore_user_meta=False, metas=['./colcon.meta'], base_paths=['.'], packages_ignore=None, packages_ignore_regex=None, paths=None, packages_up_to=None, packages_up_to_regex=None, packages_above=None, packages_above_and_dependencies=None, packages_above_depth=None, packages_select_by_dep=None, packages_skip_by_dep=None, packages_skip_up_to=None, packages_select_build_failed=False, packages_skip_build_finished=False, packages_select_test_failures=False, packages_skip_test_passed=False, packages_select=None, packages_skip=None, packages_select_regex=None, packages_skip_regex=None, packages_start=None, packages_end=None, allow_overriding=[], cmake_args=None, cmake_target=None, cmake_target_skip_unavailable=False, cmake_clean_cache=False, cmake_clean_first=False, cmake_force_configure=False, ament_cmake_args=None, catkin_cmake_args=None, catkin_skip_building_tests=False, mixin_files=None, mixin=None, verb_parser=<colcon_mixin.mixin.mixin_argument.MixinArgumentDecorator object at 0x72c5ab36dd20>, verb_extension=<colcon_core.verb.build.BuildVerb object at 0x72c5ab36cf70>, main=<bound method BuildVerb.main of <colcon_core.verb.build.BuildVerb object at 0x72c5ab36cf70>>, mixin_verb=('build',))
[0.301s] Level 1:colcon.colcon_core.package_discovery:discover_packages(colcon_meta) check parameters
[0.302s] Level 1:colcon.colcon_core.package_discovery:discover_packages(recursive) check parameters
[0.302s] Level 1:colcon.colcon_core.package_discovery:discover_packages(ignore) check parameters
[0.302s] Level 1:colcon.colcon_core.package_discovery:discover_packages(path) check parameters
[0.302s] Level 1:colcon.colcon_core.package_discovery:discover_packages(colcon_meta) discover
[0.302s] Level 1:colcon.colcon_core.package_discovery:discover_packages(recursive) discover
[0.302s] INFO:colcon.colcon_core.package_discovery:Crawling recursively for packages in '/home/user/research_ws/ur10_pick_place_ws'
[0.302s] Level 1:colcon.colcon_core.package_identification:_identify(.) by extensions ['ignore', 'ignore_ament_install']
[0.302s] Level 1:colcon.colcon_core.package_identification:_identify(.) by extension 'ignore'
[0.302s] Level 1:colcon.colcon_core.package_identification:_identify(.) by extension 'ignore_ament_install'
[0.302s] Level 1:colcon.colcon_core.package_identification:_identify(.) by extensions ['colcon_pkg']
[0.302s] Level 1:colcon.colcon_core.package_identification:_identify(.) by extension 'colcon_pkg'
[0.302s] Level 1:colcon.colcon_core.package_identification:_identify(.) by extensions ['colcon_meta']
[0.302s] Level 1:colcon.colcon_core.package_identification:_identify(.) by extension 'colcon_meta'
[0.302s] Level 1:colcon.colcon_core.package_identification:_identify(.) by extensions ['ros']
[0.302s] Level 1:colcon.colcon_core.package_identification:_identify(.) by extension 'ros'
[0.313s] Level 1:colcon.colcon_core.package_identification:_identify(.) by extensions ['cmake', 'python']
[0.313s] Level 1:colcon.colcon_core.package_identification:_identify(.) by extension 'cmake'
[0.313s] Level 1:colcon.colcon_core.package_identification:_identify(.) by extension 'python'
[0.313s] Level 1:colcon.colcon_core.package_identification:_identify(.) by extensions ['python_setup_py']
[0.313s] Level 1:colcon.colcon_core.package_identification:_identify(.) by extension 'python_setup_py'
[0.313s] Level 1:colcon.colcon_core.package_identification:_identify(build) by extensions ['ignore', 'ignore_ament_install']
[0.313s] Level 1:colcon.colcon_core.package_identification:_identify(build) by extension 'ignore'
[0.313s] Level 1:colcon.colcon_core.package_identification:_identify(build) ignored
[0.313s] Level 1:colcon.colcon_core.package_identification:_identify(install) by extensions ['ignore', 'ignore_ament_install']
[0.313s] Level 1:colcon.colcon_core.package_identification:_identify(install) by extension 'ignore'
[0.313s] Level 1:colcon.colcon_core.package_identification:_identify(install) ignored
[0.313s] Level 1:colcon.colcon_core.package_identification:_identify(log) by extensions ['ignore', 'ignore_ament_install']
[0.313s] Level 1:colcon.colcon_core.package_identification:_identify(log) by extension 'ignore'
[0.313s] Level 1:colcon.colcon_core.package_identification:_identify(log) ignored
[0.314s] Level 1:colcon.colcon_core.package_identification:_identify(src) by extensions ['ignore', 'ignore_ament_install']
[0.314s] Level 1:colcon.colcon_core.package_identification:_identify(src) by extension 'ignore'
[0.314s] Level 1:colcon.colcon_core.package_identification:_identify(src) by extension 'ignore_ament_install'
[0.314s] Level 1:colcon.colcon_core.package_identification:_identify(src) by extensions ['colcon_pkg']
[0.314s] Level 1:colcon.colcon_core.package_identification:_identify(src) by extension 'colcon_pkg'
[0.314s] Level 1:colcon.colcon_core.package_identification:_identify(src) by extensions ['colcon_meta']
[0.314s] Level 1:colcon.colcon_core.package_identification:_identify(src) by extension 'colcon_meta'
[0.314s] Level 1:colcon.colcon_core.package_identification:_identify(src) by extensions ['ros']
[0.314s] Level 1:colcon.colcon_core.package_identification:_identify(src) by extension 'ros'
[0.314s] Level 1:colcon.colcon_core.package_identification:_identify(src) by extensions ['cmake', 'python']
[0.314s] Level 1:colcon.colcon_core.package_identification:_identify(src) by extension 'cmake'
[0.314s] Level 1:colcon.colcon_core.package_identification:_identify(src) by extension 'python'
[0.314s] Level 1:colcon.colcon_core.package_identification:_identify(src) by extensions ['python_setup_py']
[0.314s] Level 1:colcon.colcon_core.package_identification:_identify(src) by extension 'python_setup_py'
[0.314s] Level 1:colcon.colcon_core.package_identification:_identify(src/Universal_Robots_ROS2_Gazebo_Simulation) by extensions ['ignore', 'ignore_ament_install']
[0.314s] Level 1:colcon.colcon_core.package_identification:_identify(src/Universal_Robots_ROS2_Gazebo_Simulation) by extension 'ignore'
[0.314s] Level 1:colcon.colcon_core.package_identification:_identify(src/Universal_Robots_ROS2_Gazebo_Simulation) by extension 'ignore_ament_install'
[0.314s] Level 1:colcon.colcon_core.package_identification:_identify(src/Universal_Robots_ROS2_Gazebo_Simulation) by extensions ['colcon_pkg']
[0.314s] Level 1:colcon.colcon_core.package_identification:_identify(src/Universal_Robots_ROS2_Gazebo_Simulation) by extension 'colcon_pkg'
[0.314s] Level 1:colcon.colcon_core.package_identification:_identify(src/Universal_Robots_ROS2_Gazebo_Simulation) by extensions ['colcon_meta']
[0.314s] Level 1:colcon.colcon_core.package_identification:_identify(src/Universal_Robots_ROS2_Gazebo_Simulation) by extension 'colcon_meta'
[0.314s] Level 1:colcon.colcon_core.package_identification:_identify(src/Universal_Robots_ROS2_Gazebo_Simulation) by extensions ['ros']
[0.314s] Level 1:colcon.colcon_core.package_identification:_identify(src/Universal_Robots_ROS2_Gazebo_Simulation) by extension 'ros'
[0.314s] Level 1:colcon.colcon_core.package_identification:_identify(src/Universal_Robots_ROS2_Gazebo_Simulation) by extensions ['cmake', 'python']
[0.314s] Level 1:colcon.colcon_core.package_identification:_identify(src/Universal_Robots_ROS2_Gazebo_Simulation) by extension 'cmake'
[0.314s] Level 1:colcon.colcon_core.package_identification:_identify(src/Universal_Robots_ROS2_Gazebo_Simulation) by extension 'python'
[0.314s] Level 1:colcon.colcon_core.package_identification:_identify(src/Universal_Robots_ROS2_Gazebo_Simulation) by extensions ['python_setup_py']
[0.314s] Level 1:colcon.colcon_core.package_identification:_identify(src/Universal_Robots_ROS2_Gazebo_Simulation) by extension 'python_setup_py'
[0.314s] Level 1:colcon.colcon_core.package_identification:_identify(src/Universal_Robots_ROS2_Gazebo_Simulation/ur_simulation_gazebo) by extensions ['ignore', 'ignore_ament_install']
[0.314s] Level 1:colcon.colcon_core.package_identification:_identify(src/Universal_Robots_ROS2_Gazebo_Simulation/ur_simulation_gazebo) by extension 'ignore'
[0.314s] Level 1:colcon.colcon_core.package_identification:_identify(src/Universal_Robots_ROS2_Gazebo_Simulation/ur_simulation_gazebo) by extension 'ignore_ament_install'
[0.314s] Level 1:colcon.colcon_core.package_identification:_identify(src/Universal_Robots_ROS2_Gazebo_Simulation/ur_simulation_gazebo) by extensions ['colcon_pkg']
[0.314s] Level 1:colcon.colcon_core.package_identification:_identify(src/Universal_Robots_ROS2_Gazebo_Simulation/ur_simulation_gazebo) by extension 'colcon_pkg'
[0.315s] Level 1:colcon.colcon_core.package_identification:_identify(src/Universal_Robots_ROS2_Gazebo_Simulation/ur_simulation_gazebo) by extensions ['colcon_meta']
[0.315s] Level 1:colcon.colcon_core.package_identification:_identify(src/Universal_Robots_ROS2_Gazebo_Simulation/ur_simulation_gazebo) by extension 'colcon_meta'
[0.315s] Level 1:colcon.colcon_core.package_identification:_identify(src/Universal_Robots_ROS2_Gazebo_Simulation/ur_simulation_gazebo) by extensions ['ros']
[0.315s] Level 1:colcon.colcon_core.package_identification:_identify(src/Universal_Robots_ROS2_Gazebo_Simulation/ur_simulation_gazebo) by extension 'ros'
[0.317s] DEBUG:colcon.colcon_core.package_identification:Package 'src/Universal_Robots_ROS2_Gazebo_Simulation/ur_simulation_gazebo' with type 'ros.ament_cmake' and name 'ur_simulation_gazebo'
[0.317s] Level 1:colcon.colcon_core.package_identification:_identify(src/linkattacher_msgs) by extensions ['ignore', 'ignore_ament_install']
[0.317s] Level 1:colcon.colcon_core.package_identification:_identify(src/linkattacher_msgs) by extension 'ignore'
[0.317s] Level 1:colcon.colcon_core.package_identification:_identify(src/linkattacher_msgs) by extension 'ignore_ament_install'
[0.317s] Level 1:colcon.colcon_core.package_identification:_identify(src/linkattacher_msgs) by extensions ['colcon_pkg']
[0.317s] Level 1:colcon.colcon_core.package_identification:_identify(src/linkattacher_msgs) by extension 'colcon_pkg'
[0.317s] Level 1:colcon.colcon_core.package_identification:_identify(src/linkattacher_msgs) by extensions ['colcon_meta']
[0.317s] Level 1:colcon.colcon_core.package_identification:_identify(src/linkattacher_msgs) by extension 'colcon_meta'
[0.317s] Level 1:colcon.colcon_core.package_identification:_identify(src/linkattacher_msgs) by extensions ['ros']
[0.317s] Level 1:colcon.colcon_core.package_identification:_identify(src/linkattacher_msgs) by extension 'ros'
[0.318s] DEBUG:colcon.colcon_core.package_identification:Package 'src/linkattacher_msgs' with type 'ros.ament_cmake' and name 'linkattacher_msgs'
[0.318s] Level 1:colcon.colcon_core.package_identification:_identify(src/linkattacher_plugin) by extensions ['ignore', 'ignore_ament_install']
[0.318s] Level 1:colcon.colcon_core.package_identification:_identify(src/linkattacher_plugin) by extension 'ignore'
[0.318s] Level 1:colcon.colcon_core.package_identification:_identify(src/linkattacher_plugin) by extension 'ignore_ament_install'
[0.318s] Level 1:colcon.colcon_core.package_identification:_identify(src/linkattacher_plugin) by extensions ['colcon_pkg']
[0.318s] Level 1:colcon.colcon_core.package_identification:_identify(src/linkattacher_plugin) by extension 'colcon_pkg'
[0.318s] Level 1:colcon.colcon_core.package_identification:_identify(src/linkattacher_plugin) by extensions ['colcon_meta']
[0.318s] Level 1:colcon.colcon_core.package_identification:_identify(src/linkattacher_plugin) by extension 'colcon_meta'
[0.318s] Level 1:colcon.colcon_core.package_identification:_identify(src/linkattacher_plugin) by extensions ['ros']
[0.318s] Level 1:colcon.colcon_core.package_identification:_identify(src/linkattacher_plugin) by extension 'ros'
[0.319s] DEBUG:colcon.colcon_core.package_identification:Package 'src/linkattacher_plugin' with type 'ros.ament_cmake' and name 'ros2_linkattacher'
[0.319s] Level 1:colcon.colcon_core.package_identification:_identify(src/ros2_robotiq_3f_gripper) by extensions ['ignore', 'ignore_ament_install']
[0.319s] Level 1:colcon.colcon_core.package_identification:_identify(src/ros2_robotiq_3f_gripper) by extension 'ignore'
[0.319s] Level 1:colcon.colcon_core.package_identification:_identify(src/ros2_robotiq_3f_gripper) by extension 'ignore_ament_install'
[0.319s] Level 1:colcon.colcon_core.package_identification:_identify(src/ros2_robotiq_3f_gripper) by extensions ['colcon_pkg']
[0.319s] Level 1:colcon.colcon_core.package_identification:_identify(src/ros2_robotiq_3f_gripper) by extension 'colcon_pkg'
[0.319s] Level 1:colcon.colcon_core.package_identification:_identify(src/ros2_robotiq_3f_gripper) by extensions ['colcon_meta']
[0.319s] Level 1:colcon.colcon_core.package_identification:_identify(src/ros2_robotiq_3f_gripper) by extension 'colcon_meta'
[0.319s] Level 1:colcon.colcon_core.package_identification:_identify(src/ros2_robotiq_3f_gripper) by extensions ['ros']
[0.319s] Level 1:colcon.colcon_core.package_identification:_identify(src/ros2_robotiq_3f_gripper) by extension 'ros'
[0.319s] Level 1:colcon.colcon_core.package_identification:_identify(src/ros2_robotiq_3f_gripper) by extensions ['cmake', 'python']
[0.319s] Level 1:colcon.colcon_core.package_identification:_identify(src/ros2_robotiq_3f_gripper) by extension 'cmake'
[0.319s] Level 1:colcon.colcon_core.package_identification:_identify(src/ros2_robotiq_3f_gripper) by extension 'python'
[0.319s] Level 1:colcon.colcon_core.package_identification:_identify(src/ros2_robotiq_3f_gripper) by extensions ['python_setup_py']
[0.319s] Level 1:colcon.colcon_core.package_identification:_identify(src/ros2_robotiq_3f_gripper) by extension 'python_setup_py'
[0.319s] Level 1:colcon.colcon_core.package_identification:_identify(src/ros2_robotiq_3f_gripper/robotiq_3f_description) by extensions ['ignore', 'ignore_ament_install']
[0.319s] Level 1:colcon.colcon_core.package_identification:_identify(src/ros2_robotiq_3f_gripper/robotiq_3f_description) by extension 'ignore'
[0.319s] Level 1:colcon.colcon_core.package_identification:_identify(src/ros2_robotiq_3f_gripper/robotiq_3f_description) by extension 'ignore_ament_install'
[0.319s] Level 1:colcon.colcon_core.package_identification:_identify(src/ros2_robotiq_3f_gripper/robotiq_3f_description) by extensions ['colcon_pkg']
[0.319s] Level 1:colcon.colcon_core.package_identification:_identify(src/ros2_robotiq_3f_gripper/robotiq_3f_description) by extension 'colcon_pkg'
[0.319s] Level 1:colcon.colcon_core.package_identification:_identify(src/ros2_robotiq_3f_gripper/robotiq_3f_description) by extensions ['colcon_meta']
[0.319s] Level 1:colcon.colcon_core.package_identification:_identify(src/ros2_robotiq_3f_gripper/robotiq_3f_description) by extension 'colcon_meta'
[0.319s] Level 1:colcon.colcon_core.package_identification:_identify(src/ros2_robotiq_3f_gripper/robotiq_3f_description) by extensions ['ros']
[0.319s] Level 1:colcon.colcon_core.package_identification:_identify(src/ros2_robotiq_3f_gripper/robotiq_3f_description) by extension 'ros'
[0.320s] DEBUG:colcon.colcon_core.package_identification:Package 'src/ros2_robotiq_3f_gripper/robotiq_3f_description' with type 'ros.ament_cmake' and name 'robotiq_3f_description'
[0.320s] Level 1:colcon.colcon_core.package_identification:_identify(src/ros2_robotiq_3f_gripper/robotiq_3f_driver) by extensions ['ignore', 'ignore_ament_install']
[0.320s] Level 1:colcon.colcon_core.package_identification:_identify(src/ros2_robotiq_3f_gripper/robotiq_3f_driver) by extension 'ignore'
[0.320s] Level 1:colcon.colcon_core.package_identification:_identify(src/ros2_robotiq_3f_gripper/robotiq_3f_driver) ignored
[0.320s] Level 1:colcon.colcon_core.package_identification:_identify(src/ros2_robotiq_3f_gripper/robotiq_3f_hardware_tests) by extensions ['ignore', 'ignore_ament_install']
[0.321s] Level 1:colcon.colcon_core.package_identification:_identify(src/ros2_robotiq_3f_gripper/robotiq_3f_hardware_tests) by extension 'ignore'
[0.321s] Level 1:colcon.colcon_core.package_identification:_identify(src/ros2_robotiq_3f_gripper/robotiq_3f_hardware_tests) ignored
[0.321s] Level 1:colcon.colcon_core.package_identification:_identify(src/ros2_robotiq_3f_gripper/robotiq_3f_interfaces) by extensions ['ignore', 'ignore_ament_install']
[0.321s] Level 1:colcon.colcon_core.package_identification:_identify(src/ros2_robotiq_3f_gripper/robotiq_3f_interfaces) by extension 'ignore'
[0.321s] Level 1:colcon.colcon_core.package_identification:_identify(src/ros2_robotiq_3f_gripper/robotiq_3f_interfaces) by extension 'ignore_ament_install'
[0.321s] Level 1:colcon.colcon_core.package_identification:_identify(src/ros2_robotiq_3f_gripper/robotiq_3f_interfaces) by extensions ['colcon_pkg']
[0.321s] Level 1:colcon.colcon_core.package_identification:_identify(src/ros2_robotiq_3f_gripper/robotiq_3f_interfaces) by extension 'colcon_pkg'
[0.321s] Level 1:colcon.colcon_core.package_identification:_identify(src/ros2_robotiq_3f_gripper/robotiq_3f_interfaces) by extensions ['colcon_meta']
[0.321s] Level 1:colcon.colcon_core.package_identification:_identify(src/ros2_robotiq_3f_gripper/robotiq_3f_interfaces) by extension 'colcon_meta'
[0.321s] Level 1:colcon.colcon_core.package_identification:_identify(src/ros2_robotiq_3f_gripper/robotiq_3f_interfaces) by extensions ['ros']
[0.321s] Level 1:colcon.colcon_core.package_identification:_identify(src/ros2_robotiq_3f_gripper/robotiq_3f_interfaces) by extension 'ros'
[0.321s] DEBUG:colcon.colcon_core.package_identification:Package 'src/ros2_robotiq_3f_gripper/robotiq_3f_interfaces' with type 'ros.ament_cmake' and name 'robotiq_3f_interfaces'
[0.322s] Level 1:colcon.colcon_core.package_identification:_identify(src/ros2_robotiq_3f_gripper/robotiq_3f_transmission_plugins) by extensions ['ignore', 'ignore_ament_install']
[0.322s] Level 1:colcon.colcon_core.package_identification:_identify(src/ros2_robotiq_3f_gripper/robotiq_3f_transmission_plugins) by extension 'ignore'
[0.322s] Level 1:colcon.colcon_core.package_identification:_identify(src/ros2_robotiq_3f_gripper/robotiq_3f_transmission_plugins) ignored
[0.322s] Level 1:colcon.colcon_core.package_identification:_identify(src/ros2_robotiq_gripper) by extensions ['ignore', 'ignore_ament_install']
[0.322s] Level 1:colcon.colcon_core.package_identification:_identify(src/ros2_robotiq_gripper) by extension 'ignore'
[0.322s] Level 1:colcon.colcon_core.package_identification:_identify(src/ros2_robotiq_gripper) by extension 'ignore_ament_install'
[0.322s] Level 1:colcon.colcon_core.package_identification:_identify(src/ros2_robotiq_gripper) by extensions ['colcon_pkg']
[0.322s] Level 1:colcon.colcon_core.package_identification:_identify(src/ros2_robotiq_gripper) by extension 'colcon_pkg'
[0.322s] Level 1:colcon.colcon_core.package_identification:_identify(src/ros2_robotiq_gripper) by extensions ['colcon_meta']
[0.322s] Level 1:colcon.colcon_core.package_identification:_identify(src/ros2_robotiq_gripper) by extension 'colcon_meta'
[0.322s] Level 1:colcon.colcon_core.package_identification:_identify(src/ros2_robotiq_gripper) by extensions ['ros']
[0.322s] Level 1:colcon.colcon_core.package_identification:_identify(src/ros2_robotiq_gripper) by extension 'ros'
[0.322s] Level 1:colcon.colcon_core.package_identification:_identify(src/ros2_robotiq_gripper) by extensions ['cmake', 'python']
[0.322s] Level 1:colcon.colcon_core.package_identification:_identify(src/ros2_robotiq_gripper) by extension 'cmake'
[0.322s] Level 1:colcon.colcon_core.package_identification:_identify(src/ros2_robotiq_gripper) by extension 'python'
[0.322s] Level 1:colcon.colcon_core.package_identification:_identify(src/ros2_robotiq_gripper) by extensions ['python_setup_py']
[0.322s] Level 1:colcon.colcon_core.package_identification:_identify(src/ros2_robotiq_gripper) by extension 'python_setup_py'
[0.322s] Level 1:colcon.colcon_core.package_identification:_identify(src/ros2_robotiq_gripper/robotiq_controllers) by extensions ['ignore', 'ignore_ament_install']
[0.322s] Level 1:colcon.colcon_core.package_identification:_identify(src/ros2_robotiq_gripper/robotiq_controllers) by extension 'ignore'
[0.322s] Level 1:colcon.colcon_core.package_identification:_identify(src/ros2_robotiq_gripper/robotiq_controllers) by extension 'ignore_ament_install'
[0.322s] Level 1:colcon.colcon_core.package_identification:_identify(src/ros2_robotiq_gripper/robotiq_controllers) by extensions ['colcon_pkg']
[0.322s] Level 1:colcon.colcon_core.package_identification:_identify(src/ros2_robotiq_gripper/robotiq_controllers) by extension 'colcon_pkg'
[0.322s] Level 1:colcon.colcon_core.package_identification:_identify(src/ros2_robotiq_gripper/robotiq_controllers) by extensions ['colcon_meta']
[0.322s] Level 1:colcon.colcon_core.package_identification:_identify(src/ros2_robotiq_gripper/robotiq_controllers) by extension 'colcon_meta'
[0.322s] Level 1:colcon.colcon_core.package_identification:_identify(src/ros2_robotiq_gripper/robotiq_controllers) by extensions ['ros']
[0.322s] Level 1:colcon.colcon_core.package_identification:_identify(src/ros2_robotiq_gripper/robotiq_controllers) by extension 'ros'
[0.323s] DEBUG:colcon.colcon_core.package_identification:Package 'src/ros2_robotiq_gripper/robotiq_controllers' with type 'ros.ament_cmake' and name 'robotiq_controllers'
[0.323s] Level 1:colcon.colcon_core.package_identification:_identify(src/ros2_robotiq_gripper/robotiq_description) by extensions ['ignore', 'ignore_ament_install']
[0.323s] Level 1:colcon.colcon_core.package_identification:_identify(src/ros2_robotiq_gripper/robotiq_description) by extension 'ignore'
[0.323s] Level 1:colcon.colcon_core.package_identification:_identify(src/ros2_robotiq_gripper/robotiq_description) by extension 'ignore_ament_install'
[0.323s] Level 1:colcon.colcon_core.package_identification:_identify(src/ros2_robotiq_gripper/robotiq_description) by extensions ['colcon_pkg']
[0.323s] Level 1:colcon.colcon_core.package_identification:_identify(src/ros2_robotiq_gripper/robotiq_description) by extension 'colcon_pkg'
[0.323s] Level 1:colcon.colcon_core.package_identification:_identify(src/ros2_robotiq_gripper/robotiq_description) by extensions ['colcon_meta']
[0.323s] Level 1:colcon.colcon_core.package_identification:_identify(src/ros2_robotiq_gripper/robotiq_description) by extension 'colcon_meta'
[0.323s] Level 1:colcon.colcon_core.package_identification:_identify(src/ros2_robotiq_gripper/robotiq_description) by extensions ['ros']
[0.323s] Level 1:colcon.colcon_core.package_identification:_identify(src/ros2_robotiq_gripper/robotiq_description) by extension 'ros'
[0.324s] DEBUG:colcon.colcon_core.package_identification:Package 'src/ros2_robotiq_gripper/robotiq_description' with type 'ros.ament_cmake' and name 'robotiq_description'
[0.324s] Level 1:colcon.colcon_core.package_identification:_identify(src/ur10_camera_gripper_moveit_config) by extensions ['ignore', 'ignore_ament_install']
[0.324s] Level 1:colcon.colcon_core.package_identification:_identify(src/ur10_camera_gripper_moveit_config) by extension 'ignore'
[0.324s] Level 1:colcon.colcon_core.package_identification:_identify(src/ur10_camera_gripper_moveit_config) by extension 'ignore_ament_install'
[0.324s] Level 1:colcon.colcon_core.package_identification:_identify(src/ur10_camera_gripper_moveit_config) by extensions ['colcon_pkg']
[0.324s] Level 1:colcon.colcon_core.package_identification:_identify(src/ur10_camera_gripper_moveit_config) by extension 'colcon_pkg'
[0.324s] Level 1:colcon.colcon_core.package_identification:_identify(src/ur10_camera_gripper_moveit_config) by extensions ['colcon_meta']
[0.324s] Level 1:colcon.colcon_core.package_identification:_identify(src/ur10_camera_gripper_moveit_config) by extension 'colcon_meta'
[0.324s] Level 1:colcon.colcon_core.package_identification:_identify(src/ur10_camera_gripper_moveit_config) by extensions ['ros']
[0.324s] Level 1:colcon.colcon_core.package_identification:_identify(src/ur10_camera_gripper_moveit_config) by extension 'ros'
[0.325s] DEBUG:colcon.colcon_core.package_identification:Package 'src/ur10_camera_gripper_moveit_config' with type 'ros.ament_cmake' and name 'ur10_camera_gripper_moveit_config'
[0.325s] Level 1:colcon.colcon_core.package_identification:_identify(src/ur10_camera_moveit_config) by extensions ['ignore', 'ignore_ament_install']
[0.325s] Level 1:colcon.colcon_core.package_identification:_identify(src/ur10_camera_moveit_config) by extension 'ignore'
[0.325s] Level 1:colcon.colcon_core.package_identification:_identify(src/ur10_camera_moveit_config) ignored
[0.325s] Level 1:colcon.colcon_core.package_identification:_identify(src/ur_yt_sim) by extensions ['ignore', 'ignore_ament_install']
[0.325s] Level 1:colcon.colcon_core.package_identification:_identify(src/ur_yt_sim) by extension 'ignore'
[0.325s] Level 1:colcon.colcon_core.package_identification:_identify(src/ur_yt_sim) by extension 'ignore_ament_install'
[0.325s] Level 1:colcon.colcon_core.package_identification:_identify(src/ur_yt_sim) by extensions ['colcon_pkg']
[0.325s] Level 1:colcon.colcon_core.package_identification:_identify(src/ur_yt_sim) by extension 'colcon_pkg'
[0.325s] Level 1:colcon.colcon_core.package_identification:_identify(src/ur_yt_sim) by extensions ['colcon_meta']
[0.325s] Level 1:colcon.colcon_core.package_identification:_identify(src/ur_yt_sim) by extension 'colcon_meta'
[0.325s] Level 1:colcon.colcon_core.package_identification:_identify(src/ur_yt_sim) by extensions ['ros']
[0.325s] Level 1:colcon.colcon_core.package_identification:_identify(src/ur_yt_sim) by extension 'ros'
[0.326s] DEBUG:colcon.colcon_core.package_identification:Package 'src/ur_yt_sim' with type 'ros.ament_cmake' and name 'ur_yt_sim'
[0.326s] Level 1:colcon.colcon_core.package_discovery:discover_packages(recursive) using defaults
[0.326s] Level 1:colcon.colcon_core.package_discovery:discover_packages(ignore) discover
[0.326s] Level 1:colcon.colcon_core.package_discovery:discover_packages(ignore) using defaults
[0.326s] Level 1:colcon.colcon_core.package_discovery:discover_packages(path) discover
[0.326s] Level 1:colcon.colcon_core.package_discovery:discover_packages(path) using defaults
[0.356s] Level 1:colcon.colcon_core.package_discovery:discover_packages(prefix_path) check parameters
[0.356s] Level 1:colcon.colcon_core.package_discovery:discover_packages(prefix_path) discover
[0.358s] DEBUG:colcon.colcon_installed_package_information.package_discovery:Found 407 installed packages in /opt/ros/humble
[0.359s] Level 1:colcon.colcon_core.package_discovery:discover_packages(prefix_path) using defaults
[0.390s] Level 5:colcon.colcon_core.verb:set package 'linkattacher_msgs' build argument 'cmake_args' from command line to 'None'
[0.390s] Level 5:colcon.colcon_core.verb:set package 'linkattacher_msgs' build argument 'cmake_target' from command line to 'None'
[0.390s] Level 5:colcon.colcon_core.verb:set package 'linkattacher_msgs' build argument 'cmake_target_skip_unavailable' from command line to 'False'
[0.390s] Level 5:colcon.colcon_core.verb:set package 'linkattacher_msgs' build argument 'cmake_clean_cache' from command line to 'False'
[0.390s] Level 5:colcon.colcon_core.verb:set package 'linkattacher_msgs' build argument 'cmake_clean_first' from command line to 'False'
[0.390s] Level 5:colcon.colcon_core.verb:set package 'linkattacher_msgs' build argument 'cmake_force_configure' from command line to 'False'
[0.391s] Level 5:colcon.colcon_core.verb:set package 'linkattacher_msgs' build argument 'ament_cmake_args' from command line to 'None'
[0.391s] Level 5:colcon.colcon_core.verb:set package 'linkattacher_msgs' build argument 'catkin_cmake_args' from command line to 'None'
[0.391s] Level 5:colcon.colcon_core.verb:set package 'linkattacher_msgs' build argument 'catkin_skip_building_tests' from command line to 'False'
[0.391s] DEBUG:colcon.colcon_core.verb:Building package 'linkattacher_msgs' with the following arguments: {'ament_cmake_args': None, 'build_base': '/home/user/research_ws/ur10_pick_place_ws/build/linkattacher_msgs', 'catkin_cmake_args': None, 'catkin_skip_building_tests': False, 'cmake_args': None, 'cmake_clean_cache': False, 'cmake_clean_first': False, 'cmake_force_configure': False, 'cmake_target': None, 'cmake_target_skip_unavailable': False, 'install_base': '/home/user/research_ws/ur10_pick_place_ws/install/linkattacher_msgs', 'merge_install': False, 'path': '/home/user/research_ws/ur10_pick_place_ws/src/linkattacher_msgs', 'symlink_install': False, 'test_result_base': None}
[0.391s] Level 5:colcon.colcon_core.verb:set package 'robotiq_3f_description' build argument 'cmake_args' from command line to 'None'
[0.391s] Level 5:colcon.colcon_core.verb:set package 'robotiq_3f_description' build argument 'cmake_target' from command line to 'None'
[0.391s] Level 5:colcon.colcon_core.verb:set package 'robotiq_3f_description' build argument 'cmake_target_skip_unavailable' from command line to 'False'
[0.391s] Level 5:colcon.colcon_core.verb:set package 'robotiq_3f_description' build argument 'cmake_clean_cache' from command line to 'False'
[0.391s] Level 5:colcon.colcon_core.verb:set package 'robotiq_3f_description' build argument 'cmake_clean_first' from command line to 'False'
[0.391s] Level 5:colcon.colcon_core.verb:set package 'robotiq_3f_description' build argument 'cmake_force_configure' from command line to 'False'
[0.391s] Level 5:colcon.colcon_core.verb:set package 'robotiq_3f_description' build argument 'ament_cmake_args' from command line to 'None'
[0.391s] Level 5:colcon.colcon_core.verb:set package 'robotiq_3f_description' build argument 'catkin_cmake_args' from command line to 'None'
[0.391s] Level 5:colcon.colcon_core.verb:set package 'robotiq_3f_description' build argument 'catkin_skip_building_tests' from command line to 'False'
[0.391s] DEBUG:colcon.colcon_core.verb:Building package 'robotiq_3f_description' with the following arguments: {'ament_cmake_args': None, 'build_base': '/home/user/research_ws/ur10_pick_place_ws/build/robotiq_3f_description', 'catkin_cmake_args': None, 'catkin_skip_building_tests': False, 'cmake_args': None, 'cmake_clean_cache': False, 'cmake_clean_first': False, 'cmake_force_configure': False, 'cmake_target': None, 'cmake_target_skip_unavailable': False, 'install_base': '/home/user/research_ws/ur10_pick_place_ws/install/robotiq_3f_description', 'merge_install': False, 'path': '/home/user/research_ws/ur10_pick_place_ws/src/ros2_robotiq_3f_gripper/robotiq_3f_description', 'symlink_install': False, 'test_result_base': None}
[0.391s] Level 5:colcon.colcon_core.verb:set package 'robotiq_3f_interfaces' build argument 'cmake_args' from command line to 'None'
[0.391s] Level 5:colcon.colcon_core.verb:set package 'robotiq_3f_interfaces' build argument 'cmake_target' from command line to 'None'
[0.391s] Level 5:colcon.colcon_core.verb:set package 'robotiq_3f_interfaces' build argument 'cmake_target_skip_unavailable' from command line to 'False'
[0.391s] Level 5:colcon.colcon_core.verb:set package 'robotiq_3f_interfaces' build argument 'cmake_clean_cache' from command line to 'False'
[0.391s] Level 5:colcon.colcon_core.verb:set package 'robotiq_3f_interfaces' build argument 'cmake_clean_first' from command line to 'False'
[0.391s] Level 5:colcon.colcon_core.verb:set package 'robotiq_3f_interfaces' build argument 'cmake_force_configure' from command line to 'False'
[0.391s] Level 5:colcon.colcon_core.verb:set package 'robotiq_3f_interfaces' build argument 'ament_cmake_args' from command line to 'None'
[0.391s] Level 5:colcon.colcon_core.verb:set package 'robotiq_3f_interfaces' build argument 'catkin_cmake_args' from command line to 'None'
[0.391s] Level 5:colcon.colcon_core.verb:set package 'robotiq_3f_interfaces' build argument 'catkin_skip_building_tests' from command line to 'False'
[0.391s] DEBUG:colcon.colcon_core.verb:Building package 'robotiq_3f_interfaces' with the following arguments: {'ament_cmake_args': None, 'build_base': '/home/user/research_ws/ur10_pick_place_ws/build/robotiq_3f_interfaces', 'catkin_cmake_args': None, 'catkin_skip_building_tests': False, 'cmake_args': None, 'cmake_clean_cache': False, 'cmake_clean_first': False, 'cmake_force_configure': False, 'cmake_target': None, 'cmake_target_skip_unavailable': False, 'install_base': '/home/user/research_ws/ur10_pick_place_ws/install/robotiq_3f_interfaces', 'merge_install': False, 'path': '/home/user/research_ws/ur10_pick_place_ws/src/ros2_robotiq_3f_gripper/robotiq_3f_interfaces', 'symlink_install': False, 'test_result_base': None}
[0.391s] Level 5:colcon.colcon_core.verb:set package 'robotiq_controllers' build argument 'cmake_args' from command line to 'None'
[0.391s] Level 5:colcon.colcon_core.verb:set package 'robotiq_controllers' build argument 'cmake_target' from command line to 'None'
[0.391s] Level 5:colcon.colcon_core.verb:set package 'robotiq_controllers' build argument 'cmake_target_skip_unavailable' from command line to 'False'
[0.391s] Level 5:colcon.colcon_core.verb:set package 'robotiq_controllers' build argument 'cmake_clean_cache' from command line to 'False'
[0.391s] Level 5:colcon.colcon_core.verb:set package 'robotiq_controllers' build argument 'cmake_clean_first' from command line to 'False'
[0.392s] Level 5:colcon.colcon_core.verb:set package 'robotiq_controllers' build argument 'cmake_force_configure' from command line to 'False'
[0.392s] Level 5:colcon.colcon_core.verb:set package 'robotiq_controllers' build argument 'ament_cmake_args' from command line to 'None'
[0.392s] Level 5:colcon.colcon_core.verb:set package 'robotiq_controllers' build argument 'catkin_cmake_args' from command line to 'None'
[0.392s] Level 5:colcon.colcon_core.verb:set package 'robotiq_controllers' build argument 'catkin_skip_building_tests' from command line to 'False'
[0.392s] DEBUG:colcon.colcon_core.verb:Building package 'robotiq_controllers' with the following arguments: {'ament_cmake_args': None, 'build_base': '/home/user/research_ws/ur10_pick_place_ws/build/robotiq_controllers', 'catkin_cmake_args': None, 'catkin_skip_building_tests': False, 'cmake_args': None, 'cmake_clean_cache': False, 'cmake_clean_first': False, 'cmake_force_configure': False, 'cmake_target': None, 'cmake_target_skip_unavailable': False, 'install_base': '/home/user/research_ws/ur10_pick_place_ws/install/robotiq_controllers', 'merge_install': False, 'path': '/home/user/research_ws/ur10_pick_place_ws/src/ros2_robotiq_gripper/robotiq_controllers', 'symlink_install': False, 'test_result_base': None}
[0.392s] Level 5:colcon.colcon_core.verb:set package 'robotiq_description' build argument 'cmake_args' from command line to 'None'
[0.392s] Level 5:colcon.colcon_core.verb:set package 'robotiq_description' build argument 'cmake_target' from command line to 'None'
[0.392s] Level 5:colcon.colcon_core.verb:set package 'robotiq_description' build argument 'cmake_target_skip_unavailable' from command line to 'False'
[0.392s] Level 5:colcon.colcon_core.verb:set package 'robotiq_description' build argument 'cmake_clean_cache' from command line to 'False'
[0.392s] Level 5:colcon.colcon_core.verb:set package 'robotiq_description' build argument 'cmake_clean_first' from command line to 'False'
[0.392s] Level 5:colcon.colcon_core.verb:set package 'robotiq_description' build argument 'cmake_force_configure' from command line to 'False'
[0.392s] Level 5:colcon.colcon_core.verb:set package 'robotiq_description' build argument 'ament_cmake_args' from command line to 'None'
[0.392s] Level 5:colcon.colcon_core.verb:set package 'robotiq_description' build argument 'catkin_cmake_args' from command line to 'None'
[0.392s] Level 5:colcon.colcon_core.verb:set package 'robotiq_description' build argument 'catkin_skip_building_tests' from command line to 'False'
[0.392s] DEBUG:colcon.colcon_core.verb:Building package 'robotiq_description' with the following arguments: {'ament_cmake_args': None, 'build_base': '/home/user/research_ws/ur10_pick_place_ws/build/robotiq_description', 'catkin_cmake_args': None, 'catkin_skip_building_tests': False, 'cmake_args': None, 'cmake_clean_cache': False, 'cmake_clean_first': False, 'cmake_force_configure': False, 'cmake_target': None, 'cmake_target_skip_unavailable': False, 'install_base': '/home/user/research_ws/ur10_pick_place_ws/install/robotiq_description', 'merge_install': False, 'path': '/home/user/research_ws/ur10_pick_place_ws/src/ros2_robotiq_gripper/robotiq_description', 'symlink_install': False, 'test_result_base': None}
[0.392s] Level 5:colcon.colcon_core.verb:set package 'ur_simulation_gazebo' build argument 'cmake_args' from command line to 'None'
[0.392s] Level 5:colcon.colcon_core.verb:set package 'ur_simulation_gazebo' build argument 'cmake_target' from command line to 'None'
[0.392s] Level 5:colcon.colcon_core.verb:set package 'ur_simulation_gazebo' build argument 'cmake_target_skip_unavailable' from command line to 'False'
[0.392s] Level 5:colcon.colcon_core.verb:set package 'ur_simulation_gazebo' build argument 'cmake_clean_cache' from command line to 'False'
[0.392s] Level 5:colcon.colcon_core.verb:set package 'ur_simulation_gazebo' build argument 'cmake_clean_first' from command line to 'False'
[0.392s] Level 5:colcon.colcon_core.verb:set package 'ur_simulation_gazebo' build argument 'cmake_force_configure' from command line to 'False'
[0.392s] Level 5:colcon.colcon_core.verb:set package 'ur_simulation_gazebo' build argument 'ament_cmake_args' from command line to 'None'
[0.392s] Level 5:colcon.colcon_core.verb:set package 'ur_simulation_gazebo' build argument 'catkin_cmake_args' from command line to 'None'
[0.392s] Level 5:colcon.colcon_core.verb:set package 'ur_simulation_gazebo' build argument 'catkin_skip_building_tests' from command line to 'False'
[0.392s] DEBUG:colcon.colcon_core.verb:Building package 'ur_simulation_gazebo' with the following arguments: {'ament_cmake_args': None, 'build_base': '/home/user/research_ws/ur10_pick_place_ws/build/ur_simulation_gazebo', 'catkin_cmake_args': None, 'catkin_skip_building_tests': False, 'cmake_args': None, 'cmake_clean_cache': False, 'cmake_clean_first': False, 'cmake_force_configure': False, 'cmake_target': None, 'cmake_target_skip_unavailable': False, 'install_base': '/home/user/research_ws/ur10_pick_place_ws/install/ur_simulation_gazebo', 'merge_install': False, 'path': '/home/user/research_ws/ur10_pick_place_ws/src/Universal_Robots_ROS2_Gazebo_Simulation/ur_simulation_gazebo', 'symlink_install': False, 'test_result_base': None}
[0.392s] Level 5:colcon.colcon_core.verb:set package 'ros2_linkattacher' build argument 'cmake_args' from command line to 'None'
[0.392s] Level 5:colcon.colcon_core.verb:set package 'ros2_linkattacher' build argument 'cmake_target' from command line to 'None'
[0.392s] Level 5:colcon.colcon_core.verb:set package 'ros2_linkattacher' build argument 'cmake_target_skip_unavailable' from command line to 'False'
[0.392s] Level 5:colcon.colcon_core.verb:set package 'ros2_linkattacher' build argument 'cmake_clean_cache' from command line to 'False'
[0.392s] Level 5:colcon.colcon_core.verb:set package 'ros2_linkattacher' build argument 'cmake_clean_first' from command line to 'False'
[0.392s] Level 5:colcon.colcon_core.verb:set package 'ros2_linkattacher' build argument 'cmake_force_configure' from command line to 'False'
[0.392s] Level 5:colcon.colcon_core.verb:set package 'ros2_linkattacher' build argument 'ament_cmake_args' from command line to 'None'
[0.392s] Level 5:colcon.colcon_core.verb:set package 'ros2_linkattacher' build argument 'catkin_cmake_args' from command line to 'None'
[0.392s] Level 5:colcon.colcon_core.verb:set package 'ros2_linkattacher' build argument 'catkin_skip_building_tests' from command line to 'False'
[0.393s] DEBUG:colcon.colcon_core.verb:Building package 'ros2_linkattacher' with the following arguments: {'ament_cmake_args': None, 'build_base': '/home/user/research_ws/ur10_pick_place_ws/build/ros2_linkattacher', 'catkin_cmake_args': None, 'catkin_skip_building_tests': False, 'cmake_args': None, 'cmake_clean_cache': False, 'cmake_clean_first': False, 'cmake_force_configure': False, 'cmake_target': None, 'cmake_target_skip_unavailable': False, 'install_base': '/home/user/research_ws/ur10_pick_place_ws/install/ros2_linkattacher', 'merge_install': False, 'path': '/home/user/research_ws/ur10_pick_place_ws/src/linkattacher_plugin', 'symlink_install': False, 'test_result_base': None}
[0.393s] Level 5:colcon.colcon_core.verb:set package 'ur_yt_sim' build argument 'cmake_args' from command line to 'None'
[0.393s] Level 5:colcon.colcon_core.verb:set package 'ur_yt_sim' build argument 'cmake_target' from command line to 'None'
[0.393s] Level 5:colcon.colcon_core.verb:set package 'ur_yt_sim' build argument 'cmake_target_skip_unavailable' from command line to 'False'
[0.393s] Level 5:colcon.colcon_core.verb:set package 'ur_yt_sim' build argument 'cmake_clean_cache' from command line to 'False'
[0.393s] Level 5:colcon.colcon_core.verb:set package 'ur_yt_sim' build argument 'cmake_clean_first' from command line to 'False'
[0.393s] Level 5:colcon.colcon_core.verb:set package 'ur_yt_sim' build argument 'cmake_force_configure' from command line to 'False'
[0.393s] Level 5:colcon.colcon_core.verb:set package 'ur_yt_sim' build argument 'ament_cmake_args' from command line to 'None'
[0.393s] Level 5:colcon.colcon_core.verb:set package 'ur_yt_sim' build argument 'catkin_cmake_args' from command line to 'None'
[0.393s] Level 5:colcon.colcon_core.verb:set package 'ur_yt_sim' build argument 'catkin_skip_building_tests' from command line to 'False'
[0.393s] DEBUG:colcon.colcon_core.verb:Building package 'ur_yt_sim' with the following arguments: {'ament_cmake_args': None, 'build_base': '/home/user/research_ws/ur10_pick_place_ws/build/ur_yt_sim', 'catkin_cmake_args': None, 'catkin_skip_building_tests': False, 'cmake_args': None, 'cmake_clean_cache': False, 'cmake_clean_first': False, 'cmake_force_configure': False, 'cmake_target': None, 'cmake_target_skip_unavailable': False, 'install_base': '/home/user/research_ws/ur10_pick_place_ws/install/ur_yt_sim', 'merge_install': False, 'path': '/home/user/research_ws/ur10_pick_place_ws/src/ur_yt_sim', 'symlink_install': False, 'test_result_base': None}
[0.393s] Level 5:colcon.colcon_core.verb:set package 'ur10_camera_gripper_moveit_config' build argument 'cmake_args' from command line to 'None'
[0.393s] Level 5:colcon.colcon_core.verb:set package 'ur10_camera_gripper_moveit_config' build argument 'cmake_target' from command line to 'None'
[0.393s] Level 5:colcon.colcon_core.verb:set package 'ur10_camera_gripper_moveit_config' build argument 'cmake_target_skip_unavailable' from command line to 'False'
[0.393s] Level 5:colcon.colcon_core.verb:set package 'ur10_camera_gripper_moveit_config' build argument 'cmake_clean_cache' from command line to 'False'
[0.393s] Level 5:colcon.colcon_core.verb:set package 'ur10_camera_gripper_moveit_config' build argument 'cmake_clean_first' from command line to 'False'
[0.393s] Level 5:colcon.colcon_core.verb:set package 'ur10_camera_gripper_moveit_config' build argument 'cmake_force_configure' from command line to 'False'
[0.393s] Level 5:colcon.colcon_core.verb:set package 'ur10_camera_gripper_moveit_config' build argument 'ament_cmake_args' from command line to 'None'
[0.393s] Level 5:colcon.colcon_core.verb:set package 'ur10_camera_gripper_moveit_config' build argument 'catkin_cmake_args' from command line to 'None'
[0.393s] Level 5:colcon.colcon_core.verb:set package 'ur10_camera_gripper_moveit_config' build argument 'catkin_skip_building_tests' from command line to 'False'
[0.393s] DEBUG:colcon.colcon_core.verb:Building package 'ur10_camera_gripper_moveit_config' with the following arguments: {'ament_cmake_args': None, 'build_base': '/home/user/research_ws/ur10_pick_place_ws/build/ur10_camera_gripper_moveit_config', 'catkin_cmake_args': None, 'catkin_skip_building_tests': False, 'cmake_args': None, 'cmake_clean_cache': False, 'cmake_clean_first': False, 'cmake_force_configure': False, 'cmake_target': None, 'cmake_target_skip_unavailable': False, 'install_base': '/home/user/research_ws/ur10_pick_place_ws/install/ur10_camera_gripper_moveit_config', 'merge_install': False, 'path': '/home/user/research_ws/ur10_pick_place_ws/src/ur10_camera_gripper_moveit_config', 'symlink_install': False, 'test_result_base': None}
[0.393s] INFO:colcon.colcon_core.executor:Executing jobs using 'parallel' executor
[0.394s] DEBUG:colcon.colcon_parallel_executor.executor.parallel:run_until_complete
[0.394s] INFO:colcon.colcon_ros.task.ament_cmake.build:Building ROS package in '/home/user/research_ws/ur10_pick_place_ws/src/linkattacher_msgs' with build type 'ament_cmake'
[0.394s] INFO:colcon.colcon_cmake.task.cmake.build:Building CMake package in '/home/user/research_ws/ur10_pick_place_ws/src/linkattacher_msgs'
[0.397s] INFO:colcon.colcon_core.plugin_system:Skipping extension 'colcon_core.shell.bat': Not used on non-Windows systems
[0.397s] INFO:colcon.colcon_core.shell:Skip shell extension 'powershell' for command environment: Not usable outside of PowerShell
[0.397s] DEBUG:colcon.colcon_core.shell:Skip shell extension 'dsv' for command environment
[0.400s] INFO:colcon.colcon_ros.task.ament_cmake.build:Building ROS package in '/home/user/research_ws/ur10_pick_place_ws/src/ros2_robotiq_3f_gripper/robotiq_3f_description' with build type 'ament_cmake'
[0.400s] INFO:colcon.colcon_cmake.task.cmake.build:Building CMake package in '/home/user/research_ws/ur10_pick_place_ws/src/ros2_robotiq_3f_gripper/robotiq_3f_description'
[0.400s] INFO:colcon.colcon_core.shell:Skip shell extension 'powershell' for command environment: Not usable outside of PowerShell
[0.400s] DEBUG:colcon.colcon_core.shell:Skip shell extension 'dsv' for command environment
[0.403s] INFO:colcon.colcon_ros.task.ament_cmake.build:Building ROS package in '/home/user/research_ws/ur10_pick_place_ws/src/ros2_robotiq_3f_gripper/robotiq_3f_interfaces' with build type 'ament_cmake'
[0.403s] INFO:colcon.colcon_cmake.task.cmake.build:Building CMake package in '/home/user/research_ws/ur10_pick_place_ws/src/ros2_robotiq_3f_gripper/robotiq_3f_interfaces'
[0.403s] INFO:colcon.colcon_core.shell:Skip shell extension 'powershell' for command environment: Not usable outside of PowerShell
[0.403s] DEBUG:colcon.colcon_core.shell:Skip shell extension 'dsv' for command environment
[0.405s] INFO:colcon.colcon_ros.task.ament_cmake.build:Building ROS package in '/home/user/research_ws/ur10_pick_place_ws/src/ros2_robotiq_gripper/robotiq_controllers' with build type 'ament_cmake'
[0.405s] INFO:colcon.colcon_cmake.task.cmake.build:Building CMake package in '/home/user/research_ws/ur10_pick_place_ws/src/ros2_robotiq_gripper/robotiq_controllers'
[0.405s] INFO:colcon.colcon_core.shell:Skip shell extension 'powershell' for command environment: Not usable outside of PowerShell
[0.405s] DEBUG:colcon.colcon_core.shell:Skip shell extension 'dsv' for command environment
[0.407s] INFO:colcon.colcon_ros.task.ament_cmake.build:Building ROS package in '/home/user/research_ws/ur10_pick_place_ws/src/ros2_robotiq_gripper/robotiq_description' with build type 'ament_cmake'
[0.407s] INFO:colcon.colcon_cmake.task.cmake.build:Building CMake package in '/home/user/research_ws/ur10_pick_place_ws/src/ros2_robotiq_gripper/robotiq_description'
[0.407s] INFO:colcon.colcon_core.shell:Skip shell extension 'powershell' for command environment: Not usable outside of PowerShell
[0.407s] DEBUG:colcon.colcon_core.shell:Skip shell extension 'dsv' for command environment
[0.409s] INFO:colcon.colcon_ros.task.ament_cmake.build:Building ROS package in '/home/user/research_ws/ur10_pick_place_ws/src/Universal_Robots_ROS2_Gazebo_Simulation/ur_simulation_gazebo' with build type 'ament_cmake'
[0.409s] INFO:colcon.colcon_cmake.task.cmake.build:Building CMake package in '/home/user/research_ws/ur10_pick_place_ws/src/Universal_Robots_ROS2_Gazebo_Simulation/ur_simulation_gazebo'
[0.409s] INFO:colcon.colcon_core.shell:Skip shell extension 'powershell' for command environment: Not usable outside of PowerShell
[0.409s] DEBUG:colcon.colcon_core.shell:Skip shell extension 'dsv' for command environment
[0.414s] DEBUG:colcon.colcon_core.event_handler.log_command:Invoking command in '/home/user/research_ws/ur10_pick_place_ws/build/linkattacher_msgs': CMAKE_PREFIX_PATH=/opt/ros/humble /usr/bin/cmake --build /home/user/research_ws/ur10_pick_place_ws/build/linkattacher_msgs -- -j32 -l32
[0.419s] DEBUG:colcon.colcon_core.event_handler.log_command:Invoking command in '/home/user/research_ws/ur10_pick_place_ws/build/robotiq_3f_description': CMAKE_PREFIX_PATH=/opt/ros/humble /usr/bin/cmake --build /home/user/research_ws/ur10_pick_place_ws/build/robotiq_3f_description -- -j32 -l32
[0.420s] DEBUG:colcon.colcon_core.event_handler.log_command:Invoking command in '/home/user/research_ws/ur10_pick_place_ws/build/robotiq_3f_interfaces': CMAKE_PREFIX_PATH=/opt/ros/humble /usr/bin/cmake --build /home/user/research_ws/ur10_pick_place_ws/build/robotiq_3f_interfaces -- -j32 -l32
[0.422s] DEBUG:colcon.colcon_core.event_handler.log_command:Invoking command in '/home/user/research_ws/ur10_pick_place_ws/build/robotiq_controllers': CMAKE_PREFIX_PATH=/opt/ros/humble /usr/bin/cmake --build /home/user/research_ws/ur10_pick_place_ws/build/robotiq_controllers -- -j32 -l32
[0.424s] DEBUG:colcon.colcon_core.event_handler.log_command:Invoking command in '/home/user/research_ws/ur10_pick_place_ws/build/robotiq_description': CMAKE_PREFIX_PATH=/opt/ros/humble /usr/bin/cmake --build /home/user/research_ws/ur10_pick_place_ws/build/robotiq_description -- -j32 -l32
[0.428s] DEBUG:colcon.colcon_core.event_handler.log_command:Invoking command in '/home/user/research_ws/ur10_pick_place_ws/build/ur_simulation_gazebo': CMAKE_PREFIX_PATH=/opt/ros/humble /usr/bin/cmake --build /home/user/research_ws/ur10_pick_place_ws/build/ur_simulation_gazebo -- -j32 -l32
[0.467s] DEBUG:colcon.colcon_core.event_handler.log_command:Invoked command in '/home/user/research_ws/ur10_pick_place_ws/build/robotiq_description' returned '0': CMAKE_PREFIX_PATH=/opt/ros/humble /usr/bin/cmake --build /home/user/research_ws/ur10_pick_place_ws/build/robotiq_description -- -j32 -l32
[0.475s] DEBUG:colcon.colcon_core.event_handler.log_command:Invoking command in '/home/user/research_ws/ur10_pick_place_ws/build/robotiq_description': CMAKE_PREFIX_PATH=/opt/ros/humble /usr/bin/cmake --install /home/user/research_ws/ur10_pick_place_ws/build/robotiq_description
[0.476s] DEBUG:colcon.colcon_core.event_handler.log_command:Invoked command in '/home/user/research_ws/ur10_pick_place_ws/build/ur_simulation_gazebo' returned '0': CMAKE_PREFIX_PATH=/opt/ros/humble /usr/bin/cmake --build /home/user/research_ws/ur10_pick_place_ws/build/ur_simulation_gazebo -- -j32 -l32
[0.478s] DEBUG:colcon.colcon_core.event_handler.log_command:Invoking command in '/home/user/research_ws/ur10_pick_place_ws/build/ur_simulation_gazebo': CMAKE_PREFIX_PATH=/opt/ros/humble /usr/bin/cmake --install /home/user/research_ws/ur10_pick_place_ws/build/ur_simulation_gazebo
[0.479s] DEBUG:colcon.colcon_core.event_handler.log_command:Invoked command in '/home/user/research_ws/ur10_pick_place_ws/build/robotiq_3f_description' returned '0': CMAKE_PREFIX_PATH=/opt/ros/humble /usr/bin/cmake --build /home/user/research_ws/ur10_pick_place_ws/build/robotiq_3f_description -- -j32 -l32
[0.481s] DEBUG:colcon.colcon_core.event_handler.log_command:Invoking command in '/home/user/research_ws/ur10_pick_place_ws/build/robotiq_3f_description': CMAKE_PREFIX_PATH=/opt/ros/humble /usr/bin/cmake --install /home/user/research_ws/ur10_pick_place_ws/build/robotiq_3f_description
[0.487s] Level 1:colcon.colcon_core.environment:create_environment_scripts_only(ur_simulation_gazebo)
[0.492s] DEBUG:colcon.colcon_core.event_handler.log_command:Invoked command in '/home/user/research_ws/ur10_pick_place_ws/build/ur_simulation_gazebo' returned '0': CMAKE_PREFIX_PATH=/opt/ros/humble /usr/bin/cmake --install /home/user/research_ws/ur10_pick_place_ws/build/ur_simulation_gazebo
[0.499s] Level 1:colcon.colcon_core.environment:checking '/home/user/research_ws/ur10_pick_place_ws/install/ur_simulation_gazebo' for CMake module files
[0.500s] Level 1:colcon.colcon_core.environment:checking '/home/user/research_ws/ur10_pick_place_ws/install/ur_simulation_gazebo' for CMake config files
[0.500s] Level 1:colcon.colcon_core.shell:create_environment_hook('ur_simulation_gazebo', 'cmake_prefix_path')
[0.501s] INFO:colcon.colcon_core.shell:Creating environment hook '/home/user/research_ws/ur10_pick_place_ws/install/ur_simulation_gazebo/share/ur_simulation_gazebo/hook/cmake_prefix_path.ps1'
[0.501s] INFO:colcon.colcon_core.shell:Creating environment descriptor '/home/user/research_ws/ur10_pick_place_ws/install/ur_simulation_gazebo/share/ur_simulation_gazebo/hook/cmake_prefix_path.dsv'
[0.502s] INFO:colcon.colcon_core.shell:Creating environment hook '/home/user/research_ws/ur10_pick_place_ws/install/ur_simulation_gazebo/share/ur_simulation_gazebo/hook/cmake_prefix_path.sh'
[0.503s] Level 1:colcon.colcon_core.environment:checking '/home/user/research_ws/ur10_pick_place_ws/install/ur_simulation_gazebo/bin'
[0.503s] Level 1:colcon.colcon_core.environment:checking '/home/user/research_ws/ur10_pick_place_ws/install/ur_simulation_gazebo/lib/pkgconfig/ur_simulation_gazebo.pc'
[0.503s] Level 1:colcon.colcon_core.environment:checking '/home/user/research_ws/ur10_pick_place_ws/install/ur_simulation_gazebo/lib/python3.10/site-packages'
[0.503s] Level 1:colcon.colcon_core.environment:checking '/home/user/research_ws/ur10_pick_place_ws/install/ur_simulation_gazebo/bin'
[0.504s] INFO:colcon.colcon_core.shell:Creating package script '/home/user/research_ws/ur10_pick_place_ws/install/ur_simulation_gazebo/share/ur_simulation_gazebo/package.ps1'
[0.504s] INFO:colcon.colcon_core.shell:Creating package descriptor '/home/user/research_ws/ur10_pick_place_ws/install/ur_simulation_gazebo/share/ur_simulation_gazebo/package.dsv'
[0.505s] INFO:colcon.colcon_core.shell:Creating package script '/home/user/research_ws/ur10_pick_place_ws/install/ur_simulation_gazebo/share/ur_simulation_gazebo/package.sh'
[0.506s] INFO:colcon.colcon_core.shell:Creating package script '/home/user/research_ws/ur10_pick_place_ws/install/ur_simulation_gazebo/share/ur_simulation_gazebo/package.bash'
[0.506s] INFO:colcon.colcon_core.shell:Creating package script '/home/user/research_ws/ur10_pick_place_ws/install/ur_simulation_gazebo/share/ur_simulation_gazebo/package.zsh'
[0.507s] Level 1:colcon.colcon_core.environment:create_file_with_runtime_dependencies(/home/user/research_ws/ur10_pick_place_ws/install/ur_simulation_gazebo/share/colcon-core/packages/ur_simulation_gazebo)
[0.507s] Level 1:colcon.colcon_core.environment:create_environment_scripts_only(ur_simulation_gazebo)
[0.508s] Level 1:colcon.colcon_core.environment:checking '/home/user/research_ws/ur10_pick_place_ws/install/ur_simulation_gazebo' for CMake module files
[0.508s] Level 1:colcon.colcon_core.environment:checking '/home/user/research_ws/ur10_pick_place_ws/install/ur_simulation_gazebo' for CMake config files
[0.508s] Level 1:colcon.colcon_core.shell:create_environment_hook('ur_simulation_gazebo', 'cmake_prefix_path')
[0.508s] INFO:colcon.colcon_core.shell:Creating environment hook '/home/user/research_ws/ur10_pick_place_ws/install/ur_simulation_gazebo/share/ur_simulation_gazebo/hook/cmake_prefix_path.ps1'
[0.508s] INFO:colcon.colcon_core.shell:Creating environment descriptor '/home/user/research_ws/ur10_pick_place_ws/install/ur_simulation_gazebo/share/ur_simulation_gazebo/hook/cmake_prefix_path.dsv'
[0.509s] INFO:colcon.colcon_core.shell:Creating environment hook '/home/user/research_ws/ur10_pick_place_ws/install/ur_simulation_gazebo/share/ur_simulation_gazebo/hook/cmake_prefix_path.sh'
[0.509s] Level 1:colcon.colcon_core.environment:checking '/home/user/research_ws/ur10_pick_place_ws/install/ur_simulation_gazebo/bin'
[0.509s] Level 1:colcon.colcon_core.environment:checking '/home/user/research_ws/ur10_pick_place_ws/install/ur_simulation_gazebo/lib/pkgconfig/ur_simulation_gazebo.pc'
[0.509s] Level 1:colcon.colcon_core.environment:checking '/home/user/research_ws/ur10_pick_place_ws/install/ur_simulation_gazebo/lib/python3.10/site-packages'
[0.509s] Level 1:colcon.colcon_core.environment:checking '/home/user/research_ws/ur10_pick_place_ws/install/ur_simulation_gazebo/bin'
[0.510s] INFO:colcon.colcon_core.shell:Creating package script '/home/user/research_ws/ur10_pick_place_ws/install/ur_simulation_gazebo/share/ur_simulation_gazebo/package.ps1'
[0.510s] INFO:colcon.colcon_core.shell:Creating package descriptor '/home/user/research_ws/ur10_pick_place_ws/install/ur_simulation_gazebo/share/ur_simulation_gazebo/package.dsv'
[0.510s] INFO:colcon.colcon_core.shell:Creating package script '/home/user/research_ws/ur10_pick_place_ws/install/ur_simulation_gazebo/share/ur_simulation_gazebo/package.sh'
[0.511s] INFO:colcon.colcon_core.shell:Creating package script '/home/user/research_ws/ur10_pick_place_ws/install/ur_simulation_gazebo/share/ur_simulation_gazebo/package.bash'
[0.511s] INFO:colcon.colcon_core.shell:Creating package script '/home/user/research_ws/ur10_pick_place_ws/install/ur_simulation_gazebo/share/ur_simulation_gazebo/package.zsh'
[0.511s] Level 1:colcon.colcon_core.environment:create_file_with_runtime_dependencies(/home/user/research_ws/ur10_pick_place_ws/install/ur_simulation_gazebo/share/colcon-core/packages/ur_simulation_gazebo)
[0.512s] Level 1:colcon.colcon_core.environment:create_environment_scripts_only(robotiq_description)
[0.512s] Level 1:colcon.colcon_core.environment:checking '/home/user/research_ws/ur10_pick_place_ws/install/robotiq_description' for CMake module files
[0.513s] DEBUG:colcon.colcon_core.event_handler.log_command:Invoked command in '/home/user/research_ws/ur10_pick_place_ws/build/robotiq_description' returned '0': CMAKE_PREFIX_PATH=/opt/ros/humble /usr/bin/cmake --install /home/user/research_ws/ur10_pick_place_ws/build/robotiq_description
[0.513s] Level 1:colcon.colcon_core.environment:checking '/home/user/research_ws/ur10_pick_place_ws/install/robotiq_description' for CMake config files
[0.513s] Level 1:colcon.colcon_core.shell:create_environment_hook('robotiq_description', 'cmake_prefix_path')
[0.513s] INFO:colcon.colcon_core.shell:Creating environment hook '/home/user/research_ws/ur10_pick_place_ws/install/robotiq_description/share/robotiq_description/hook/cmake_prefix_path.ps1'
[0.514s] INFO:colcon.colcon_core.shell:Creating environment descriptor '/home/user/research_ws/ur10_pick_place_ws/install/robotiq_description/share/robotiq_description/hook/cmake_prefix_path.dsv'
[0.514s] INFO:colcon.colcon_core.shell:Creating environment hook '/home/user/research_ws/ur10_pick_place_ws/install/robotiq_description/share/robotiq_description/hook/cmake_prefix_path.sh'
[0.514s] Level 1:colcon.colcon_core.environment:checking '/home/user/research_ws/ur10_pick_place_ws/install/robotiq_description/bin'
[0.514s] Level 1:colcon.colcon_core.environment:checking '/home/user/research_ws/ur10_pick_place_ws/install/robotiq_description/lib/pkgconfig/robotiq_description.pc'
[0.514s] Level 1:colcon.colcon_core.environment:checking '/home/user/research_ws/ur10_pick_place_ws/install/robotiq_description/lib/python3.10/site-packages'
[0.515s] Level 1:colcon.colcon_core.environment:checking '/home/user/research_ws/ur10_pick_place_ws/install/robotiq_description/bin'
[0.515s] INFO:colcon.colcon_core.shell:Creating package script '/home/user/research_ws/ur10_pick_place_ws/install/robotiq_description/share/robotiq_description/package.ps1'
[0.515s] INFO:colcon.colcon_core.shell:Creating package descriptor '/home/user/research_ws/ur10_pick_place_ws/install/robotiq_description/share/robotiq_description/package.dsv'
[0.515s] INFO:colcon.colcon_core.shell:Creating package script '/home/user/research_ws/ur10_pick_place_ws/install/robotiq_description/share/robotiq_description/package.sh'
[0.516s] INFO:colcon.colcon_core.shell:Creating package script '/home/user/research_ws/ur10_pick_place_ws/install/robotiq_description/share/robotiq_description/package.bash'
[0.516s] INFO:colcon.colcon_core.shell:Creating package script '/home/user/research_ws/ur10_pick_place_ws/install/robotiq_description/share/robotiq_description/package.zsh'
[0.516s] Level 1:colcon.colcon_core.environment:create_file_with_runtime_dependencies(/home/user/research_ws/ur10_pick_place_ws/install/robotiq_description/share/colcon-core/packages/robotiq_description)
[0.517s] Level 1:colcon.colcon_core.environment:create_environment_scripts_only(robotiq_description)
[0.517s] Level 1:colcon.colcon_core.environment:checking '/home/user/research_ws/ur10_pick_place_ws/install/robotiq_description' for CMake module files
[0.517s] Level 1:colcon.colcon_core.environment:checking '/home/user/research_ws/ur10_pick_place_ws/install/robotiq_description' for CMake config files
[0.517s] Level 1:colcon.colcon_core.shell:create_environment_hook('robotiq_description', 'cmake_prefix_path')
[0.517s] INFO:colcon.colcon_core.shell:Creating environment hook '/home/user/research_ws/ur10_pick_place_ws/install/robotiq_description/share/robotiq_description/hook/cmake_prefix_path.ps1'
[0.518s] INFO:colcon.colcon_core.shell:Creating environment descriptor '/home/user/research_ws/ur10_pick_place_ws/install/robotiq_description/share/robotiq_description/hook/cmake_prefix_path.dsv'
[0.518s] INFO:colcon.colcon_core.shell:Creating environment hook '/home/user/research_ws/ur10_pick_place_ws/install/robotiq_description/share/robotiq_description/hook/cmake_prefix_path.sh'
[0.518s] Level 1:colcon.colcon_core.environment:checking '/home/user/research_ws/ur10_pick_place_ws/install/robotiq_description/bin'
[0.518s] Level 1:colcon.colcon_core.environment:checking '/home/user/research_ws/ur10_pick_place_ws/install/robotiq_description/lib/pkgconfig/robotiq_description.pc'
[0.519s] Level 1:colcon.colcon_core.environment:checking '/home/user/research_ws/ur10_pick_place_ws/install/robotiq_description/lib/python3.10/site-packages'
[0.519s] Level 1:colcon.colcon_core.environment:checking '/home/user/research_ws/ur10_pick_place_ws/install/robotiq_description/bin'
[0.519s] INFO:colcon.colcon_core.shell:Creating package script '/home/user/research_ws/ur10_pick_place_ws/install/robotiq_description/share/robotiq_description/package.ps1'
[0.520s] INFO:colcon.colcon_core.shell:Creating package descriptor '/home/user/research_ws/ur10_pick_place_ws/install/robotiq_description/share/robotiq_description/package.dsv'
[0.520s] INFO:colcon.colcon_core.shell:Creating package script '/home/user/research_ws/ur10_pick_place_ws/install/robotiq_description/share/robotiq_description/package.sh'
[0.521s] INFO:colcon.colcon_core.shell:Creating package script '/home/user/research_ws/ur10_pick_place_ws/install/robotiq_description/share/robotiq_description/package.bash'
[0.521s] INFO:colcon.colcon_core.shell:Creating package script '/home/user/research_ws/ur10_pick_place_ws/install/robotiq_description/share/robotiq_description/package.zsh'
[0.521s] Level 1:colcon.colcon_core.environment:create_file_with_runtime_dependencies(/home/user/research_ws/ur10_pick_place_ws/install/robotiq_description/share/colcon-core/packages/robotiq_description)
[0.522s] Level 1:colcon.colcon_core.environment:create_environment_scripts_only(robotiq_3f_description)
[0.522s] Level 1:colcon.colcon_core.environment:checking '/home/user/research_ws/ur10_pick_place_ws/install/robotiq_3f_description' for CMake module files
[0.523s] DEBUG:colcon.colcon_core.event_handler.log_command:Invoked command in '/home/user/research_ws/ur10_pick_place_ws/build/robotiq_3f_description' returned '0': CMAKE_PREFIX_PATH=/opt/ros/humble /usr/bin/cmake --install /home/user/research_ws/ur10_pick_place_ws/build/robotiq_3f_description
[0.523s] Level 1:colcon.colcon_core.environment:checking '/home/user/research_ws/ur10_pick_place_ws/install/robotiq_3f_description' for CMake config files
[0.523s] Level 1:colcon.colcon_core.shell:create_environment_hook('robotiq_3f_description', 'cmake_prefix_path')
[0.524s] INFO:colcon.colcon_core.shell:Creating environment hook '/home/user/research_ws/ur10_pick_place_ws/install/robotiq_3f_description/share/robotiq_3f_description/hook/cmake_prefix_path.ps1'
[0.524s] INFO:colcon.colcon_core.shell:Creating environment descriptor '/home/user/research_ws/ur10_pick_place_ws/install/robotiq_3f_description/share/robotiq_3f_description/hook/cmake_prefix_path.dsv'
[0.524s] INFO:colcon.colcon_core.shell:Creating environment hook '/home/user/research_ws/ur10_pick_place_ws/install/robotiq_3f_description/share/robotiq_3f_description/hook/cmake_prefix_path.sh'
[0.524s] Level 1:colcon.colcon_core.environment:checking '/home/user/research_ws/ur10_pick_place_ws/install/robotiq_3f_description/bin'
[0.525s] Level 1:colcon.colcon_core.environment:checking '/home/user/research_ws/ur10_pick_place_ws/install/robotiq_3f_description/lib/pkgconfig/robotiq_3f_description.pc'
[0.525s] Level 1:colcon.colcon_core.environment:checking '/home/user/research_ws/ur10_pick_place_ws/install/robotiq_3f_description/lib/python3.10/site-packages'
[0.525s] Level 1:colcon.colcon_core.environment:checking '/home/user/research_ws/ur10_pick_place_ws/install/robotiq_3f_description/bin'
[0.525s] INFO:colcon.colcon_core.shell:Creating package script '/home/user/research_ws/ur10_pick_place_ws/install/robotiq_3f_description/share/robotiq_3f_description/package.ps1'
[0.525s] INFO:colcon.colcon_core.shell:Creating package descriptor '/home/user/research_ws/ur10_pick_place_ws/install/robotiq_3f_description/share/robotiq_3f_description/package.dsv'
[0.526s] INFO:colcon.colcon_core.shell:Creating package script '/home/user/research_ws/ur10_pick_place_ws/install/robotiq_3f_description/share/robotiq_3f_description/package.sh'
[0.526s] INFO:colcon.colcon_core.shell:Creating package script '/home/user/research_ws/ur10_pick_place_ws/install/robotiq_3f_description/share/robotiq_3f_description/package.bash'
[0.526s] INFO:colcon.colcon_core.shell:Creating package script '/home/user/research_ws/ur10_pick_place_ws/install/robotiq_3f_description/share/robotiq_3f_description/package.zsh'
[0.526s] Level 1:colcon.colcon_core.environment:create_file_with_runtime_dependencies(/home/user/research_ws/ur10_pick_place_ws/install/robotiq_3f_description/share/colcon-core/packages/robotiq_3f_description)
[0.527s] Level 1:colcon.colcon_core.environment:create_environment_scripts_only(robotiq_3f_description)
[0.527s] Level 1:colcon.colcon_core.environment:checking '/home/user/research_ws/ur10_pick_place_ws/install/robotiq_3f_description' for CMake module files
[0.527s] Level 1:colcon.colcon_core.environment:checking '/home/user/research_ws/ur10_pick_place_ws/install/robotiq_3f_description' for CMake config files
[0.527s] Level 1:colcon.colcon_core.shell:create_environment_hook('robotiq_3f_description', 'cmake_prefix_path')
[0.528s] INFO:colcon.colcon_core.shell:Creating environment hook '/home/user/research_ws/ur10_pick_place_ws/install/robotiq_3f_description/share/robotiq_3f_description/hook/cmake_prefix_path.ps1'
[0.528s] INFO:colcon.colcon_core.shell:Creating environment descriptor '/home/user/research_ws/ur10_pick_place_ws/install/robotiq_3f_description/share/robotiq_3f_description/hook/cmake_prefix_path.dsv'
[0.528s] INFO:colcon.colcon_core.shell:Creating environment hook '/home/user/research_ws/ur10_pick_place_ws/install/robotiq_3f_description/share/robotiq_3f_description/hook/cmake_prefix_path.sh'
[0.528s] Level 1:colcon.colcon_core.environment:checking '/home/user/research_ws/ur10_pick_place_ws/install/robotiq_3f_description/bin'
[0.528s] Level 1:colcon.colcon_core.environment:checking '/home/user/research_ws/ur10_pick_place_ws/install/robotiq_3f_description/lib/pkgconfig/robotiq_3f_description.pc'
[0.529s] Level 1:colcon.colcon_core.environment:checking '/home/user/research_ws/ur10_pick_place_ws/install/robotiq_3f_description/lib/python3.10/site-packages'
[0.529s] Level 1:colcon.colcon_core.environment:checking '/home/user/research_ws/ur10_pick_place_ws/install/robotiq_3f_description/bin'
[0.529s] INFO:colcon.colcon_core.shell:Creating package script '/home/user/research_ws/ur10_pick_place_ws/install/robotiq_3f_description/share/robotiq_3f_description/package.ps1'
[0.529s] INFO:colcon.colcon_core.shell:Creating package descriptor '/home/user/research_ws/ur10_pick_place_ws/install/robotiq_3f_description/share/robotiq_3f_description/package.dsv'
[0.530s] INFO:colcon.colcon_core.shell:Creating package script '/home/user/research_ws/ur10_pick_place_ws/install/robotiq_3f_description/share/robotiq_3f_description/package.sh'
[0.530s] INFO:colcon.colcon_core.shell:Creating package script '/home/user/research_ws/ur10_pick_place_ws/install/robotiq_3f_description/share/robotiq_3f_description/package.bash'
[0.530s] INFO:colcon.colcon_core.shell:Creating package script '/home/user/research_ws/ur10_pick_place_ws/install/robotiq_3f_description/share/robotiq_3f_description/package.zsh'
[0.530s] Level 1:colcon.colcon_core.environment:create_file_with_runtime_dependencies(/home/user/research_ws/ur10_pick_place_ws/install/robotiq_3f_description/share/colcon-core/packages/robotiq_3f_description)
[0.531s] DEBUG:colcon.colcon_core.event_handler.log_command:Invoked command in '/home/user/research_ws/ur10_pick_place_ws/build/robotiq_controllers' returned '0': CMAKE_PREFIX_PATH=/opt/ros/humble /usr/bin/cmake --build /home/user/research_ws/ur10_pick_place_ws/build/robotiq_controllers -- -j32 -l32
[0.532s] DEBUG:colcon.colcon_core.event_handler.log_command:Invoking command in '/home/user/research_ws/ur10_pick_place_ws/build/robotiq_controllers': CMAKE_PREFIX_PATH=/opt/ros/humble /usr/bin/cmake --install /home/user/research_ws/ur10_pick_place_ws/build/robotiq_controllers
[0.541s] Level 1:colcon.colcon_core.environment:create_environment_scripts_only(robotiq_controllers)
[0.541s] DEBUG:colcon.colcon_core.event_handler.log_command:Invoked command in '/home/user/research_ws/ur10_pick_place_ws/build/robotiq_controllers' returned '0': CMAKE_PREFIX_PATH=/opt/ros/humble /usr/bin/cmake --install /home/user/research_ws/ur10_pick_place_ws/build/robotiq_controllers
[0.541s] Level 1:colcon.colcon_core.environment:checking '/home/user/research_ws/ur10_pick_place_ws/install/robotiq_controllers' for CMake module files
[0.542s] Level 1:colcon.colcon_core.environment:checking '/home/user/research_ws/ur10_pick_place_ws/install/robotiq_controllers' for CMake config files
[0.542s] Level 1:colcon.colcon_core.shell:create_environment_hook('robotiq_controllers', 'cmake_prefix_path')
[0.543s] INFO:colcon.colcon_core.shell:Creating environment hook '/home/user/research_ws/ur10_pick_place_ws/install/robotiq_controllers/share/robotiq_controllers/hook/cmake_prefix_path.ps1'
[0.543s] INFO:colcon.colcon_core.shell:Creating environment descriptor '/home/user/research_ws/ur10_pick_place_ws/install/robotiq_controllers/share/robotiq_controllers/hook/cmake_prefix_path.dsv'
[0.543s] INFO:colcon.colcon_core.shell:Creating environment hook '/home/user/research_ws/ur10_pick_place_ws/install/robotiq_controllers/share/robotiq_controllers/hook/cmake_prefix_path.sh'
[0.544s] Level 1:colcon.colcon_core.environment:checking '/home/user/research_ws/ur10_pick_place_ws/install/robotiq_controllers/lib'
[0.544s] Level 1:colcon.colcon_core.shell:create_environment_hook('robotiq_controllers', 'ld_library_path_lib')
[0.544s] INFO:colcon.colcon_core.shell:Creating environment hook '/home/user/research_ws/ur10_pick_place_ws/install/robotiq_controllers/share/robotiq_controllers/hook/ld_library_path_lib.ps1'
[0.545s] INFO:colcon.colcon_core.shell:Creating environment descriptor '/home/user/research_ws/ur10_pick_place_ws/install/robotiq_controllers/share/robotiq_controllers/hook/ld_library_path_lib.dsv'
[0.545s] INFO:colcon.colcon_core.shell:Creating environment hook '/home/user/research_ws/ur10_pick_place_ws/install/robotiq_controllers/share/robotiq_controllers/hook/ld_library_path_lib.sh'
[0.545s] Level 1:colcon.colcon_core.environment:checking '/home/user/research_ws/ur10_pick_place_ws/install/robotiq_controllers/bin'
[0.545s] Level 1:colcon.colcon_core.environment:checking '/home/user/research_ws/ur10_pick_place_ws/install/robotiq_controllers/lib/pkgconfig/robotiq_controllers.pc'
[0.545s] Level 1:colcon.colcon_core.environment:checking '/home/user/research_ws/ur10_pick_place_ws/install/robotiq_controllers/lib/python3.10/site-packages'
[0.546s] Level 1:colcon.colcon_core.environment:checking '/home/user/research_ws/ur10_pick_place_ws/install/robotiq_controllers/bin'
[0.546s] INFO:colcon.colcon_core.shell:Creating package script '/home/user/research_ws/ur10_pick_place_ws/install/robotiq_controllers/share/robotiq_controllers/package.ps1'
[0.546s] INFO:colcon.colcon_core.shell:Creating package descriptor '/home/user/research_ws/ur10_pick_place_ws/install/robotiq_controllers/share/robotiq_controllers/package.dsv'
[0.547s] INFO:colcon.colcon_core.shell:Creating package script '/home/user/research_ws/ur10_pick_place_ws/install/robotiq_controllers/share/robotiq_controllers/package.sh'
[0.547s] INFO:colcon.colcon_core.shell:Creating package script '/home/user/research_ws/ur10_pick_place_ws/install/robotiq_controllers/share/robotiq_controllers/package.bash'
[0.547s] INFO:colcon.colcon_core.shell:Creating package script '/home/user/research_ws/ur10_pick_place_ws/install/robotiq_controllers/share/robotiq_controllers/package.zsh'
[0.547s] Level 1:colcon.colcon_core.environment:create_file_with_runtime_dependencies(/home/user/research_ws/ur10_pick_place_ws/install/robotiq_controllers/share/colcon-core/packages/robotiq_controllers)
[0.548s] Level 1:colcon.colcon_core.environment:create_environment_scripts_only(robotiq_controllers)
[0.548s] Level 1:colcon.colcon_core.environment:checking '/home/user/research_ws/ur10_pick_place_ws/install/robotiq_controllers' for CMake module files
[0.548s] Level 1:colcon.colcon_core.environment:checking '/home/user/research_ws/ur10_pick_place_ws/install/robotiq_controllers' for CMake config files
[0.548s] Level 1:colcon.colcon_core.shell:create_environment_hook('robotiq_controllers', 'cmake_prefix_path')
[0.549s] INFO:colcon.colcon_core.shell:Creating environment hook '/home/user/research_ws/ur10_pick_place_ws/install/robotiq_controllers/share/robotiq_controllers/hook/cmake_prefix_path.ps1'
[0.549s] INFO:colcon.colcon_core.shell:Creating environment descriptor '/home/user/research_ws/ur10_pick_place_ws/install/robotiq_controllers/share/robotiq_controllers/hook/cmake_prefix_path.dsv'
[0.549s] INFO:colcon.colcon_core.shell:Creating environment hook '/home/user/research_ws/ur10_pick_place_ws/install/robotiq_controllers/share/robotiq_controllers/hook/cmake_prefix_path.sh'
[0.550s] Level 1:colcon.colcon_core.environment:checking '/home/user/research_ws/ur10_pick_place_ws/install/robotiq_controllers/lib'
[0.550s] Level 1:colcon.colcon_core.shell:create_environment_hook('robotiq_controllers', 'ld_library_path_lib')
[0.550s] INFO:colcon.colcon_core.shell:Creating environment hook '/home/user/research_ws/ur10_pick_place_ws/install/robotiq_controllers/share/robotiq_controllers/hook/ld_library_path_lib.ps1'
[0.550s] INFO:colcon.colcon_core.shell:Creating environment descriptor '/home/user/research_ws/ur10_pick_place_ws/install/robotiq_controllers/share/robotiq_controllers/hook/ld_library_path_lib.dsv'
[0.551s] INFO:colcon.colcon_core.shell:Creating environment hook '/home/user/research_ws/ur10_pick_place_ws/install/robotiq_controllers/share/robotiq_controllers/hook/ld_library_path_lib.sh'
[0.551s] Level 1:colcon.colcon_core.environment:checking '/home/user/research_ws/ur10_pick_place_ws/install/robotiq_controllers/bin'
[0.551s] Level 1:colcon.colcon_core.environment:checking '/home/user/research_ws/ur10_pick_place_ws/install/robotiq_controllers/lib/pkgconfig/robotiq_controllers.pc'
[0.551s] Level 1:colcon.colcon_core.environment:checking '/home/user/research_ws/ur10_pick_place_ws/install/robotiq_controllers/lib/python3.10/site-packages'
[0.551s] Level 1:colcon.colcon_core.environment:checking '/home/user/research_ws/ur10_pick_place_ws/install/robotiq_controllers/bin'
[0.552s] INFO:colcon.colcon_core.shell:Creating package script '/home/user/research_ws/ur10_pick_place_ws/install/robotiq_controllers/share/robotiq_controllers/package.ps1'
[0.552s] INFO:colcon.colcon_core.shell:Creating package descriptor '/home/user/research_ws/ur10_pick_place_ws/install/robotiq_controllers/share/robotiq_controllers/package.dsv'
[0.553s] INFO:colcon.colcon_core.shell:Creating package script '/home/user/research_ws/ur10_pick_place_ws/install/robotiq_controllers/share/robotiq_controllers/package.sh'
[0.553s] INFO:colcon.colcon_core.shell:Creating package script '/home/user/research_ws/ur10_pick_place_ws/install/robotiq_controllers/share/robotiq_controllers/package.bash'
[0.553s] INFO:colcon.colcon_core.shell:Creating package script '/home/user/research_ws/ur10_pick_place_ws/install/robotiq_controllers/share/robotiq_controllers/package.zsh'
[0.554s] Level 1:colcon.colcon_core.environment:create_file_with_runtime_dependencies(/home/user/research_ws/ur10_pick_place_ws/install/robotiq_controllers/share/colcon-core/packages/robotiq_controllers)
[0.679s] DEBUG:colcon.colcon_core.event_handler.log_command:Invoked command in '/home/user/research_ws/ur10_pick_place_ws/build/linkattacher_msgs' returned '0': CMAKE_PREFIX_PATH=/opt/ros/humble /usr/bin/cmake --build /home/user/research_ws/ur10_pick_place_ws/build/linkattacher_msgs -- -j32 -l32
[0.681s] DEBUG:colcon.colcon_core.event_handler.log_command:Invoking command in '/home/user/research_ws/ur10_pick_place_ws/build/linkattacher_msgs': CMAKE_PREFIX_PATH=/opt/ros/humble /usr/bin/cmake --install /home/user/research_ws/ur10_pick_place_ws/build/linkattacher_msgs
[0.682s] DEBUG:colcon.colcon_core.event_handler.log_command:Invoked command in '/home/user/research_ws/ur10_pick_place_ws/build/robotiq_3f_interfaces' returned '0': CMAKE_PREFIX_PATH=/opt/ros/humble /usr/bin/cmake --build /home/user/research_ws/ur10_pick_place_ws/build/robotiq_3f_interfaces -- -j32 -l32
[0.683s] DEBUG:colcon.colcon_core.event_handler.log_command:Invoking command in '/home/user/research_ws/ur10_pick_place_ws/build/robotiq_3f_interfaces': CMAKE_PREFIX_PATH=/opt/ros/humble /usr/bin/cmake --install /home/user/research_ws/ur10_pick_place_ws/build/robotiq_3f_interfaces
[0.729s] Level 1:colcon.colcon_core.environment:create_environment_scripts_only(linkattacher_msgs)
[0.729s] DEBUG:colcon.colcon_core.event_handler.log_command:Invoked command in '/home/user/research_ws/ur10_pick_place_ws/build/linkattacher_msgs' returned '0': CMAKE_PREFIX_PATH=/opt/ros/humble /usr/bin/cmake --install /home/user/research_ws/ur10_pick_place_ws/build/linkattacher_msgs
[0.729s] Level 1:colcon.colcon_core.environment:checking '/home/user/research_ws/ur10_pick_place_ws/install/linkattacher_msgs' for CMake module files
[0.730s] Level 1:colcon.colcon_core.environment:checking '/home/user/research_ws/ur10_pick_place_ws/install/linkattacher_msgs' for CMake config files
[0.730s] Level 1:colcon.colcon_core.shell:create_environment_hook('linkattacher_msgs', 'cmake_prefix_path')
[0.730s] INFO:colcon.colcon_core.shell:Creating environment hook '/home/user/research_ws/ur10_pick_place_ws/install/linkattacher_msgs/share/linkattacher_msgs/hook/cmake_prefix_path.ps1'
[0.731s] INFO:colcon.colcon_core.shell:Creating environment descriptor '/home/user/research_ws/ur10_pick_place_ws/install/linkattacher_msgs/share/linkattacher_msgs/hook/cmake_prefix_path.dsv'
[0.731s] INFO:colcon.colcon_core.shell:Creating environment hook '/home/user/research_ws/ur10_pick_place_ws/install/linkattacher_msgs/share/linkattacher_msgs/hook/cmake_prefix_path.sh'
[0.731s] Level 1:colcon.colcon_core.environment:checking '/home/user/research_ws/ur10_pick_place_ws/install/linkattacher_msgs/lib'
[0.731s] Level 1:colcon.colcon_core.shell:create_environment_hook('linkattacher_msgs', 'ld_library_path_lib')
[0.732s] INFO:colcon.colcon_core.shell:Creating environment hook '/home/user/research_ws/ur10_pick_place_ws/install/linkattacher_msgs/share/linkattacher_msgs/hook/ld_library_path_lib.ps1'
[0.732s] INFO:colcon.colcon_core.shell:Creating environment descriptor '/home/user/research_ws/ur10_pick_place_ws/install/linkattacher_msgs/share/linkattacher_msgs/hook/ld_library_path_lib.dsv'
[0.732s] INFO:colcon.colcon_core.shell:Creating environment hook '/home/user/research_ws/ur10_pick_place_ws/install/linkattacher_msgs/share/linkattacher_msgs/hook/ld_library_path_lib.sh'
[0.732s] Level 1:colcon.colcon_core.environment:checking '/home/user/research_ws/ur10_pick_place_ws/install/linkattacher_msgs/bin'
[0.732s] Level 1:colcon.colcon_core.environment:checking '/home/user/research_ws/ur10_pick_place_ws/install/linkattacher_msgs/lib/pkgconfig/linkattacher_msgs.pc'
[0.733s] Level 1:colcon.colcon_core.environment:checking '/home/user/research_ws/ur10_pick_place_ws/install/linkattacher_msgs/lib/python3.10/site-packages'
[0.733s] Level 1:colcon.colcon_core.environment:checking '/home/user/research_ws/ur10_pick_place_ws/install/linkattacher_msgs/bin'
[0.733s] INFO:colcon.colcon_core.shell:Creating package script '/home/user/research_ws/ur10_pick_place_ws/install/linkattacher_msgs/share/linkattacher_msgs/package.ps1'
[0.733s] INFO:colcon.colcon_core.shell:Creating package descriptor '/home/user/research_ws/ur10_pick_place_ws/install/linkattacher_msgs/share/linkattacher_msgs/package.dsv'
[0.734s] INFO:colcon.colcon_core.shell:Creating package script '/home/user/research_ws/ur10_pick_place_ws/install/linkattacher_msgs/share/linkattacher_msgs/package.sh'
[0.734s] INFO:colcon.colcon_core.shell:Creating package script '/home/user/research_ws/ur10_pick_place_ws/install/linkattacher_msgs/share/linkattacher_msgs/package.bash'
[0.734s] INFO:colcon.colcon_core.shell:Creating package script '/home/user/research_ws/ur10_pick_place_ws/install/linkattacher_msgs/share/linkattacher_msgs/package.zsh'
[0.734s] Level 1:colcon.colcon_core.environment:create_file_with_runtime_dependencies(/home/user/research_ws/ur10_pick_place_ws/install/linkattacher_msgs/share/colcon-core/packages/linkattacher_msgs)
[0.735s] Level 1:colcon.colcon_core.environment:create_environment_scripts_only(linkattacher_msgs)
[0.735s] Level 1:colcon.colcon_core.environment:checking '/home/user/research_ws/ur10_pick_place_ws/install/linkattacher_msgs' for CMake module files
[0.735s] Level 1:colcon.colcon_core.environment:checking '/home/user/research_ws/ur10_pick_place_ws/install/linkattacher_msgs' for CMake config files
[0.735s] Level 1:colcon.colcon_core.shell:create_environment_hook('linkattacher_msgs', 'cmake_prefix_path')
[0.736s] INFO:colcon.colcon_core.shell:Creating environment hook '/home/user/research_ws/ur10_pick_place_ws/install/linkattacher_msgs/share/linkattacher_msgs/hook/cmake_prefix_path.ps1'
[0.736s] INFO:colcon.colcon_core.shell:Creating environment descriptor '/home/user/research_ws/ur10_pick_place_ws/install/linkattacher_msgs/share/linkattacher_msgs/hook/cmake_prefix_path.dsv'
[0.736s] INFO:colcon.colcon_core.shell:Creating environment hook '/home/user/research_ws/ur10_pick_place_ws/install/linkattacher_msgs/share/linkattacher_msgs/hook/cmake_prefix_path.sh'
[0.736s] Level 1:colcon.colcon_core.environment:checking '/home/user/research_ws/ur10_pick_place_ws/install/linkattacher_msgs/lib'
[0.736s] Level 1:colcon.colcon_core.shell:create_environment_hook('linkattacher_msgs', 'ld_library_path_lib')
[0.737s] INFO:colcon.colcon_core.shell:Creating environment hook '/home/user/research_ws/ur10_pick_place_ws/install/linkattacher_msgs/share/linkattacher_msgs/hook/ld_library_path_lib.ps1'
[0.737s] INFO:colcon.colcon_core.shell:Creating environment descriptor '/home/user/research_ws/ur10_pick_place_ws/install/linkattacher_msgs/share/linkattacher_msgs/hook/ld_library_path_lib.dsv'
[0.737s] INFO:colcon.colcon_core.shell:Creating environment hook '/home/user/research_ws/ur10_pick_place_ws/install/linkattacher_msgs/share/linkattacher_msgs/hook/ld_library_path_lib.sh'
[0.737s] Level 1:colcon.colcon_core.environment:checking '/home/user/research_ws/ur10_pick_place_ws/install/linkattacher_msgs/bin'
[0.737s] Level 1:colcon.colcon_core.environment:checking '/home/user/research_ws/ur10_pick_place_ws/install/linkattacher_msgs/lib/pkgconfig/linkattacher_msgs.pc'
[0.738s] Level 1:colcon.colcon_core.environment:checking '/home/user/research_ws/ur10_pick_place_ws/install/linkattacher_msgs/lib/python3.10/site-packages'
[0.738s] Level 1:colcon.colcon_core.environment:checking '/home/user/research_ws/ur10_pick_place_ws/install/linkattacher_msgs/bin'
[0.738s] INFO:colcon.colcon_core.shell:Creating package script '/home/user/research_ws/ur10_pick_place_ws/install/linkattacher_msgs/share/linkattacher_msgs/package.ps1'
[0.738s] INFO:colcon.colcon_core.shell:Creating package descriptor '/home/user/research_ws/ur10_pick_place_ws/install/linkattacher_msgs/share/linkattacher_msgs/package.dsv'
[0.739s] INFO:colcon.colcon_core.shell:Creating package script '/home/user/research_ws/ur10_pick_place_ws/install/linkattacher_msgs/share/linkattacher_msgs/package.sh'
[0.739s] INFO:colcon.colcon_core.shell:Creating package script '/home/user/research_ws/ur10_pick_place_ws/install/linkattacher_msgs/share/linkattacher_msgs/package.bash'
[0.740s] INFO:colcon.colcon_core.shell:Creating package script '/home/user/research_ws/ur10_pick_place_ws/install/linkattacher_msgs/share/linkattacher_msgs/package.zsh'
[0.740s] Level 1:colcon.colcon_core.environment:create_file_with_runtime_dependencies(/home/user/research_ws/ur10_pick_place_ws/install/linkattacher_msgs/share/colcon-core/packages/linkattacher_msgs)
[0.740s] Level 1:colcon.colcon_core.environment:create_environment_scripts_only(robotiq_3f_interfaces)
[0.740s] Level 1:colcon.colcon_core.environment:checking '/home/user/research_ws/ur10_pick_place_ws/install/robotiq_3f_interfaces' for CMake module files
[0.741s] DEBUG:colcon.colcon_core.event_handler.log_command:Invoked command in '/home/user/research_ws/ur10_pick_place_ws/build/robotiq_3f_interfaces' returned '0': CMAKE_PREFIX_PATH=/opt/ros/humble /usr/bin/cmake --install /home/user/research_ws/ur10_pick_place_ws/build/robotiq_3f_interfaces
[0.741s] Level 1:colcon.colcon_core.environment:checking '/home/user/research_ws/ur10_pick_place_ws/install/robotiq_3f_interfaces' for CMake config files
[0.741s] Level 1:colcon.colcon_core.shell:create_environment_hook('robotiq_3f_interfaces', 'cmake_prefix_path')
[0.741s] INFO:colcon.colcon_core.shell:Creating environment hook '/home/user/research_ws/ur10_pick_place_ws/install/robotiq_3f_interfaces/share/robotiq_3f_interfaces/hook/cmake_prefix_path.ps1'
[0.742s] INFO:colcon.colcon_core.shell:Creating environment descriptor '/home/user/research_ws/ur10_pick_place_ws/install/robotiq_3f_interfaces/share/robotiq_3f_interfaces/hook/cmake_prefix_path.dsv'
[0.742s] INFO:colcon.colcon_core.shell:Creating environment hook '/home/user/research_ws/ur10_pick_place_ws/install/robotiq_3f_interfaces/share/robotiq_3f_interfaces/hook/cmake_prefix_path.sh'
[0.742s] Level 1:colcon.colcon_core.environment:checking '/home/user/research_ws/ur10_pick_place_ws/install/robotiq_3f_interfaces/lib'
[0.742s] Level 1:colcon.colcon_core.shell:create_environment_hook('robotiq_3f_interfaces', 'ld_library_path_lib')
[0.743s] INFO:colcon.colcon_core.shell:Creating environment hook '/home/user/research_ws/ur10_pick_place_ws/install/robotiq_3f_interfaces/share/robotiq_3f_interfaces/hook/ld_library_path_lib.ps1'
[0.743s] INFO:colcon.colcon_core.shell:Creating environment descriptor '/home/user/research_ws/ur10_pick_place_ws/install/robotiq_3f_interfaces/share/robotiq_3f_interfaces/hook/ld_library_path_lib.dsv'
[0.743s] INFO:colcon.colcon_core.shell:Creating environment hook '/home/user/research_ws/ur10_pick_place_ws/install/robotiq_3f_interfaces/share/robotiq_3f_interfaces/hook/ld_library_path_lib.sh'
[0.743s] Level 1:colcon.colcon_core.environment:checking '/home/user/research_ws/ur10_pick_place_ws/install/robotiq_3f_interfaces/bin'
[0.743s] Level 1:colcon.colcon_core.environment:checking '/home/user/research_ws/ur10_pick_place_ws/install/robotiq_3f_interfaces/lib/pkgconfig/robotiq_3f_interfaces.pc'
[0.743s] Level 1:colcon.colcon_core.environment:checking '/home/user/research_ws/ur10_pick_place_ws/install/robotiq_3f_interfaces/lib/python3.10/site-packages'
[0.744s] Level 1:colcon.colcon_core.environment:checking '/home/user/research_ws/ur10_pick_place_ws/install/robotiq_3f_interfaces/bin'
[0.744s] INFO:colcon.colcon_core.shell:Creating package script '/home/user/research_ws/ur10_pick_place_ws/install/robotiq_3f_interfaces/share/robotiq_3f_interfaces/package.ps1'
[0.744s] INFO:colcon.colcon_core.shell:Creating package descriptor '/home/user/research_ws/ur10_pick_place_ws/install/robotiq_3f_interfaces/share/robotiq_3f_interfaces/package.dsv'
[0.745s] INFO:colcon.colcon_core.shell:Creating package script '/home/user/research_ws/ur10_pick_place_ws/install/robotiq_3f_interfaces/share/robotiq_3f_interfaces/package.sh'
[0.745s] INFO:colcon.colcon_core.shell:Creating package script '/home/user/research_ws/ur10_pick_place_ws/install/robotiq_3f_interfaces/share/robotiq_3f_interfaces/package.bash'
[0.745s] INFO:colcon.colcon_core.shell:Creating package script '/home/user/research_ws/ur10_pick_place_ws/install/robotiq_3f_interfaces/share/robotiq_3f_interfaces/package.zsh'
[0.745s] Level 1:colcon.colcon_core.environment:create_file_with_runtime_dependencies(/home/user/research_ws/ur10_pick_place_ws/install/robotiq_3f_interfaces/share/colcon-core/packages/robotiq_3f_interfaces)
[0.746s] Level 1:colcon.colcon_core.environment:create_environment_scripts_only(robotiq_3f_interfaces)
[0.746s] Level 1:colcon.colcon_core.environment:checking '/home/user/research_ws/ur10_pick_place_ws/install/robotiq_3f_interfaces' for CMake module files
[0.746s] Level 1:colcon.colcon_core.environment:checking '/home/user/research_ws/ur10_pick_place_ws/install/robotiq_3f_interfaces' for CMake config files
[0.747s] Level 1:colcon.colcon_core.shell:create_environment_hook('robotiq_3f_interfaces', 'cmake_prefix_path')
[0.747s] INFO:colcon.colcon_core.shell:Creating environment hook '/home/user/research_ws/ur10_pick_place_ws/install/robotiq_3f_interfaces/share/robotiq_3f_interfaces/hook/cmake_prefix_path.ps1'
[0.747s] INFO:colcon.colcon_core.shell:Creating environment descriptor '/home/user/research_ws/ur10_pick_place_ws/install/robotiq_3f_interfaces/share/robotiq_3f_interfaces/hook/cmake_prefix_path.dsv'
[0.747s] INFO:colcon.colcon_core.shell:Creating environment hook '/home/user/research_ws/ur10_pick_place_ws/install/robotiq_3f_interfaces/share/robotiq_3f_interfaces/hook/cmake_prefix_path.sh'
[0.748s] Level 1:colcon.colcon_core.environment:checking '/home/user/research_ws/ur10_pick_place_ws/install/robotiq_3f_interfaces/lib'
[0.748s] Level 1:colcon.colcon_core.shell:create_environment_hook('robotiq_3f_interfaces', 'ld_library_path_lib')
[0.748s] INFO:colcon.colcon_core.shell:Creating environment hook '/home/user/research_ws/ur10_pick_place_ws/install/robotiq_3f_interfaces/share/robotiq_3f_interfaces/hook/ld_library_path_lib.ps1'
[0.748s] INFO:colcon.colcon_core.shell:Creating environment descriptor '/home/user/research_ws/ur10_pick_place_ws/install/robotiq_3f_interfaces/share/robotiq_3f_interfaces/hook/ld_library_path_lib.dsv'
[0.748s] INFO:colcon.colcon_core.shell:Creating environment hook '/home/user/research_ws/ur10_pick_place_ws/install/robotiq_3f_interfaces/share/robotiq_3f_interfaces/hook/ld_library_path_lib.sh'
[0.748s] Level 1:colcon.colcon_core.environment:checking '/home/user/research_ws/ur10_pick_place_ws/install/robotiq_3f_interfaces/bin'
[0.748s] Level 1:colcon.colcon_core.environment:checking '/home/user/research_ws/ur10_pick_place_ws/install/robotiq_3f_interfaces/lib/pkgconfig/robotiq_3f_interfaces.pc'
[0.748s] Level 1:colcon.colcon_core.environment:checking '/home/user/research_ws/ur10_pick_place_ws/install/robotiq_3f_interfaces/lib/python3.10/site-packages'
[0.749s] Level 1:colcon.colcon_core.environment:checking '/home/user/research_ws/ur10_pick_place_ws/install/robotiq_3f_interfaces/bin'
[0.749s] INFO:colcon.colcon_core.shell:Creating package script '/home/user/research_ws/ur10_pick_place_ws/install/robotiq_3f_interfaces/share/robotiq_3f_interfaces/package.ps1'
[0.749s] INFO:colcon.colcon_core.shell:Creating package descriptor '/home/user/research_ws/ur10_pick_place_ws/install/robotiq_3f_interfaces/share/robotiq_3f_interfaces/package.dsv'
[0.749s] INFO:colcon.colcon_core.shell:Creating package script '/home/user/research_ws/ur10_pick_place_ws/install/robotiq_3f_interfaces/share/robotiq_3f_interfaces/package.sh'
[0.750s] INFO:colcon.colcon_core.shell:Creating package script '/home/user/research_ws/ur10_pick_place_ws/install/robotiq_3f_interfaces/share/robotiq_3f_interfaces/package.bash'
[0.750s] INFO:colcon.colcon_core.shell:Creating package script '/home/user/research_ws/ur10_pick_place_ws/install/robotiq_3f_interfaces/share/robotiq_3f_interfaces/package.zsh'
[0.750s] Level 1:colcon.colcon_core.environment:create_file_with_runtime_dependencies(/home/user/research_ws/ur10_pick_place_ws/install/robotiq_3f_interfaces/share/colcon-core/packages/robotiq_3f_interfaces)
[0.750s] INFO:colcon.colcon_ros.task.ament_cmake.build:Building ROS package in '/home/user/research_ws/ur10_pick_place_ws/src/ur_yt_sim' with build type 'ament_cmake'
[0.750s] INFO:colcon.colcon_cmake.task.cmake.build:Building CMake package in '/home/user/research_ws/ur10_pick_place_ws/src/ur_yt_sim'
[0.750s] INFO:colcon.colcon_core.shell:Skip shell extension 'powershell' for command environment: Not usable outside of PowerShell
[0.750s] DEBUG:colcon.colcon_core.shell:Skip shell extension 'dsv' for command environment
[0.753s] INFO:colcon.colcon_ros.task.ament_cmake.build:Building ROS package in '/home/user/research_ws/ur10_pick_place_ws/src/linkattacher_plugin' with build type 'ament_cmake'
[0.753s] INFO:colcon.colcon_cmake.task.cmake.build:Building CMake package in '/home/user/research_ws/ur10_pick_place_ws/src/linkattacher_plugin'
[0.753s] INFO:colcon.colcon_core.shell:Skip shell extension 'powershell' for command environment: Not usable outside of PowerShell
[0.753s] DEBUG:colcon.colcon_core.shell:Skip shell extension 'dsv' for command environment
[0.759s] DEBUG:colcon.colcon_core.event_handler.log_command:Invoking command in '/home/user/research_ws/ur10_pick_place_ws/build/ur_yt_sim': AMENT_PREFIX_PATH=/home/user/research_ws/ur10_pick_place_ws/install/linkattacher_msgs:${AMENT_PREFIX_PATH} CMAKE_PREFIX_PATH=/home/user/research_ws/ur10_pick_place_ws/install/linkattacher_msgs:/opt/ros/humble LD_LIBRARY_PATH=/home/user/research_ws/ur10_pick_place_ws/install/linkattacher_msgs/lib:${LD_LIBRARY_PATH} PYTHONPATH=/home/user/research_ws/ur10_pick_place_ws/install/linkattacher_msgs/local/lib/python3.10/dist-packages:${PYTHONPATH} /usr/bin/cmake --build /home/user/research_ws/ur10_pick_place_ws/build/ur_yt_sim -- -j32 -l32
[0.761s] DEBUG:colcon.colcon_core.event_handler.log_command:Invoking command in '/home/user/research_ws/ur10_pick_place_ws/build/ros2_linkattacher': AMENT_PREFIX_PATH=/home/user/research_ws/ur10_pick_place_ws/install/linkattacher_msgs:${AMENT_PREFIX_PATH} CMAKE_PREFIX_PATH=/home/user/research_ws/ur10_pick_place_ws/install/linkattacher_msgs:/opt/ros/humble LD_LIBRARY_PATH=/home/user/research_ws/ur10_pick_place_ws/install/linkattacher_msgs/lib:${LD_LIBRARY_PATH} PYTHONPATH=/home/user/research_ws/ur10_pick_place_ws/install/linkattacher_msgs/local/lib/python3.10/dist-packages:${PYTHONPATH} /usr/bin/cmake --build /home/user/research_ws/ur10_pick_place_ws/build/ros2_linkattacher -- -j32 -l32
[0.853s] DEBUG:colcon.colcon_core.event_handler.log_command:Invoked command in '/home/user/research_ws/ur10_pick_place_ws/build/ros2_linkattacher' returned '0': AMENT_PREFIX_PATH=/home/user/research_ws/ur10_pick_place_ws/install/linkattacher_msgs:${AMENT_PREFIX_PATH} CMAKE_PREFIX_PATH=/home/user/research_ws/ur10_pick_place_ws/install/linkattacher_msgs:/opt/ros/humble LD_LIBRARY_PATH=/home/user/research_ws/ur10_pick_place_ws/install/linkattacher_msgs/lib:${LD_LIBRARY_PATH} PYTHONPATH=/home/user/research_ws/ur10_pick_place_ws/install/linkattacher_msgs/local/lib/python3.10/dist-packages:${PYTHONPATH} /usr/bin/cmake --build /home/user/research_ws/ur10_pick_place_ws/build/ros2_linkattacher -- -j32 -l32
[0.855s] DEBUG:colcon.colcon_core.event_handler.log_command:Invoking command in '/home/user/research_ws/ur10_pick_place_ws/build/ros2_linkattacher': AMENT_PREFIX_PATH=/home/user/research_ws/ur10_pick_place_ws/install/linkattacher_msgs:${AMENT_PREFIX_PATH} CMAKE_PREFIX_PATH=/home/user/research_ws/ur10_pick_place_ws/install/linkattacher_msgs:/opt/ros/humble LD_LIBRARY_PATH=/home/user/research_ws/ur10_pick_place_ws/install/linkattacher_msgs/lib:${LD_LIBRARY_PATH} PYTHONPATH=/home/user/research_ws/ur10_pick_place_ws/install/linkattacher_msgs/local/lib/python3.10/dist-packages:${PYTHONPATH} /usr/bin/cmake --install /home/user/research_ws/ur10_pick_place_ws/build/ros2_linkattacher
[0.856s] DEBUG:colcon.colcon_core.event_handler.log_command:Invoked command in '/home/user/research_ws/ur10_pick_place_ws/build/ur_yt_sim' returned '0': AMENT_PREFIX_PATH=/home/user/research_ws/ur10_pick_place_ws/install/linkattacher_msgs:${AMENT_PREFIX_PATH} CMAKE_PREFIX_PATH=/home/user/research_ws/ur10_pick_place_ws/install/linkattacher_msgs:/opt/ros/humble LD_LIBRARY_PATH=/home/user/research_ws/ur10_pick_place_ws/install/linkattacher_msgs/lib:${LD_LIBRARY_PATH} PYTHONPATH=/home/user/research_ws/ur10_pick_place_ws/install/linkattacher_msgs/local/lib/python3.10/dist-packages:${PYTHONPATH} /usr/bin/cmake --build /home/user/research_ws/ur10_pick_place_ws/build/ur_yt_sim -- -j32 -l32
[0.857s] DEBUG:colcon.colcon_core.event_handler.log_command:Invoking command in '/home/user/research_ws/ur10_pick_place_ws/build/ur_yt_sim': AMENT_PREFIX_PATH=/home/user/research_ws/ur10_pick_place_ws/install/linkattacher_msgs:${AMENT_PREFIX_PATH} CMAKE_PREFIX_PATH=/home/user/research_ws/ur10_pick_place_ws/install/linkattacher_msgs:/opt/ros/humble LD_LIBRARY_PATH=/home/user/research_ws/ur10_pick_place_ws/install/linkattacher_msgs/lib:${LD_LIBRARY_PATH} PYTHONPATH=/home/user/research_ws/ur10_pick_place_ws/install/linkattacher_msgs/local/lib/python3.10/dist-packages:${PYTHONPATH} /usr/bin/cmake --install /home/user/research_ws/ur10_pick_place_ws/build/ur_yt_sim
[0.862s] Level 1:colcon.colcon_core.environment:create_environment_scripts_only(ros2_linkattacher)
[0.862s] Level 1:colcon.colcon_core.environment:checking '/home/user/research_ws/ur10_pick_place_ws/install/ros2_linkattacher' for CMake module files
[0.863s] DEBUG:colcon.colcon_core.event_handler.log_command:Invoked command in '/home/user/research_ws/ur10_pick_place_ws/build/ros2_linkattacher' returned '0': AMENT_PREFIX_PATH=/home/user/research_ws/ur10_pick_place_ws/install/linkattacher_msgs:${AMENT_PREFIX_PATH} CMAKE_PREFIX_PATH=/home/user/research_ws/ur10_pick_place_ws/install/linkattacher_msgs:/opt/ros/humble LD_LIBRARY_PATH=/home/user/research_ws/ur10_pick_place_ws/install/linkattacher_msgs/lib:${LD_LIBRARY_PATH} PYTHONPATH=/home/user/research_ws/ur10_pick_place_ws/install/linkattacher_msgs/local/lib/python3.10/dist-packages:${PYTHONPATH} /usr/bin/cmake --install /home/user/research_ws/ur10_pick_place_ws/build/ros2_linkattacher
[0.866s] Level 1:colcon.colcon_core.environment:checking '/home/user/research_ws/ur10_pick_place_ws/install/ros2_linkattacher' for CMake config files
[0.866s] Level 1:colcon.colcon_core.shell:create_environment_hook('ros2_linkattacher', 'cmake_prefix_path')
[0.866s] INFO:colcon.colcon_core.shell:Creating environment hook '/home/user/research_ws/ur10_pick_place_ws/install/ros2_linkattacher/share/ros2_linkattacher/hook/cmake_prefix_path.ps1'
[0.867s] INFO:colcon.colcon_core.shell:Creating environment descriptor '/home/user/research_ws/ur10_pick_place_ws/install/ros2_linkattacher/share/ros2_linkattacher/hook/cmake_prefix_path.dsv'
[0.867s] INFO:colcon.colcon_core.shell:Creating environment hook '/home/user/research_ws/ur10_pick_place_ws/install/ros2_linkattacher/share/ros2_linkattacher/hook/cmake_prefix_path.sh'
[0.868s] Level 1:colcon.colcon_core.environment:checking '/home/user/research_ws/ur10_pick_place_ws/install/ros2_linkattacher/lib'
[0.868s] Level 1:colcon.colcon_core.shell:create_environment_hook('ros2_linkattacher', 'ld_library_path_lib')
[0.868s] INFO:colcon.colcon_core.shell:Creating environment hook '/home/user/research_ws/ur10_pick_place_ws/install/ros2_linkattacher/share/ros2_linkattacher/hook/ld_library_path_lib.ps1'
[0.869s] INFO:colcon.colcon_core.shell:Creating environment descriptor '/home/user/research_ws/ur10_pick_place_ws/install/ros2_linkattacher/share/ros2_linkattacher/hook/ld_library_path_lib.dsv'
[0.869s] INFO:colcon.colcon_core.shell:Creating environment hook '/home/user/research_ws/ur10_pick_place_ws/install/ros2_linkattacher/share/ros2_linkattacher/hook/ld_library_path_lib.sh'
[0.869s] Level 1:colcon.colcon_core.environment:checking '/home/user/research_ws/ur10_pick_place_ws/install/ros2_linkattacher/bin'
[0.869s] Level 1:colcon.colcon_core.environment:checking '/home/user/research_ws/ur10_pick_place_ws/install/ros2_linkattacher/lib/pkgconfig/ros2_linkattacher.pc'
[0.870s] Level 1:colcon.colcon_core.environment:checking '/home/user/research_ws/ur10_pick_place_ws/install/ros2_linkattacher/lib/python3.10/site-packages'
[0.870s] Level 1:colcon.colcon_core.environment:checking '/home/user/research_ws/ur10_pick_place_ws/install/ros2_linkattacher/bin'
[0.870s] INFO:colcon.colcon_core.shell:Creating package script '/home/user/research_ws/ur10_pick_place_ws/install/ros2_linkattacher/share/ros2_linkattacher/package.ps1'
[0.870s] INFO:colcon.colcon_core.shell:Creating package descriptor '/home/user/research_ws/ur10_pick_place_ws/install/ros2_linkattacher/share/ros2_linkattacher/package.dsv'
[0.870s] INFO:colcon.colcon_core.shell:Creating package script '/home/user/research_ws/ur10_pick_place_ws/install/ros2_linkattacher/share/ros2_linkattacher/package.sh'
[0.871s] INFO:colcon.colcon_core.shell:Creating package script '/home/user/research_ws/ur10_pick_place_ws/install/ros2_linkattacher/share/ros2_linkattacher/package.bash'
[0.871s] INFO:colcon.colcon_core.shell:Creating package script '/home/user/research_ws/ur10_pick_place_ws/install/ros2_linkattacher/share/ros2_linkattacher/package.zsh'
[0.871s] Level 1:colcon.colcon_core.environment:create_file_with_runtime_dependencies(/home/user/research_ws/ur10_pick_place_ws/install/ros2_linkattacher/share/colcon-core/packages/ros2_linkattacher)
[0.872s] Level 1:colcon.colcon_core.environment:create_environment_scripts_only(ros2_linkattacher)
[0.872s] Level 1:colcon.colcon_core.environment:checking '/home/user/research_ws/ur10_pick_place_ws/install/ros2_linkattacher' for CMake module files
[0.872s] Level 1:colcon.colcon_core.environment:checking '/home/user/research_ws/ur10_pick_place_ws/install/ros2_linkattacher' for CMake config files
[0.872s] Level 1:colcon.colcon_core.shell:create_environment_hook('ros2_linkattacher', 'cmake_prefix_path')
[0.872s] INFO:colcon.colcon_core.shell:Creating environment hook '/home/user/research_ws/ur10_pick_place_ws/install/ros2_linkattacher/share/ros2_linkattacher/hook/cmake_prefix_path.ps1'
[0.872s] INFO:colcon.colcon_core.shell:Creating environment descriptor '/home/user/research_ws/ur10_pick_place_ws/install/ros2_linkattacher/share/ros2_linkattacher/hook/cmake_prefix_path.dsv'
[0.873s] INFO:colcon.colcon_core.shell:Creating environment hook '/home/user/research_ws/ur10_pick_place_ws/install/ros2_linkattacher/share/ros2_linkattacher/hook/cmake_prefix_path.sh'
[0.873s] Level 1:colcon.colcon_core.environment:checking '/home/user/research_ws/ur10_pick_place_ws/install/ros2_linkattacher/lib'
[0.873s] Level 1:colcon.colcon_core.shell:create_environment_hook('ros2_linkattacher', 'ld_library_path_lib')
[0.873s] INFO:colcon.colcon_core.shell:Creating environment hook '/home/user/research_ws/ur10_pick_place_ws/install/ros2_linkattacher/share/ros2_linkattacher/hook/ld_library_path_lib.ps1'
[0.873s] INFO:colcon.colcon_core.shell:Creating environment descriptor '/home/user/research_ws/ur10_pick_place_ws/install/ros2_linkattacher/share/ros2_linkattacher/hook/ld_library_path_lib.dsv'
[0.873s] INFO:colcon.colcon_core.shell:Creating environment hook '/home/user/research_ws/ur10_pick_place_ws/install/ros2_linkattacher/share/ros2_linkattacher/hook/ld_library_path_lib.sh'
[0.874s] Level 1:colcon.colcon_core.environment:checking '/home/user/research_ws/ur10_pick_place_ws/install/ros2_linkattacher/bin'
[0.874s] Level 1:colcon.colcon_core.environment:checking '/home/user/research_ws/ur10_pick_place_ws/install/ros2_linkattacher/lib/pkgconfig/ros2_linkattacher.pc'
[0.874s] Level 1:colcon.colcon_core.environment:checking '/home/user/research_ws/ur10_pick_place_ws/install/ros2_linkattacher/lib/python3.10/site-packages'
[0.874s] Level 1:colcon.colcon_core.environment:checking '/home/user/research_ws/ur10_pick_place_ws/install/ros2_linkattacher/bin'
[0.874s] INFO:colcon.colcon_core.shell:Creating package script '/home/user/research_ws/ur10_pick_place_ws/install/ros2_linkattacher/share/ros2_linkattacher/package.ps1'
[0.875s] INFO:colcon.colcon_core.shell:Creating package descriptor '/home/user/research_ws/ur10_pick_place_ws/install/ros2_linkattacher/share/ros2_linkattacher/package.dsv'
[0.875s] INFO:colcon.colcon_core.shell:Creating package script '/home/user/research_ws/ur10_pick_place_ws/install/ros2_linkattacher/share/ros2_linkattacher/package.sh'
[0.875s] INFO:colcon.colcon_core.shell:Creating package script '/home/user/research_ws/ur10_pick_place_ws/install/ros2_linkattacher/share/ros2_linkattacher/package.bash'
[0.875s] INFO:colcon.colcon_core.shell:Creating package script '/home/user/research_ws/ur10_pick_place_ws/install/ros2_linkattacher/share/ros2_linkattacher/package.zsh'
[0.875s] Level 1:colcon.colcon_core.environment:create_file_with_runtime_dependencies(/home/user/research_ws/ur10_pick_place_ws/install/ros2_linkattacher/share/colcon-core/packages/ros2_linkattacher)
[0.876s] Level 1:colcon.colcon_core.environment:create_environment_scripts_only(ur_yt_sim)
[0.876s] Level 1:colcon.colcon_core.environment:checking '/home/user/research_ws/ur10_pick_place_ws/install/ur_yt_sim' for CMake module files
[0.877s] DEBUG:colcon.colcon_core.event_handler.log_command:Invoked command in '/home/user/research_ws/ur10_pick_place_ws/build/ur_yt_sim' returned '0': AMENT_PREFIX_PATH=/home/user/research_ws/ur10_pick_place_ws/install/linkattacher_msgs:${AMENT_PREFIX_PATH} CMAKE_PREFIX_PATH=/home/user/research_ws/ur10_pick_place_ws/install/linkattacher_msgs:/opt/ros/humble LD_LIBRARY_PATH=/home/user/research_ws/ur10_pick_place_ws/install/linkattacher_msgs/lib:${LD_LIBRARY_PATH} PYTHONPATH=/home/user/research_ws/ur10_pick_place_ws/install/linkattacher_msgs/local/lib/python3.10/dist-packages:${PYTHONPATH} /usr/bin/cmake --install /home/user/research_ws/ur10_pick_place_ws/build/ur_yt_sim
[0.877s] Level 1:colcon.colcon_core.environment:checking '/home/user/research_ws/ur10_pick_place_ws/install/ur_yt_sim' for CMake config files
[0.878s] Level 1:colcon.colcon_core.shell:create_environment_hook('ur_yt_sim', 'cmake_prefix_path')
[0.878s] INFO:colcon.colcon_core.shell:Creating environment hook '/home/user/research_ws/ur10_pick_place_ws/install/ur_yt_sim/share/ur_yt_sim/hook/cmake_prefix_path.ps1'
[0.878s] INFO:colcon.colcon_core.shell:Creating environment descriptor '/home/user/research_ws/ur10_pick_place_ws/install/ur_yt_sim/share/ur_yt_sim/hook/cmake_prefix_path.dsv'
[0.878s] INFO:colcon.colcon_core.shell:Creating environment hook '/home/user/research_ws/ur10_pick_place_ws/install/ur_yt_sim/share/ur_yt_sim/hook/cmake_prefix_path.sh'
[0.879s] Level 1:colcon.colcon_core.environment:checking '/home/user/research_ws/ur10_pick_place_ws/install/ur_yt_sim/lib'
[0.879s] Level 1:colcon.colcon_core.environment:checking '/home/user/research_ws/ur10_pick_place_ws/install/ur_yt_sim/bin'
[0.879s] Level 1:colcon.colcon_core.environment:checking '/home/user/research_ws/ur10_pick_place_ws/install/ur_yt_sim/lib/pkgconfig/ur_yt_sim.pc'
[0.879s] Level 1:colcon.colcon_core.environment:checking '/home/user/research_ws/ur10_pick_place_ws/install/ur_yt_sim/lib/python3.10/site-packages'
[0.879s] Level 1:colcon.colcon_core.environment:checking '/home/user/research_ws/ur10_pick_place_ws/install/ur_yt_sim/bin'
[0.879s] INFO:colcon.colcon_core.shell:Creating package script '/home/user/research_ws/ur10_pick_place_ws/install/ur_yt_sim/share/ur_yt_sim/package.ps1'
[0.880s] INFO:colcon.colcon_core.shell:Creating package descriptor '/home/user/research_ws/ur10_pick_place_ws/install/ur_yt_sim/share/ur_yt_sim/package.dsv'
[0.880s] INFO:colcon.colcon_core.shell:Creating package script '/home/user/research_ws/ur10_pick_place_ws/install/ur_yt_sim/share/ur_yt_sim/package.sh'
[0.880s] INFO:colcon.colcon_core.shell:Creating package script '/home/user/research_ws/ur10_pick_place_ws/install/ur_yt_sim/share/ur_yt_sim/package.bash'
[0.880s] INFO:colcon.colcon_core.shell:Creating package script '/home/user/research_ws/ur10_pick_place_ws/install/ur_yt_sim/share/ur_yt_sim/package.zsh'
[0.880s] Level 1:colcon.colcon_core.environment:create_file_with_runtime_dependencies(/home/user/research_ws/ur10_pick_place_ws/install/ur_yt_sim/share/colcon-core/packages/ur_yt_sim)
[0.881s] Level 1:colcon.colcon_core.environment:create_environment_scripts_only(ur_yt_sim)
[0.881s] Level 1:colcon.colcon_core.environment:checking '/home/user/research_ws/ur10_pick_place_ws/install/ur_yt_sim' for CMake module files
[0.881s] Level 1:colcon.colcon_core.environment:checking '/home/user/research_ws/ur10_pick_place_ws/install/ur_yt_sim' for CMake config files
[0.881s] Level 1:colcon.colcon_core.shell:create_environment_hook('ur_yt_sim', 'cmake_prefix_path')
[0.881s] INFO:colcon.colcon_core.shell:Creating environment hook '/home/user/research_ws/ur10_pick_place_ws/install/ur_yt_sim/share/ur_yt_sim/hook/cmake_prefix_path.ps1'
[0.882s] INFO:colcon.colcon_core.shell:Creating environment descriptor '/home/user/research_ws/ur10_pick_place_ws/install/ur_yt_sim/share/ur_yt_sim/hook/cmake_prefix_path.dsv'
[0.882s] INFO:colcon.colcon_core.shell:Creating environment hook '/home/user/research_ws/ur10_pick_place_ws/install/ur_yt_sim/share/ur_yt_sim/hook/cmake_prefix_path.sh'
[0.882s] Level 1:colcon.colcon_core.environment:checking '/home/user/research_ws/ur10_pick_place_ws/install/ur_yt_sim/lib'
[0.882s] Level 1:colcon.colcon_core.environment:checking '/home/user/research_ws/ur10_pick_place_ws/install/ur_yt_sim/bin'
[0.882s] Level 1:colcon.colcon_core.environment:checking '/home/user/research_ws/ur10_pick_place_ws/install/ur_yt_sim/lib/pkgconfig/ur_yt_sim.pc'
[0.882s] Level 1:colcon.colcon_core.environment:checking '/home/user/research_ws/ur10_pick_place_ws/install/ur_yt_sim/lib/python3.10/site-packages'
[0.882s] Level 1:colcon.colcon_core.environment:checking '/home/user/research_ws/ur10_pick_place_ws/install/ur_yt_sim/bin'
[0.883s] INFO:colcon.colcon_core.shell:Creating package script '/home/user/research_ws/ur10_pick_place_ws/install/ur_yt_sim/share/ur_yt_sim/package.ps1'
[0.883s] INFO:colcon.colcon_core.shell:Creating package descriptor '/home/user/research_ws/ur10_pick_place_ws/install/ur_yt_sim/share/ur_yt_sim/package.dsv'
[0.883s] INFO:colcon.colcon_core.shell:Creating package script '/home/user/research_ws/ur10_pick_place_ws/install/ur_yt_sim/share/ur_yt_sim/package.sh'
[0.883s] INFO:colcon.colcon_core.shell:Creating package script '/home/user/research_ws/ur10_pick_place_ws/install/ur_yt_sim/share/ur_yt_sim/package.bash'
[0.884s] INFO:colcon.colcon_core.shell:Creating package script '/home/user/research_ws/ur10_pick_place_ws/install/ur_yt_sim/share/ur_yt_sim/package.zsh'
[0.884s] Level 1:colcon.colcon_core.environment:create_file_with_runtime_dependencies(/home/user/research_ws/ur10_pick_place_ws/install/ur_yt_sim/share/colcon-core/packages/ur_yt_sim)
[0.884s] INFO:colcon.colcon_ros.task.ament_cmake.build:Building ROS package in '/home/user/research_ws/ur10_pick_place_ws/src/ur10_camera_gripper_moveit_config' with build type 'ament_cmake'
[0.884s] INFO:colcon.colcon_cmake.task.cmake.build:Building CMake package in '/home/user/research_ws/ur10_pick_place_ws/src/ur10_camera_gripper_moveit_config'
[0.884s] INFO:colcon.colcon_core.shell:Skip shell extension 'powershell' for command environment: Not usable outside of PowerShell
[0.884s] DEBUG:colcon.colcon_core.shell:Skip shell extension 'dsv' for command environment
[0.893s] DEBUG:colcon.colcon_core.event_handler.log_command:Invoking command in '/home/user/research_ws/ur10_pick_place_ws/build/ur10_camera_gripper_moveit_config': AMENT_PREFIX_PATH=/home/user/research_ws/ur10_pick_place_ws/install/ur_yt_sim:/home/user/research_ws/ur10_pick_place_ws/install/linkattacher_msgs:${AMENT_PREFIX_PATH} CMAKE_PREFIX_PATH=/home/user/research_ws/ur10_pick_place_ws/install/ur_yt_sim:/home/user/research_ws/ur10_pick_place_ws/install/linkattacher_msgs:/opt/ros/humble LD_LIBRARY_PATH=/home/user/research_ws/ur10_pick_place_ws/install/linkattacher_msgs/lib:${LD_LIBRARY_PATH} PYTHONPATH=/home/user/research_ws/ur10_pick_place_ws/install/linkattacher_msgs/local/lib/python3.10/dist-packages:${PYTHONPATH} /usr/bin/cmake --build /home/user/research_ws/ur10_pick_place_ws/build/ur10_camera_gripper_moveit_config -- -j32 -l32
[0.924s] DEBUG:colcon.colcon_core.event_handler.log_command:Invoked command in '/home/user/research_ws/ur10_pick_place_ws/build/ur10_camera_gripper_moveit_config' returned '0': AMENT_PREFIX_PATH=/home/user/research_ws/ur10_pick_place_ws/install/ur_yt_sim:/home/user/research_ws/ur10_pick_place_ws/install/linkattacher_msgs:${AMENT_PREFIX_PATH} CMAKE_PREFIX_PATH=/home/user/research_ws/ur10_pick_place_ws/install/ur_yt_sim:/home/user/research_ws/ur10_pick_place_ws/install/linkattacher_msgs:/opt/ros/humble LD_LIBRARY_PATH=/home/user/research_ws/ur10_pick_place_ws/install/linkattacher_msgs/lib:${LD_LIBRARY_PATH} PYTHONPATH=/home/user/research_ws/ur10_pick_place_ws/install/linkattacher_msgs/local/lib/python3.10/dist-packages:${PYTHONPATH} /usr/bin/cmake --build /home/user/research_ws/ur10_pick_place_ws/build/ur10_camera_gripper_moveit_config -- -j32 -l32
[0.925s] DEBUG:colcon.colcon_core.event_handler.log_command:Invoking command in '/home/user/research_ws/ur10_pick_place_ws/build/ur10_camera_gripper_moveit_config': AMENT_PREFIX_PATH=/home/user/research_ws/ur10_pick_place_ws/install/ur_yt_sim:/home/user/research_ws/ur10_pick_place_ws/install/linkattacher_msgs:${AMENT_PREFIX_PATH} CMAKE_PREFIX_PATH=/home/user/research_ws/ur10_pick_place_ws/install/ur_yt_sim:/home/user/research_ws/ur10_pick_place_ws/install/linkattacher_msgs:/opt/ros/humble LD_LIBRARY_PATH=/home/user/research_ws/ur10_pick_place_ws/install/linkattacher_msgs/lib:${LD_LIBRARY_PATH} PYTHONPATH=/home/user/research_ws/ur10_pick_place_ws/install/linkattacher_msgs/local/lib/python3.10/dist-packages:${PYTHONPATH} /usr/bin/cmake --install /home/user/research_ws/ur10_pick_place_ws/build/ur10_camera_gripper_moveit_config
[0.933s] Level 1:colcon.colcon_core.environment:create_environment_scripts_only(ur10_camera_gripper_moveit_config)
[0.933s] DEBUG:colcon.colcon_core.event_handler.log_command:Invoked command in '/home/user/research_ws/ur10_pick_place_ws/build/ur10_camera_gripper_moveit_config' returned '0': AMENT_PREFIX_PATH=/home/user/research_ws/ur10_pick_place_ws/install/ur_yt_sim:/home/user/research_ws/ur10_pick_place_ws/install/linkattacher_msgs:${AMENT_PREFIX_PATH} CMAKE_PREFIX_PATH=/home/user/research_ws/ur10_pick_place_ws/install/ur_yt_sim:/home/user/research_ws/ur10_pick_place_ws/install/linkattacher_msgs:/opt/ros/humble LD_LIBRARY_PATH=/home/user/research_ws/ur10_pick_place_ws/install/linkattacher_msgs/lib:${LD_LIBRARY_PATH} PYTHONPATH=/home/user/research_ws/ur10_pick_place_ws/install/linkattacher_msgs/local/lib/python3.10/dist-packages:${PYTHONPATH} /usr/bin/cmake --install /home/user/research_ws/ur10_pick_place_ws/build/ur10_camera_gripper_moveit_config
[0.934s] Level 1:colcon.colcon_core.environment:checking '/home/user/research_ws/ur10_pick_place_ws/install/ur10_camera_gripper_moveit_config' for CMake module files
[0.934s] Level 1:colcon.colcon_core.environment:checking '/home/user/research_ws/ur10_pick_place_ws/install/ur10_camera_gripper_moveit_config' for CMake config files
[0.935s] Level 1:colcon.colcon_core.shell:create_environment_hook('ur10_camera_gripper_moveit_config', 'cmake_prefix_path')
[0.935s] INFO:colcon.colcon_core.shell:Creating environment hook '/home/user/research_ws/ur10_pick_place_ws/install/ur10_camera_gripper_moveit_config/share/ur10_camera_gripper_moveit_config/hook/cmake_prefix_path.ps1'
[0.935s] INFO:colcon.colcon_core.shell:Creating environment descriptor '/home/user/research_ws/ur10_pick_place_ws/install/ur10_camera_gripper_moveit_config/share/ur10_camera_gripper_moveit_config/hook/cmake_prefix_path.dsv'
[0.935s] INFO:colcon.colcon_core.shell:Creating environment hook '/home/user/research_ws/ur10_pick_place_ws/install/ur10_camera_gripper_moveit_config/share/ur10_camera_gripper_moveit_config/hook/cmake_prefix_path.sh'
[0.936s] Level 1:colcon.colcon_core.environment:checking '/home/user/research_ws/ur10_pick_place_ws/install/ur10_camera_gripper_moveit_config/bin'
[0.936s] Level 1:colcon.colcon_core.environment:checking '/home/user/research_ws/ur10_pick_place_ws/install/ur10_camera_gripper_moveit_config/lib/pkgconfig/ur10_camera_gripper_moveit_config.pc'
[0.936s] Level 1:colcon.colcon_core.environment:checking '/home/user/research_ws/ur10_pick_place_ws/install/ur10_camera_gripper_moveit_config/lib/python3.10/site-packages'
[0.936s] Level 1:colcon.colcon_core.environment:checking '/home/user/research_ws/ur10_pick_place_ws/install/ur10_camera_gripper_moveit_config/bin'
[0.936s] INFO:colcon.colcon_core.shell:Creating package script '/home/user/research_ws/ur10_pick_place_ws/install/ur10_camera_gripper_moveit_config/share/ur10_camera_gripper_moveit_config/package.ps1'
[0.936s] INFO:colcon.colcon_core.shell:Creating package descriptor '/home/user/research_ws/ur10_pick_place_ws/install/ur10_camera_gripper_moveit_config/share/ur10_camera_gripper_moveit_config/package.dsv'
[0.937s] INFO:colcon.colcon_core.shell:Creating package script '/home/user/research_ws/ur10_pick_place_ws/install/ur10_camera_gripper_moveit_config/share/ur10_camera_gripper_moveit_config/package.sh'
[0.937s] INFO:colcon.colcon_core.shell:Creating package script '/home/user/research_ws/ur10_pick_place_ws/install/ur10_camera_gripper_moveit_config/share/ur10_camera_gripper_moveit_config/package.bash'
[0.937s] INFO:colcon.colcon_core.shell:Creating package script '/home/user/research_ws/ur10_pick_place_ws/install/ur10_camera_gripper_moveit_config/share/ur10_camera_gripper_moveit_config/package.zsh'
[0.937s] Level 1:colcon.colcon_core.environment:create_file_with_runtime_dependencies(/home/user/research_ws/ur10_pick_place_ws/install/ur10_camera_gripper_moveit_config/share/colcon-core/packages/ur10_camera_gripper_moveit_config)
[0.938s] Level 1:colcon.colcon_core.environment:create_environment_scripts_only(ur10_camera_gripper_moveit_config)
[0.938s] Level 1:colcon.colcon_core.environment:checking '/home/user/research_ws/ur10_pick_place_ws/install/ur10_camera_gripper_moveit_config' for CMake module files
[0.938s] Level 1:colcon.colcon_core.environment:checking '/home/user/research_ws/ur10_pick_place_ws/install/ur10_camera_gripper_moveit_config' for CMake config files
[0.938s] Level 1:colcon.colcon_core.shell:create_environment_hook('ur10_camera_gripper_moveit_config', 'cmake_prefix_path')
[0.938s] INFO:colcon.colcon_core.shell:Creating environment hook '/home/user/research_ws/ur10_pick_place_ws/install/ur10_camera_gripper_moveit_config/share/ur10_camera_gripper_moveit_config/hook/cmake_prefix_path.ps1'
[0.938s] INFO:colcon.colcon_core.shell:Creating environment descriptor '/home/user/research_ws/ur10_pick_place_ws/install/ur10_camera_gripper_moveit_config/share/ur10_camera_gripper_moveit_config/hook/cmake_prefix_path.dsv'
[0.939s] INFO:colcon.colcon_core.shell:Creating environment hook '/home/user/research_ws/ur10_pick_place_ws/install/ur10_camera_gripper_moveit_config/share/ur10_camera_gripper_moveit_config/hook/cmake_prefix_path.sh'
[0.939s] Level 1:colcon.colcon_core.environment:checking '/home/user/research_ws/ur10_pick_place_ws/install/ur10_camera_gripper_moveit_config/bin'
[0.939s] Level 1:colcon.colcon_core.environment:checking '/home/user/research_ws/ur10_pick_place_ws/install/ur10_camera_gripper_moveit_config/lib/pkgconfig/ur10_camera_gripper_moveit_config.pc'
[0.939s] Level 1:colcon.colcon_core.environment:checking '/home/user/research_ws/ur10_pick_place_ws/install/ur10_camera_gripper_moveit_config/lib/python3.10/site-packages'
[0.939s] Level 1:colcon.colcon_core.environment:checking '/home/user/research_ws/ur10_pick_place_ws/install/ur10_camera_gripper_moveit_config/bin'
[0.939s] INFO:colcon.colcon_core.shell:Creating package script '/home/user/research_ws/ur10_pick_place_ws/install/ur10_camera_gripper_moveit_config/share/ur10_camera_gripper_moveit_config/package.ps1'
[0.940s] INFO:colcon.colcon_core.shell:Creating package descriptor '/home/user/research_ws/ur10_pick_place_ws/install/ur10_camera_gripper_moveit_config/share/ur10_camera_gripper_moveit_config/package.dsv'
[0.940s] INFO:colcon.colcon_core.shell:Creating package script '/home/user/research_ws/ur10_pick_place_ws/install/ur10_camera_gripper_moveit_config/share/ur10_camera_gripper_moveit_config/package.sh'
[0.940s] INFO:colcon.colcon_core.shell:Creating package script '/home/user/research_ws/ur10_pick_place_ws/install/ur10_camera_gripper_moveit_config/share/ur10_camera_gripper_moveit_config/package.bash'
[0.940s] INFO:colcon.colcon_core.shell:Creating package script '/home/user/research_ws/ur10_pick_place_ws/install/ur10_camera_gripper_moveit_config/share/ur10_camera_gripper_moveit_config/package.zsh'
[0.941s] Level 1:colcon.colcon_core.environment:create_file_with_runtime_dependencies(/home/user/research_ws/ur10_pick_place_ws/install/ur10_camera_gripper_moveit_config/share/colcon-core/packages/ur10_camera_gripper_moveit_config)
[0.941s] DEBUG:colcon.colcon_parallel_executor.executor.parallel:closing loop
[0.941s] DEBUG:colcon.colcon_parallel_executor.executor.parallel:loop closed
[0.941s] DEBUG:colcon.colcon_parallel_executor.executor.parallel:run_until_complete finished with '0'
[0.941s] DEBUG:colcon.colcon_core.event_reactor:joining thread
[0.945s] INFO:colcon.colcon_core.plugin_system:Skipping extension 'colcon_notification.desktop_notification.terminal_notifier': Not used on non-Darwin systems
[0.945s] INFO:colcon.colcon_core.plugin_system:Skipping extension 'colcon_notification.desktop_notification.win32': Not used on non-Windows systems
[0.945s] INFO:colcon.colcon_notification.desktop_notification:Sending desktop notification using 'notify2'
[0.962s] DEBUG:colcon.colcon_core.event_reactor:joined thread
[0.963s] INFO:colcon.colcon_core.shell:Creating prefix script '/home/user/research_ws/ur10_pick_place_ws/install/local_setup.ps1'
[0.963s] INFO:colcon.colcon_core.shell:Creating prefix util module '/home/user/research_ws/ur10_pick_place_ws/install/_local_setup_util_ps1.py'
[0.964s] INFO:colcon.colcon_core.shell:Creating prefix chain script '/home/user/research_ws/ur10_pick_place_ws/install/setup.ps1'
[0.965s] INFO:colcon.colcon_core.shell:Creating prefix script '/home/user/research_ws/ur10_pick_place_ws/install/local_setup.sh'
[0.965s] INFO:colcon.colcon_core.shell:Creating prefix util module '/home/user/research_ws/ur10_pick_place_ws/install/_local_setup_util_sh.py'
[0.966s] INFO:colcon.colcon_core.shell:Creating prefix chain script '/home/user/research_ws/ur10_pick_place_ws/install/setup.sh'
[0.966s] INFO:colcon.colcon_core.shell:Creating prefix script '/home/user/research_ws/ur10_pick_place_ws/install/local_setup.bash'
[0.967s] INFO:colcon.colcon_core.shell:Creating prefix chain script '/home/user/research_ws/ur10_pick_place_ws/install/setup.bash'
[0.967s] INFO:colcon.colcon_core.shell:Creating prefix script '/home/user/research_ws/ur10_pick_place_ws/install/local_setup.zsh'
[0.968s] INFO:colcon.colcon_core.shell:Creating prefix chain script '/home/user/research_ws/ur10_pick_place_ws/install/setup.zsh'
