[0.281s] [34mcolcon[0m [1;30mDEBUG[0m [32mCommand line arguments: ['/usr/bin/colcon', 'build', '--cmake-args', '-DCMAKE_BUILD_TYPE=Release'][0m
[0.282s] [34mcolcon[0m [1;30mDEBUG[0m [32mParsed command line arguments: Namespace(log_base=None, log_level=None, verb_name='build', build_base='build', install_base='install', merge_install=False, symlink_install=False, test_result_base=None, continue_on_error=False, executor='parallel', parallel_workers=12, event_handlers=None, ignore_user_meta=False, metas=['./colcon.meta'], base_paths=['.'], packages_ignore=None, packages_ignore_regex=None, paths=None, packages_up_to=None, packages_up_to_regex=None, packages_above=None, packages_above_and_dependencies=None, packages_above_depth=None, packages_select_by_dep=None, packages_skip_by_dep=None, packages_skip_up_to=None, packages_select_build_failed=False, packages_skip_build_finished=False, packages_select_test_failures=False, packages_skip_test_passed=False, packages_select=None, packages_skip=None, packages_select_regex=None, packages_skip_regex=None, packages_start=None, packages_end=None, allow_overriding=[], cmake_args=['-DCMAKE_BUILD_TYPE=Release'], cmake_target=None, cmake_target_skip_unavailable=False, cmake_clean_cache=False, cmake_clean_first=False, cmake_force_configure=False, ament_cmake_args=None, catkin_cmake_args=None, catkin_skip_building_tests=False, mixin_files=None, mixin=None, verb_parser=<colcon_mixin.mixin.mixin_argument.MixinArgumentDecorator object at 0xffffb54a4f40>, verb_extension=<colcon_core.verb.build.BuildVerb object at 0xffffb54a49a0>, main=<bound method BuildVerb.main of <colcon_core.verb.build.BuildVerb object at 0xffffb54a49a0>>, mixin_verb=('build',))[0m
[0.761s] [34mcolcon.colcon_core.package_discovery[0m [1;30mLevel 1[0m discover_packages(colcon_meta) check parameters
[0.762s] [34mcolcon.colcon_core.package_discovery[0m [1;30mLevel 1[0m discover_packages(recursive) check parameters
[0.762s] [34mcolcon.colcon_core.package_discovery[0m [1;30mLevel 1[0m discover_packages(ignore) check parameters
[0.762s] [34mcolcon.colcon_core.package_discovery[0m [1;30mLevel 1[0m discover_packages(path) check parameters
[0.762s] [34mcolcon.colcon_core.package_discovery[0m [1;30mLevel 1[0m discover_packages(colcon_meta) discover
[0.762s] [34mcolcon.colcon_core.package_discovery[0m [1;30mLevel 1[0m discover_packages(recursive) discover
[0.762s] [34mcolcon.colcon_core.package_discovery[0m [1;30mINFO[0m Crawling recursively for packages in '/home/ubuntu/research_ws/ur10_pick_place_ws'
[0.762s] [34mcolcon.colcon_core.package_identification[0m [1;30mLevel 1[0m _identify(.) by extensions ['ignore', 'ignore_ament_install']
[0.763s] [34mcolcon.colcon_core.package_identification[0m [1;30mLevel 1[0m _identify(.) by extension 'ignore'
[0.763s] [34mcolcon.colcon_core.package_identification[0m [1;30mLevel 1[0m _identify(.) by extension 'ignore_ament_install'
[0.763s] [34mcolcon.colcon_core.package_identification[0m [1;30mLevel 1[0m _identify(.) by extensions ['colcon_pkg']
[0.763s] [34mcolcon.colcon_core.package_identification[0m [1;30mLevel 1[0m _identify(.) by extension 'colcon_pkg'
[0.763s] [34mcolcon.colcon_core.package_identification[0m [1;30mLevel 1[0m _identify(.) by extensions ['colcon_meta']
[0.763s] [34mcolcon.colcon_core.package_identification[0m [1;30mLevel 1[0m _identify(.) by extension 'colcon_meta'
[0.763s] [34mcolcon.colcon_core.package_identification[0m [1;30mLevel 1[0m _identify(.) by extensions ['ros']
[0.763s] [34mcolcon.colcon_core.package_identification[0m [1;30mLevel 1[0m _identify(.) by extension 'ros'
[0.786s] [34mcolcon.colcon_core.package_identification[0m [1;30mLevel 1[0m _identify(.) by extensions ['cmake', 'python']
[0.786s] [34mcolcon.colcon_core.package_identification[0m [1;30mLevel 1[0m _identify(.) by extension 'cmake'
[0.786s] [34mcolcon.colcon_core.package_identification[0m [1;30mLevel 1[0m _identify(.) by extension 'python'
[0.786s] [34mcolcon.colcon_core.package_identification[0m [1;30mLevel 1[0m _identify(.) by extensions ['python_setup_py']
[0.786s] [34mcolcon.colcon_core.package_identification[0m [1;30mLevel 1[0m _identify(.) by extension 'python_setup_py'
[0.787s] [34mcolcon.colcon_core.package_identification[0m [1;30mLevel 1[0m _identify(build) by extensions ['ignore', 'ignore_ament_install']
[0.787s] [34mcolcon.colcon_core.package_identification[0m [1;30mLevel 1[0m _identify(build) by extension 'ignore'
[0.787s] [34mcolcon.colcon_core.package_identification[0m [1;30mLevel 1[0m _identify(build) ignored
[0.787s] [34mcolcon.colcon_core.package_identification[0m [1;30mLevel 1[0m _identify(install) by extensions ['ignore', 'ignore_ament_install']
[0.788s] [34mcolcon.colcon_core.package_identification[0m [1;30mLevel 1[0m _identify(install) by extension 'ignore'
[0.788s] [34mcolcon.colcon_core.package_identification[0m [1;30mLevel 1[0m _identify(install) ignored
[0.788s] [34mcolcon.colcon_core.package_identification[0m [1;30mLevel 1[0m _identify(log) by extensions ['ignore', 'ignore_ament_install']
[0.788s] [34mcolcon.colcon_core.package_identification[0m [1;30mLevel 1[0m _identify(log) by extension 'ignore'
[0.788s] [34mcolcon.colcon_core.package_identification[0m [1;30mLevel 1[0m _identify(log) ignored
[0.788s] [34mcolcon.colcon_core.package_identification[0m [1;30mLevel 1[0m _identify(src) by extensions ['ignore', 'ignore_ament_install']
[0.789s] [34mcolcon.colcon_core.package_identification[0m [1;30mLevel 1[0m _identify(src) by extension 'ignore'
[0.789s] [34mcolcon.colcon_core.package_identification[0m [1;30mLevel 1[0m _identify(src) by extension 'ignore_ament_install'
[0.789s] [34mcolcon.colcon_core.package_identification[0m [1;30mLevel 1[0m _identify(src) by extensions ['colcon_pkg']
[0.789s] [34mcolcon.colcon_core.package_identification[0m [1;30mLevel 1[0m _identify(src) by extension 'colcon_pkg'
[0.789s] [34mcolcon.colcon_core.package_identification[0m [1;30mLevel 1[0m _identify(src) by extensions ['colcon_meta']
[0.789s] [34mcolcon.colcon_core.package_identification[0m [1;30mLevel 1[0m _identify(src) by extension 'colcon_meta'
[0.789s] [34mcolcon.colcon_core.package_identification[0m [1;30mLevel 1[0m _identify(src) by extensions ['ros']
[0.789s] [34mcolcon.colcon_core.package_identification[0m [1;30mLevel 1[0m _identify(src) by extension 'ros'
[0.789s] [34mcolcon.colcon_core.package_identification[0m [1;30mLevel 1[0m _identify(src) by extensions ['cmake', 'python']
[0.789s] [34mcolcon.colcon_core.package_identification[0m [1;30mLevel 1[0m _identify(src) by extension 'cmake'
[0.790s] [34mcolcon.colcon_core.package_identification[0m [1;30mLevel 1[0m _identify(src) by extension 'python'
[0.790s] [34mcolcon.colcon_core.package_identification[0m [1;30mLevel 1[0m _identify(src) by extensions ['python_setup_py']
[0.790s] [34mcolcon.colcon_core.package_identification[0m [1;30mLevel 1[0m _identify(src) by extension 'python_setup_py'
[0.790s] [34mcolcon.colcon_core.package_identification[0m [1;30mLevel 1[0m _identify(src/Universal_Robots_ROS2_Gazebo_Simulation) by extensions ['ignore', 'ignore_ament_install']
[0.790s] [34mcolcon.colcon_core.package_identification[0m [1;30mLevel 1[0m _identify(src/Universal_Robots_ROS2_Gazebo_Simulation) by extension 'ignore'
[0.790s] [34mcolcon.colcon_core.package_identification[0m [1;30mLevel 1[0m _identify(src/Universal_Robots_ROS2_Gazebo_Simulation) by extension 'ignore_ament_install'
[0.790s] [34mcolcon.colcon_core.package_identification[0m [1;30mLevel 1[0m _identify(src/Universal_Robots_ROS2_Gazebo_Simulation) by extensions ['colcon_pkg']
[0.790s] [34mcolcon.colcon_core.package_identification[0m [1;30mLevel 1[0m _identify(src/Universal_Robots_ROS2_Gazebo_Simulation) by extension 'colcon_pkg'
[0.791s] [34mcolcon.colcon_core.package_identification[0m [1;30mLevel 1[0m _identify(src/Universal_Robots_ROS2_Gazebo_Simulation) by extensions ['colcon_meta']
[0.791s] [34mcolcon.colcon_core.package_identification[0m [1;30mLevel 1[0m _identify(src/Universal_Robots_ROS2_Gazebo_Simulation) by extension 'colcon_meta'
[0.791s] [34mcolcon.colcon_core.package_identification[0m [1;30mLevel 1[0m _identify(src/Universal_Robots_ROS2_Gazebo_Simulation) by extensions ['ros']
[0.791s] [34mcolcon.colcon_core.package_identification[0m [1;30mLevel 1[0m _identify(src/Universal_Robots_ROS2_Gazebo_Simulation) by extension 'ros'
[0.791s] [34mcolcon.colcon_core.package_identification[0m [1;30mLevel 1[0m _identify(src/Universal_Robots_ROS2_Gazebo_Simulation) by extensions ['cmake', 'python']
[0.791s] [34mcolcon.colcon_core.package_identification[0m [1;30mLevel 1[0m _identify(src/Universal_Robots_ROS2_Gazebo_Simulation) by extension 'cmake'
[0.791s] [34mcolcon.colcon_core.package_identification[0m [1;30mLevel 1[0m _identify(src/Universal_Robots_ROS2_Gazebo_Simulation) by extension 'python'
[0.791s] [34mcolcon.colcon_core.package_identification[0m [1;30mLevel 1[0m _identify(src/Universal_Robots_ROS2_Gazebo_Simulation) by extensions ['python_setup_py']
[0.791s] [34mcolcon.colcon_core.package_identification[0m [1;30mLevel 1[0m _identify(src/Universal_Robots_ROS2_Gazebo_Simulation) by extension 'python_setup_py'
[0.792s] [34mcolcon.colcon_core.package_identification[0m [1;30mLevel 1[0m _identify(src/Universal_Robots_ROS2_Gazebo_Simulation/ur_simulation_gazebo) by extensions ['ignore', 'ignore_ament_install']
[0.792s] [34mcolcon.colcon_core.package_identification[0m [1;30mLevel 1[0m _identify(src/Universal_Robots_ROS2_Gazebo_Simulation/ur_simulation_gazebo) by extension 'ignore'
[0.792s] [34mcolcon.colcon_core.package_identification[0m [1;30mLevel 1[0m _identify(src/Universal_Robots_ROS2_Gazebo_Simulation/ur_simulation_gazebo) by extension 'ignore_ament_install'
[0.792s] [34mcolcon.colcon_core.package_identification[0m [1;30mLevel 1[0m _identify(src/Universal_Robots_ROS2_Gazebo_Simulation/ur_simulation_gazebo) by extensions ['colcon_pkg']
[0.792s] [34mcolcon.colcon_core.package_identification[0m [1;30mLevel 1[0m _identify(src/Universal_Robots_ROS2_Gazebo_Simulation/ur_simulation_gazebo) by extension 'colcon_pkg'
[0.792s] [34mcolcon.colcon_core.package_identification[0m [1;30mLevel 1[0m _identify(src/Universal_Robots_ROS2_Gazebo_Simulation/ur_simulation_gazebo) by extensions ['colcon_meta']
[0.792s] [34mcolcon.colcon_core.package_identification[0m [1;30mLevel 1[0m _identify(src/Universal_Robots_ROS2_Gazebo_Simulation/ur_simulation_gazebo) by extension 'colcon_meta'
[0.792s] [34mcolcon.colcon_core.package_identification[0m [1;30mLevel 1[0m _identify(src/Universal_Robots_ROS2_Gazebo_Simulation/ur_simulation_gazebo) by extensions ['ros']
[0.792s] [34mcolcon.colcon_core.package_identification[0m [1;30mLevel 1[0m _identify(src/Universal_Robots_ROS2_Gazebo_Simulation/ur_simulation_gazebo) by extension 'ros'
[0.800s] [34mcolcon.colcon_core.package_identification[0m [1;30mDEBUG[0m [32mPackage 'src/Universal_Robots_ROS2_Gazebo_Simulation/ur_simulation_gazebo' with type 'ros.ament_cmake' and name 'ur_simulation_gazebo'[0m
[0.800s] [34mcolcon.colcon_core.package_identification[0m [1;30mLevel 1[0m _identify(src/grasp_executor) by extensions ['ignore', 'ignore_ament_install']
[0.800s] [34mcolcon.colcon_core.package_identification[0m [1;30mLevel 1[0m _identify(src/grasp_executor) by extension 'ignore'
[0.801s] [34mcolcon.colcon_core.package_identification[0m [1;30mLevel 1[0m _identify(src/grasp_executor) by extension 'ignore_ament_install'
[0.801s] [34mcolcon.colcon_core.package_identification[0m [1;30mLevel 1[0m _identify(src/grasp_executor) by extensions ['colcon_pkg']
[0.801s] [34mcolcon.colcon_core.package_identification[0m [1;30mLevel 1[0m _identify(src/grasp_executor) by extension 'colcon_pkg'
[0.801s] [34mcolcon.colcon_core.package_identification[0m [1;30mLevel 1[0m _identify(src/grasp_executor) by extensions ['colcon_meta']
[0.801s] [34mcolcon.colcon_core.package_identification[0m [1;30mLevel 1[0m _identify(src/grasp_executor) by extension 'colcon_meta'
[0.801s] [34mcolcon.colcon_core.package_identification[0m [1;30mLevel 1[0m _identify(src/grasp_executor) by extensions ['ros']
[0.801s] [34mcolcon.colcon_core.package_identification[0m [1;30mLevel 1[0m _identify(src/grasp_executor) by extension 'ros'
[0.803s] [34mcolcon.colcon_core.package_identification[0m [1;30mDEBUG[0m [32mPackage 'src/grasp_executor' with type 'ros.ament_python' and name 'grasp_executor'[0m
[0.803s] [34mcolcon.colcon_core.package_identification[0m [1;30mLevel 1[0m _identify(src/linkattacher_msgs) by extensions ['ignore', 'ignore_ament_install']
[0.803s] [34mcolcon.colcon_core.package_identification[0m [1;30mLevel 1[0m _identify(src/linkattacher_msgs) by extension 'ignore'
[0.803s] [34mcolcon.colcon_core.package_identification[0m [1;30mLevel 1[0m _identify(src/linkattacher_msgs) by extension 'ignore_ament_install'
[0.803s] [34mcolcon.colcon_core.package_identification[0m [1;30mLevel 1[0m _identify(src/linkattacher_msgs) by extensions ['colcon_pkg']
[0.803s] [34mcolcon.colcon_core.package_identification[0m [1;30mLevel 1[0m _identify(src/linkattacher_msgs) by extension 'colcon_pkg'
[0.804s] [34mcolcon.colcon_core.package_identification[0m [1;30mLevel 1[0m _identify(src/linkattacher_msgs) by extensions ['colcon_meta']
[0.804s] [34mcolcon.colcon_core.package_identification[0m [1;30mLevel 1[0m _identify(src/linkattacher_msgs) by extension 'colcon_meta'
[0.804s] [34mcolcon.colcon_core.package_identification[0m [1;30mLevel 1[0m _identify(src/linkattacher_msgs) by extensions ['ros']
[0.804s] [34mcolcon.colcon_core.package_identification[0m [1;30mLevel 1[0m _identify(src/linkattacher_msgs) by extension 'ros'
[0.805s] [34mcolcon.colcon_core.package_identification[0m [1;30mDEBUG[0m [32mPackage 'src/linkattacher_msgs' with type 'ros.ament_cmake' and name 'linkattacher_msgs'[0m
[0.805s] [34mcolcon.colcon_core.package_identification[0m [1;30mLevel 1[0m _identify(src/linkattacher_plugin) by extensions ['ignore', 'ignore_ament_install']
[0.805s] [34mcolcon.colcon_core.package_identification[0m [1;30mLevel 1[0m _identify(src/linkattacher_plugin) by extension 'ignore'
[0.805s] [34mcolcon.colcon_core.package_identification[0m [1;30mLevel 1[0m _identify(src/linkattacher_plugin) by extension 'ignore_ament_install'
[0.806s] [34mcolcon.colcon_core.package_identification[0m [1;30mLevel 1[0m _identify(src/linkattacher_plugin) by extensions ['colcon_pkg']
[0.806s] [34mcolcon.colcon_core.package_identification[0m [1;30mLevel 1[0m _identify(src/linkattacher_plugin) by extension 'colcon_pkg'
[0.806s] [34mcolcon.colcon_core.package_identification[0m [1;30mLevel 1[0m _identify(src/linkattacher_plugin) by extensions ['colcon_meta']
[0.806s] [34mcolcon.colcon_core.package_identification[0m [1;30mLevel 1[0m _identify(src/linkattacher_plugin) by extension 'colcon_meta'
[0.806s] [34mcolcon.colcon_core.package_identification[0m [1;30mLevel 1[0m _identify(src/linkattacher_plugin) by extensions ['ros']
[0.806s] [34mcolcon.colcon_core.package_identification[0m [1;30mLevel 1[0m _identify(src/linkattacher_plugin) by extension 'ros'
[0.808s] [34mcolcon.colcon_core.package_identification[0m [1;30mDEBUG[0m [32mPackage 'src/linkattacher_plugin' with type 'ros.ament_cmake' and name 'ros2_linkattacher'[0m
[0.808s] [34mcolcon.colcon_core.package_identification[0m [1;30mLevel 1[0m _identify(src/ros2_robotiq_3f_gripper) by extensions ['ignore', 'ignore_ament_install']
[0.808s] [34mcolcon.colcon_core.package_identification[0m [1;30mLevel 1[0m _identify(src/ros2_robotiq_3f_gripper) by extension 'ignore'
[0.808s] [34mcolcon.colcon_core.package_identification[0m [1;30mLevel 1[0m _identify(src/ros2_robotiq_3f_gripper) by extension 'ignore_ament_install'
[0.808s] [34mcolcon.colcon_core.package_identification[0m [1;30mLevel 1[0m _identify(src/ros2_robotiq_3f_gripper) by extensions ['colcon_pkg']
[0.808s] [34mcolcon.colcon_core.package_identification[0m [1;30mLevel 1[0m _identify(src/ros2_robotiq_3f_gripper) by extension 'colcon_pkg'
[0.809s] [34mcolcon.colcon_core.package_identification[0m [1;30mLevel 1[0m _identify(src/ros2_robotiq_3f_gripper) by extensions ['colcon_meta']
[0.809s] [34mcolcon.colcon_core.package_identification[0m [1;30mLevel 1[0m _identify(src/ros2_robotiq_3f_gripper) by extension 'colcon_meta'
[0.809s] [34mcolcon.colcon_core.package_identification[0m [1;30mLevel 1[0m _identify(src/ros2_robotiq_3f_gripper) by extensions ['ros']
[0.809s] [34mcolcon.colcon_core.package_identification[0m [1;30mLevel 1[0m _identify(src/ros2_robotiq_3f_gripper) by extension 'ros'
[0.809s] [34mcolcon.colcon_core.package_identification[0m [1;30mLevel 1[0m _identify(src/ros2_robotiq_3f_gripper) by extensions ['cmake', 'python']
[0.809s] [34mcolcon.colcon_core.package_identification[0m [1;30mLevel 1[0m _identify(src/ros2_robotiq_3f_gripper) by extension 'cmake'
[0.809s] [34mcolcon.colcon_core.package_identification[0m [1;30mLevel 1[0m _identify(src/ros2_robotiq_3f_gripper) by extension 'python'
[0.809s] [34mcolcon.colcon_core.package_identification[0m [1;30mLevel 1[0m _identify(src/ros2_robotiq_3f_gripper) by extensions ['python_setup_py']
[0.809s] [34mcolcon.colcon_core.package_identification[0m [1;30mLevel 1[0m _identify(src/ros2_robotiq_3f_gripper) by extension 'python_setup_py'
[0.810s] [34mcolcon.colcon_core.package_identification[0m [1;30mLevel 1[0m _identify(src/ros2_robotiq_3f_gripper/robotiq_3f_description) by extensions ['ignore', 'ignore_ament_install']
[0.810s] [34mcolcon.colcon_core.package_identification[0m [1;30mLevel 1[0m _identify(src/ros2_robotiq_3f_gripper/robotiq_3f_description) by extension 'ignore'
[0.810s] [34mcolcon.colcon_core.package_identification[0m [1;30mLevel 1[0m _identify(src/ros2_robotiq_3f_gripper/robotiq_3f_description) by extension 'ignore_ament_install'
[0.810s] [34mcolcon.colcon_core.package_identification[0m [1;30mLevel 1[0m _identify(src/ros2_robotiq_3f_gripper/robotiq_3f_description) by extensions ['colcon_pkg']
[0.810s] [34mcolcon.colcon_core.package_identification[0m [1;30mLevel 1[0m _identify(src/ros2_robotiq_3f_gripper/robotiq_3f_description) by extension 'colcon_pkg'
[0.810s] [34mcolcon.colcon_core.package_identification[0m [1;30mLevel 1[0m _identify(src/ros2_robotiq_3f_gripper/robotiq_3f_description) by extensions ['colcon_meta']
[0.810s] [34mcolcon.colcon_core.package_identification[0m [1;30mLevel 1[0m _identify(src/ros2_robotiq_3f_gripper/robotiq_3f_description) by extension 'colcon_meta'
[0.810s] [34mcolcon.colcon_core.package_identification[0m [1;30mLevel 1[0m _identify(src/ros2_robotiq_3f_gripper/robotiq_3f_description) by extensions ['ros']
[0.810s] [34mcolcon.colcon_core.package_identification[0m [1;30mLevel 1[0m _identify(src/ros2_robotiq_3f_gripper/robotiq_3f_description) by extension 'ros'
[0.811s] [34mcolcon.colcon_core.package_identification[0m [1;30mDEBUG[0m [32mPackage 'src/ros2_robotiq_3f_gripper/robotiq_3f_description' with type 'ros.ament_cmake' and name 'robotiq_3f_description'[0m
[0.812s] [34mcolcon.colcon_core.package_identification[0m [1;30mLevel 1[0m _identify(src/ros2_robotiq_3f_gripper/robotiq_3f_driver) by extensions ['ignore', 'ignore_ament_install']
[0.812s] [34mcolcon.colcon_core.package_identification[0m [1;30mLevel 1[0m _identify(src/ros2_robotiq_3f_gripper/robotiq_3f_driver) by extension 'ignore'
[0.812s] [34mcolcon.colcon_core.package_identification[0m [1;30mLevel 1[0m _identify(src/ros2_robotiq_3f_gripper/robotiq_3f_driver) ignored
[0.812s] [34mcolcon.colcon_core.package_identification[0m [1;30mLevel 1[0m _identify(src/ros2_robotiq_3f_gripper/robotiq_3f_hardware_tests) by extensions ['ignore', 'ignore_ament_install']
[0.812s] [34mcolcon.colcon_core.package_identification[0m [1;30mLevel 1[0m _identify(src/ros2_robotiq_3f_gripper/robotiq_3f_hardware_tests) by extension 'ignore'
[0.813s] [34mcolcon.colcon_core.package_identification[0m [1;30mLevel 1[0m _identify(src/ros2_robotiq_3f_gripper/robotiq_3f_hardware_tests) ignored
[0.813s] [34mcolcon.colcon_core.package_identification[0m [1;30mLevel 1[0m _identify(src/ros2_robotiq_3f_gripper/robotiq_3f_interfaces) by extensions ['ignore', 'ignore_ament_install']
[0.813s] [34mcolcon.colcon_core.package_identification[0m [1;30mLevel 1[0m _identify(src/ros2_robotiq_3f_gripper/robotiq_3f_interfaces) by extension 'ignore'
[0.813s] [34mcolcon.colcon_core.package_identification[0m [1;30mLevel 1[0m _identify(src/ros2_robotiq_3f_gripper/robotiq_3f_interfaces) by extension 'ignore_ament_install'
[0.813s] [34mcolcon.colcon_core.package_identification[0m [1;30mLevel 1[0m _identify(src/ros2_robotiq_3f_gripper/robotiq_3f_interfaces) by extensions ['colcon_pkg']
[0.813s] [34mcolcon.colcon_core.package_identification[0m [1;30mLevel 1[0m _identify(src/ros2_robotiq_3f_gripper/robotiq_3f_interfaces) by extension 'colcon_pkg'
[0.813s] [34mcolcon.colcon_core.package_identification[0m [1;30mLevel 1[0m _identify(src/ros2_robotiq_3f_gripper/robotiq_3f_interfaces) by extensions ['colcon_meta']
[0.813s] [34mcolcon.colcon_core.package_identification[0m [1;30mLevel 1[0m _identify(src/ros2_robotiq_3f_gripper/robotiq_3f_interfaces) by extension 'colcon_meta'
[0.814s] [34mcolcon.colcon_core.package_identification[0m [1;30mLevel 1[0m _identify(src/ros2_robotiq_3f_gripper/robotiq_3f_interfaces) by extensions ['ros']
[0.814s] [34mcolcon.colcon_core.package_identification[0m [1;30mLevel 1[0m _identify(src/ros2_robotiq_3f_gripper/robotiq_3f_interfaces) by extension 'ros'
[0.815s] [34mcolcon.colcon_core.package_identification[0m [1;30mDEBUG[0m [32mPackage 'src/ros2_robotiq_3f_gripper/robotiq_3f_interfaces' with type 'ros.ament_cmake' and name 'robotiq_3f_interfaces'[0m
[0.815s] [34mcolcon.colcon_core.package_identification[0m [1;30mLevel 1[0m _identify(src/ros2_robotiq_3f_gripper/robotiq_3f_transmission_plugins) by extensions ['ignore', 'ignore_ament_install']
[0.815s] [34mcolcon.colcon_core.package_identification[0m [1;30mLevel 1[0m _identify(src/ros2_robotiq_3f_gripper/robotiq_3f_transmission_plugins) by extension 'ignore'
[0.815s] [34mcolcon.colcon_core.package_identification[0m [1;30mLevel 1[0m _identify(src/ros2_robotiq_3f_gripper/robotiq_3f_transmission_plugins) ignored
[0.816s] [34mcolcon.colcon_core.package_identification[0m [1;30mLevel 1[0m _identify(src/ros2_robotiq_gripper) by extensions ['ignore', 'ignore_ament_install']
[0.816s] [34mcolcon.colcon_core.package_identification[0m [1;30mLevel 1[0m _identify(src/ros2_robotiq_gripper) by extension 'ignore'
[0.816s] [34mcolcon.colcon_core.package_identification[0m [1;30mLevel 1[0m _identify(src/ros2_robotiq_gripper) by extension 'ignore_ament_install'
[0.816s] [34mcolcon.colcon_core.package_identification[0m [1;30mLevel 1[0m _identify(src/ros2_robotiq_gripper) by extensions ['colcon_pkg']
[0.816s] [34mcolcon.colcon_core.package_identification[0m [1;30mLevel 1[0m _identify(src/ros2_robotiq_gripper) by extension 'colcon_pkg'
[0.816s] [34mcolcon.colcon_core.package_identification[0m [1;30mLevel 1[0m _identify(src/ros2_robotiq_gripper) by extensions ['colcon_meta']
[0.816s] [34mcolcon.colcon_core.package_identification[0m [1;30mLevel 1[0m _identify(src/ros2_robotiq_gripper) by extension 'colcon_meta'
[0.816s] [34mcolcon.colcon_core.package_identification[0m [1;30mLevel 1[0m _identify(src/ros2_robotiq_gripper) by extensions ['ros']
[0.816s] [34mcolcon.colcon_core.package_identification[0m [1;30mLevel 1[0m _identify(src/ros2_robotiq_gripper) by extension 'ros'
[0.817s] [34mcolcon.colcon_core.package_identification[0m [1;30mLevel 1[0m _identify(src/ros2_robotiq_gripper) by extensions ['cmake', 'python']
[0.817s] [34mcolcon.colcon_core.package_identification[0m [1;30mLevel 1[0m _identify(src/ros2_robotiq_gripper) by extension 'cmake'
[0.817s] [34mcolcon.colcon_core.package_identification[0m [1;30mLevel 1[0m _identify(src/ros2_robotiq_gripper) by extension 'python'
[0.817s] [34mcolcon.colcon_core.package_identification[0m [1;30mLevel 1[0m _identify(src/ros2_robotiq_gripper) by extensions ['python_setup_py']
[0.817s] [34mcolcon.colcon_core.package_identification[0m [1;30mLevel 1[0m _identify(src/ros2_robotiq_gripper) by extension 'python_setup_py'
[0.817s] [34mcolcon.colcon_core.package_identification[0m [1;30mLevel 1[0m _identify(src/ros2_robotiq_gripper/robotiq_controllers) by extensions ['ignore', 'ignore_ament_install']
[0.817s] [34mcolcon.colcon_core.package_identification[0m [1;30mLevel 1[0m _identify(src/ros2_robotiq_gripper/robotiq_controllers) by extension 'ignore'
[0.817s] [34mcolcon.colcon_core.package_identification[0m [1;30mLevel 1[0m _identify(src/ros2_robotiq_gripper/robotiq_controllers) by extension 'ignore_ament_install'
[0.818s] [34mcolcon.colcon_core.package_identification[0m [1;30mLevel 1[0m _identify(src/ros2_robotiq_gripper/robotiq_controllers) by extensions ['colcon_pkg']
[0.818s] [34mcolcon.colcon_core.package_identification[0m [1;30mLevel 1[0m _identify(src/ros2_robotiq_gripper/robotiq_controllers) by extension 'colcon_pkg'
[0.818s] [34mcolcon.colcon_core.package_identification[0m [1;30mLevel 1[0m _identify(src/ros2_robotiq_gripper/robotiq_controllers) by extensions ['colcon_meta']
[0.818s] [34mcolcon.colcon_core.package_identification[0m [1;30mLevel 1[0m _identify(src/ros2_robotiq_gripper/robotiq_controllers) by extension 'colcon_meta'
[0.818s] [34mcolcon.colcon_core.package_identification[0m [1;30mLevel 1[0m _identify(src/ros2_robotiq_gripper/robotiq_controllers) by extensions ['ros']
[0.818s] [34mcolcon.colcon_core.package_identification[0m [1;30mLevel 1[0m _identify(src/ros2_robotiq_gripper/robotiq_controllers) by extension 'ros'
[0.819s] [34mcolcon.colcon_core.package_identification[0m [1;30mDEBUG[0m [32mPackage 'src/ros2_robotiq_gripper/robotiq_controllers' with type 'ros.ament_cmake' and name 'robotiq_controllers'[0m
[0.820s] [34mcolcon.colcon_core.package_identification[0m [1;30mLevel 1[0m _identify(src/ros2_robotiq_gripper/robotiq_description) by extensions ['ignore', 'ignore_ament_install']
[0.820s] [34mcolcon.colcon_core.package_identification[0m [1;30mLevel 1[0m _identify(src/ros2_robotiq_gripper/robotiq_description) by extension 'ignore'
[0.820s] [34mcolcon.colcon_core.package_identification[0m [1;30mLevel 1[0m _identify(src/ros2_robotiq_gripper/robotiq_description) by extension 'ignore_ament_install'
[0.820s] [34mcolcon.colcon_core.package_identification[0m [1;30mLevel 1[0m _identify(src/ros2_robotiq_gripper/robotiq_description) by extensions ['colcon_pkg']
[0.820s] [34mcolcon.colcon_core.package_identification[0m [1;30mLevel 1[0m _identify(src/ros2_robotiq_gripper/robotiq_description) by extension 'colcon_pkg'
[0.820s] [34mcolcon.colcon_core.package_identification[0m [1;30mLevel 1[0m _identify(src/ros2_robotiq_gripper/robotiq_description) by extensions ['colcon_meta']
[0.821s] [34mcolcon.colcon_core.package_identification[0m [1;30mLevel 1[0m _identify(src/ros2_robotiq_gripper/robotiq_description) by extension 'colcon_meta'
[0.821s] [34mcolcon.colcon_core.package_identification[0m [1;30mLevel 1[0m _identify(src/ros2_robotiq_gripper/robotiq_description) by extensions ['ros']
[0.821s] [34mcolcon.colcon_core.package_identification[0m [1;30mLevel 1[0m _identify(src/ros2_robotiq_gripper/robotiq_description) by extension 'ros'
[0.822s] [34mcolcon.colcon_core.package_identification[0m [1;30mDEBUG[0m [32mPackage 'src/ros2_robotiq_gripper/robotiq_description' with type 'ros.ament_cmake' and name 'robotiq_description'[0m
[0.822s] [34mcolcon.colcon_core.package_identification[0m [1;30mLevel 1[0m _identify(src/ur10_camera_gripper_moveit_config) by extensions ['ignore', 'ignore_ament_install']
[0.822s] [34mcolcon.colcon_core.package_identification[0m [1;30mLevel 1[0m _identify(src/ur10_camera_gripper_moveit_config) by extension 'ignore'
[0.823s] [34mcolcon.colcon_core.package_identification[0m [1;30mLevel 1[0m _identify(src/ur10_camera_gripper_moveit_config) by extension 'ignore_ament_install'
[0.823s] [34mcolcon.colcon_core.package_identification[0m [1;30mLevel 1[0m _identify(src/ur10_camera_gripper_moveit_config) by extensions ['colcon_pkg']
[0.823s] [34mcolcon.colcon_core.package_identification[0m [1;30mLevel 1[0m _identify(src/ur10_camera_gripper_moveit_config) by extension 'colcon_pkg'
[0.823s] [34mcolcon.colcon_core.package_identification[0m [1;30mLevel 1[0m _identify(src/ur10_camera_gripper_moveit_config) by extensions ['colcon_meta']
[0.823s] [34mcolcon.colcon_core.package_identification[0m [1;30mLevel 1[0m _identify(src/ur10_camera_gripper_moveit_config) by extension 'colcon_meta'
[0.823s] [34mcolcon.colcon_core.package_identification[0m [1;30mLevel 1[0m _identify(src/ur10_camera_gripper_moveit_config) by extensions ['ros']
[0.823s] [34mcolcon.colcon_core.package_identification[0m [1;30mLevel 1[0m _identify(src/ur10_camera_gripper_moveit_config) by extension 'ros'
[0.825s] [34mcolcon.colcon_core.package_identification[0m [1;30mDEBUG[0m [32mPackage 'src/ur10_camera_gripper_moveit_config' with type 'ros.ament_cmake' and name 'ur10_camera_gripper_moveit_config'[0m
[0.825s] [34mcolcon.colcon_core.package_identification[0m [1;30mLevel 1[0m _identify(src/ur10_camera_moveit_config) by extensions ['ignore', 'ignore_ament_install']
[0.825s] [34mcolcon.colcon_core.package_identification[0m [1;30mLevel 1[0m _identify(src/ur10_camera_moveit_config) by extension 'ignore'
[0.825s] [34mcolcon.colcon_core.package_identification[0m [1;30mLevel 1[0m _identify(src/ur10_camera_moveit_config) ignored
[0.825s] [34mcolcon.colcon_core.package_identification[0m [1;30mLevel 1[0m _identify(src/ur10_pick_place) by extensions ['ignore', 'ignore_ament_install']
[0.826s] [34mcolcon.colcon_core.package_identification[0m [1;30mLevel 1[0m _identify(src/ur10_pick_place) by extension 'ignore'
[0.826s] [34mcolcon.colcon_core.package_identification[0m [1;30mLevel 1[0m _identify(src/ur10_pick_place) by extension 'ignore_ament_install'
[0.826s] [34mcolcon.colcon_core.package_identification[0m [1;30mLevel 1[0m _identify(src/ur10_pick_place) by extensions ['colcon_pkg']
[0.826s] [34mcolcon.colcon_core.package_identification[0m [1;30mLevel 1[0m _identify(src/ur10_pick_place) by extension 'colcon_pkg'
[0.826s] [34mcolcon.colcon_core.package_identification[0m [1;30mLevel 1[0m _identify(src/ur10_pick_place) by extensions ['colcon_meta']
[0.826s] [34mcolcon.colcon_core.package_identification[0m [1;30mLevel 1[0m _identify(src/ur10_pick_place) by extension 'colcon_meta'
[0.826s] [34mcolcon.colcon_core.package_identification[0m [1;30mLevel 1[0m _identify(src/ur10_pick_place) by extensions ['ros']
[0.826s] [34mcolcon.colcon_core.package_identification[0m [1;30mLevel 1[0m _identify(src/ur10_pick_place) by extension 'ros'
[0.828s] [34mcolcon.colcon_core.package_identification[0m [1;30mDEBUG[0m [32mPackage 'src/ur10_pick_place' with type 'ros.ament_cmake' and name 'ur10_pick_place'[0m
[0.828s] [34mcolcon.colcon_core.package_identification[0m [1;30mLevel 1[0m _identify(src/ur_yt_sim) by extensions ['ignore', 'ignore_ament_install']
[0.828s] [34mcolcon.colcon_core.package_identification[0m [1;30mLevel 1[0m _identify(src/ur_yt_sim) by extension 'ignore'
[0.828s] [34mcolcon.colcon_core.package_identification[0m [1;30mLevel 1[0m _identify(src/ur_yt_sim) by extension 'ignore_ament_install'
[0.828s] [34mcolcon.colcon_core.package_identification[0m [1;30mLevel 1[0m _identify(src/ur_yt_sim) by extensions ['colcon_pkg']
[0.828s] [34mcolcon.colcon_core.package_identification[0m [1;30mLevel 1[0m _identify(src/ur_yt_sim) by extension 'colcon_pkg'
[0.829s] [34mcolcon.colcon_core.package_identification[0m [1;30mLevel 1[0m _identify(src/ur_yt_sim) by extensions ['colcon_meta']
[0.829s] [34mcolcon.colcon_core.package_identification[0m [1;30mLevel 1[0m _identify(src/ur_yt_sim) by extension 'colcon_meta'
[0.829s] [34mcolcon.colcon_core.package_identification[0m [1;30mLevel 1[0m _identify(src/ur_yt_sim) by extensions ['ros']
[0.829s] [34mcolcon.colcon_core.package_identification[0m [1;30mLevel 1[0m _identify(src/ur_yt_sim) by extension 'ros'
[0.830s] [34mcolcon.colcon_core.package_identification[0m [1;30mDEBUG[0m [32mPackage 'src/ur_yt_sim' with type 'ros.ament_cmake' and name 'ur_yt_sim'[0m
[0.831s] [34mcolcon.colcon_core.package_discovery[0m [1;30mLevel 1[0m discover_packages(recursive) using defaults
[0.831s] [34mcolcon.colcon_core.package_discovery[0m [1;30mLevel 1[0m discover_packages(ignore) discover
[0.831s] [34mcolcon.colcon_core.package_discovery[0m [1;30mLevel 1[0m discover_packages(ignore) using defaults
[0.831s] [34mcolcon.colcon_core.package_discovery[0m [1;30mLevel 1[0m discover_packages(path) discover
[0.831s] [34mcolcon.colcon_core.package_discovery[0m [1;30mLevel 1[0m discover_packages(path) using defaults
[0.868s] [34mcolcon.colcon_core.package_discovery[0m [1;30mLevel 1[0m discover_packages(prefix_path) check parameters
[0.868s] [34mcolcon.colcon_core.package_discovery[0m [1;30mLevel 1[0m discover_packages(prefix_path) discover
[0.874s] [34mcolcon.colcon_installed_package_information.package_discovery[0m [1;30mDEBUG[0m [32mFound 11 installed packages in /home/ubuntu/research_ws/ur10_pick_place_ws/install[0m
[0.876s] [34mcolcon.colcon_installed_package_information.package_discovery[0m [1;30mDEBUG[0m [32mFound 11 installed packages in /home/ubuntu/ur_camera_ws/install[0m
[0.877s] [34mcolcon.colcon_installed_package_information.package_discovery[0m [1;30mDEBUG[0m [32mFound 0 installed packages in /home/ubuntu/ur10_sim_ws/install[0m
[0.880s] [34mcolcon.colcon_installed_package_information.package_discovery[0m [1;30mDEBUG[0m [32mFound 450 installed packages in /opt/ros/humble[0m
[0.886s] [34mcolcon.colcon_core.package_discovery[0m [1;30mLevel 1[0m discover_packages(prefix_path) using defaults
[1.005s] [34mcolcon.colcon_core.verb[0m [1;30mLevel 5[0m set package 'grasp_executor' build argument 'cmake_args' from command line to '['-DCMAKE_BUILD_TYPE=Release']'
[1.006s] [34mcolcon.colcon_core.verb[0m [1;30mLevel 5[0m set package 'grasp_executor' build argument 'cmake_target' from command line to 'None'
[1.006s] [34mcolcon.colcon_core.verb[0m [1;30mLevel 5[0m set package 'grasp_executor' build argument 'cmake_target_skip_unavailable' from command line to 'False'
[1.006s] [34mcolcon.colcon_core.verb[0m [1;30mLevel 5[0m set package 'grasp_executor' build argument 'cmake_clean_cache' from command line to 'False'
[1.006s] [34mcolcon.colcon_core.verb[0m [1;30mLevel 5[0m set package 'grasp_executor' build argument 'cmake_clean_first' from command line to 'False'
[1.006s] [34mcolcon.colcon_core.verb[0m [1;30mLevel 5[0m set package 'grasp_executor' build argument 'cmake_force_configure' from command line to 'False'
[1.006s] [34mcolcon.colcon_core.verb[0m [1;30mLevel 5[0m set package 'grasp_executor' build argument 'ament_cmake_args' from command line to 'None'
[1.006s] [34mcolcon.colcon_core.verb[0m [1;30mLevel 5[0m set package 'grasp_executor' build argument 'catkin_cmake_args' from command line to 'None'
[1.006s] [34mcolcon.colcon_core.verb[0m [1;30mLevel 5[0m set package 'grasp_executor' build argument 'catkin_skip_building_tests' from command line to 'False'
[1.006s] [34mcolcon.colcon_core.verb[0m [1;30mDEBUG[0m [32mBuilding package 'grasp_executor' with the following arguments: {'ament_cmake_args': None, 'build_base': '/home/ubuntu/research_ws/ur10_pick_place_ws/build/grasp_executor', 'catkin_cmake_args': None, 'catkin_skip_building_tests': False, 'cmake_args': ['-DCMAKE_BUILD_TYPE=Release'], 'cmake_clean_cache': False, 'cmake_clean_first': False, 'cmake_force_configure': False, 'cmake_target': None, 'cmake_target_skip_unavailable': False, 'install_base': '/home/ubuntu/research_ws/ur10_pick_place_ws/install/grasp_executor', 'merge_install': False, 'path': '/home/ubuntu/research_ws/ur10_pick_place_ws/src/grasp_executor', 'symlink_install': False, 'test_result_base': None}[0m
[1.007s] [34mcolcon.colcon_core.verb[0m [1;30mLevel 5[0m set package 'linkattacher_msgs' build argument 'cmake_args' from command line to '['-DCMAKE_BUILD_TYPE=Release']'
[1.007s] [34mcolcon.colcon_core.verb[0m [1;30mLevel 5[0m set package 'linkattacher_msgs' build argument 'cmake_target' from command line to 'None'
[1.007s] [34mcolcon.colcon_core.verb[0m [1;30mLevel 5[0m set package 'linkattacher_msgs' build argument 'cmake_target_skip_unavailable' from command line to 'False'
[1.007s] [34mcolcon.colcon_core.verb[0m [1;30mLevel 5[0m set package 'linkattacher_msgs' build argument 'cmake_clean_cache' from command line to 'False'
[1.007s] [34mcolcon.colcon_core.verb[0m [1;30mLevel 5[0m set package 'linkattacher_msgs' build argument 'cmake_clean_first' from command line to 'False'
[1.007s] [34mcolcon.colcon_core.verb[0m [1;30mLevel 5[0m set package 'linkattacher_msgs' build argument 'cmake_force_configure' from command line to 'False'
[1.007s] [34mcolcon.colcon_core.verb[0m [1;30mLevel 5[0m set package 'linkattacher_msgs' build argument 'ament_cmake_args' from command line to 'None'
[1.007s] [34mcolcon.colcon_core.verb[0m [1;30mLevel 5[0m set package 'linkattacher_msgs' build argument 'catkin_cmake_args' from command line to 'None'
[1.007s] [34mcolcon.colcon_core.verb[0m [1;30mLevel 5[0m set package 'linkattacher_msgs' build argument 'catkin_skip_building_tests' from command line to 'False'
[1.007s] [34mcolcon.colcon_core.verb[0m [1;30mDEBUG[0m [32mBuilding package 'linkattacher_msgs' with the following arguments: {'ament_cmake_args': None, 'build_base': '/home/ubuntu/research_ws/ur10_pick_place_ws/build/linkattacher_msgs', 'catkin_cmake_args': None, 'catkin_skip_building_tests': False, 'cmake_args': ['-DCMAKE_BUILD_TYPE=Release'], 'cmake_clean_cache': False, 'cmake_clean_first': False, 'cmake_force_configure': False, 'cmake_target': None, 'cmake_target_skip_unavailable': False, 'install_base': '/home/ubuntu/research_ws/ur10_pick_place_ws/install/linkattacher_msgs', 'merge_install': False, 'path': '/home/ubuntu/research_ws/ur10_pick_place_ws/src/linkattacher_msgs', 'symlink_install': False, 'test_result_base': None}[0m
[1.008s] [34mcolcon.colcon_core.verb[0m [1;30mLevel 5[0m set package 'robotiq_3f_description' build argument 'cmake_args' from command line to '['-DCMAKE_BUILD_TYPE=Release']'
[1.008s] [34mcolcon.colcon_core.verb[0m [1;30mLevel 5[0m set package 'robotiq_3f_description' build argument 'cmake_target' from command line to 'None'
[1.008s] [34mcolcon.colcon_core.verb[0m [1;30mLevel 5[0m set package 'robotiq_3f_description' build argument 'cmake_target_skip_unavailable' from command line to 'False'
[1.008s] [34mcolcon.colcon_core.verb[0m [1;30mLevel 5[0m set package 'robotiq_3f_description' build argument 'cmake_clean_cache' from command line to 'False'
[1.008s] [34mcolcon.colcon_core.verb[0m [1;30mLevel 5[0m set package 'robotiq_3f_description' build argument 'cmake_clean_first' from command line to 'False'
[1.008s] [34mcolcon.colcon_core.verb[0m [1;30mLevel 5[0m set package 'robotiq_3f_description' build argument 'cmake_force_configure' from command line to 'False'
[1.009s] [34mcolcon.colcon_core.verb[0m [1;30mLevel 5[0m set package 'robotiq_3f_description' build argument 'ament_cmake_args' from command line to 'None'
[1.009s] [34mcolcon.colcon_core.verb[0m [1;30mLevel 5[0m set package 'robotiq_3f_description' build argument 'catkin_cmake_args' from command line to 'None'
[1.009s] [34mcolcon.colcon_core.verb[0m [1;30mLevel 5[0m set package 'robotiq_3f_description' build argument 'catkin_skip_building_tests' from command line to 'False'
[1.009s] [34mcolcon.colcon_core.verb[0m [1;30mDEBUG[0m [32mBuilding package 'robotiq_3f_description' with the following arguments: {'ament_cmake_args': None, 'build_base': '/home/ubuntu/research_ws/ur10_pick_place_ws/build/robotiq_3f_description', 'catkin_cmake_args': None, 'catkin_skip_building_tests': False, 'cmake_args': ['-DCMAKE_BUILD_TYPE=Release'], 'cmake_clean_cache': False, 'cmake_clean_first': False, 'cmake_force_configure': False, 'cmake_target': None, 'cmake_target_skip_unavailable': False, 'install_base': '/home/ubuntu/research_ws/ur10_pick_place_ws/install/robotiq_3f_description', 'merge_install': False, 'path': '/home/ubuntu/research_ws/ur10_pick_place_ws/src/ros2_robotiq_3f_gripper/robotiq_3f_description', 'symlink_install': False, 'test_result_base': None}[0m
[1.009s] [34mcolcon.colcon_core.verb[0m [1;30mLevel 5[0m set package 'robotiq_3f_interfaces' build argument 'cmake_args' from command line to '['-DCMAKE_BUILD_TYPE=Release']'
[1.009s] [34mcolcon.colcon_core.verb[0m [1;30mLevel 5[0m set package 'robotiq_3f_interfaces' build argument 'cmake_target' from command line to 'None'
[1.010s] [34mcolcon.colcon_core.verb[0m [1;30mLevel 5[0m set package 'robotiq_3f_interfaces' build argument 'cmake_target_skip_unavailable' from command line to 'False'
[1.010s] [34mcolcon.colcon_core.verb[0m [1;30mLevel 5[0m set package 'robotiq_3f_interfaces' build argument 'cmake_clean_cache' from command line to 'False'
[1.010s] [34mcolcon.colcon_core.verb[0m [1;30mLevel 5[0m set package 'robotiq_3f_interfaces' build argument 'cmake_clean_first' from command line to 'False'
[1.010s] [34mcolcon.colcon_core.verb[0m [1;30mLevel 5[0m set package 'robotiq_3f_interfaces' build argument 'cmake_force_configure' from command line to 'False'
[1.010s] [34mcolcon.colcon_core.verb[0m [1;30mLevel 5[0m set package 'robotiq_3f_interfaces' build argument 'ament_cmake_args' from command line to 'None'
[1.010s] [34mcolcon.colcon_core.verb[0m [1;30mLevel 5[0m set package 'robotiq_3f_interfaces' build argument 'catkin_cmake_args' from command line to 'None'
[1.010s] [34mcolcon.colcon_core.verb[0m [1;30mLevel 5[0m set package 'robotiq_3f_interfaces' build argument 'catkin_skip_building_tests' from command line to 'False'
[1.010s] [34mcolcon.colcon_core.verb[0m [1;30mDEBUG[0m [32mBuilding package 'robotiq_3f_interfaces' with the following arguments: {'ament_cmake_args': None, 'build_base': '/home/ubuntu/research_ws/ur10_pick_place_ws/build/robotiq_3f_interfaces', 'catkin_cmake_args': None, 'catkin_skip_building_tests': False, 'cmake_args': ['-DCMAKE_BUILD_TYPE=Release'], 'cmake_clean_cache': False, 'cmake_clean_first': False, 'cmake_force_configure': False, 'cmake_target': None, 'cmake_target_skip_unavailable': False, 'install_base': '/home/ubuntu/research_ws/ur10_pick_place_ws/install/robotiq_3f_interfaces', 'merge_install': False, 'path': '/home/ubuntu/research_ws/ur10_pick_place_ws/src/ros2_robotiq_3f_gripper/robotiq_3f_interfaces', 'symlink_install': False, 'test_result_base': None}[0m
[1.011s] [34mcolcon.colcon_core.verb[0m [1;30mLevel 5[0m set package 'robotiq_controllers' build argument 'cmake_args' from command line to '['-DCMAKE_BUILD_TYPE=Release']'
[1.011s] [34mcolcon.colcon_core.verb[0m [1;30mLevel 5[0m set package 'robotiq_controllers' build argument 'cmake_target' from command line to 'None'
[1.011s] [34mcolcon.colcon_core.verb[0m [1;30mLevel 5[0m set package 'robotiq_controllers' build argument 'cmake_target_skip_unavailable' from command line to 'False'
[1.011s] [34mcolcon.colcon_core.verb[0m [1;30mLevel 5[0m set package 'robotiq_controllers' build argument 'cmake_clean_cache' from command line to 'False'
[1.011s] [34mcolcon.colcon_core.verb[0m [1;30mLevel 5[0m set package 'robotiq_controllers' build argument 'cmake_clean_first' from command line to 'False'
[1.011s] [34mcolcon.colcon_core.verb[0m [1;30mLevel 5[0m set package 'robotiq_controllers' build argument 'cmake_force_configure' from command line to 'False'
[1.011s] [34mcolcon.colcon_core.verb[0m [1;30mLevel 5[0m set package 'robotiq_controllers' build argument 'ament_cmake_args' from command line to 'None'
[1.011s] [34mcolcon.colcon_core.verb[0m [1;30mLevel 5[0m set package 'robotiq_controllers' build argument 'catkin_cmake_args' from command line to 'None'
[1.011s] [34mcolcon.colcon_core.verb[0m [1;30mLevel 5[0m set package 'robotiq_controllers' build argument 'catkin_skip_building_tests' from command line to 'False'
[1.011s] [34mcolcon.colcon_core.verb[0m [1;30mDEBUG[0m [32mBuilding package 'robotiq_controllers' with the following arguments: {'ament_cmake_args': None, 'build_base': '/home/ubuntu/research_ws/ur10_pick_place_ws/build/robotiq_controllers', 'catkin_cmake_args': None, 'catkin_skip_building_tests': False, 'cmake_args': ['-DCMAKE_BUILD_TYPE=Release'], 'cmake_clean_cache': False, 'cmake_clean_first': False, 'cmake_force_configure': False, 'cmake_target': None, 'cmake_target_skip_unavailable': False, 'install_base': '/home/ubuntu/research_ws/ur10_pick_place_ws/install/robotiq_controllers', 'merge_install': False, 'path': '/home/ubuntu/research_ws/ur10_pick_place_ws/src/ros2_robotiq_gripper/robotiq_controllers', 'symlink_install': False, 'test_result_base': None}[0m
[1.012s] [34mcolcon.colcon_core.verb[0m [1;30mLevel 5[0m set package 'robotiq_description' build argument 'cmake_args' from command line to '['-DCMAKE_BUILD_TYPE=Release']'
[1.012s] [34mcolcon.colcon_core.verb[0m [1;30mLevel 5[0m set package 'robotiq_description' build argument 'cmake_target' from command line to 'None'
[1.012s] [34mcolcon.colcon_core.verb[0m [1;30mLevel 5[0m set package 'robotiq_description' build argument 'cmake_target_skip_unavailable' from command line to 'False'
[1.012s] [34mcolcon.colcon_core.verb[0m [1;30mLevel 5[0m set package 'robotiq_description' build argument 'cmake_clean_cache' from command line to 'False'
[1.012s] [34mcolcon.colcon_core.verb[0m [1;30mLevel 5[0m set package 'robotiq_description' build argument 'cmake_clean_first' from command line to 'False'
[1.012s] [34mcolcon.colcon_core.verb[0m [1;30mLevel 5[0m set package 'robotiq_description' build argument 'cmake_force_configure' from command line to 'False'
[1.012s] [34mcolcon.colcon_core.verb[0m [1;30mLevel 5[0m set package 'robotiq_description' build argument 'ament_cmake_args' from command line to 'None'
[1.012s] [34mcolcon.colcon_core.verb[0m [1;30mLevel 5[0m set package 'robotiq_description' build argument 'catkin_cmake_args' from command line to 'None'
[1.012s] [34mcolcon.colcon_core.verb[0m [1;30mLevel 5[0m set package 'robotiq_description' build argument 'catkin_skip_building_tests' from command line to 'False'
[1.012s] [34mcolcon.colcon_core.verb[0m [1;30mDEBUG[0m [32mBuilding package 'robotiq_description' with the following arguments: {'ament_cmake_args': None, 'build_base': '/home/ubuntu/research_ws/ur10_pick_place_ws/build/robotiq_description', 'catkin_cmake_args': None, 'catkin_skip_building_tests': False, 'cmake_args': ['-DCMAKE_BUILD_TYPE=Release'], 'cmake_clean_cache': False, 'cmake_clean_first': False, 'cmake_force_configure': False, 'cmake_target': None, 'cmake_target_skip_unavailable': False, 'install_base': '/home/ubuntu/research_ws/ur10_pick_place_ws/install/robotiq_description', 'merge_install': False, 'path': '/home/ubuntu/research_ws/ur10_pick_place_ws/src/ros2_robotiq_gripper/robotiq_description', 'symlink_install': False, 'test_result_base': None}[0m
[1.013s] [34mcolcon.colcon_core.verb[0m [1;30mLevel 5[0m set package 'ur_simulation_gazebo' build argument 'cmake_args' from command line to '['-DCMAKE_BUILD_TYPE=Release']'
[1.013s] [34mcolcon.colcon_core.verb[0m [1;30mLevel 5[0m set package 'ur_simulation_gazebo' build argument 'cmake_target' from command line to 'None'
[1.013s] [34mcolcon.colcon_core.verb[0m [1;30mLevel 5[0m set package 'ur_simulation_gazebo' build argument 'cmake_target_skip_unavailable' from command line to 'False'
[1.013s] [34mcolcon.colcon_core.verb[0m [1;30mLevel 5[0m set package 'ur_simulation_gazebo' build argument 'cmake_clean_cache' from command line to 'False'
[1.013s] [34mcolcon.colcon_core.verb[0m [1;30mLevel 5[0m set package 'ur_simulation_gazebo' build argument 'cmake_clean_first' from command line to 'False'
[1.013s] [34mcolcon.colcon_core.verb[0m [1;30mLevel 5[0m set package 'ur_simulation_gazebo' build argument 'cmake_force_configure' from command line to 'False'
[1.013s] [34mcolcon.colcon_core.verb[0m [1;30mLevel 5[0m set package 'ur_simulation_gazebo' build argument 'ament_cmake_args' from command line to 'None'
[1.013s] [34mcolcon.colcon_core.verb[0m [1;30mLevel 5[0m set package 'ur_simulation_gazebo' build argument 'catkin_cmake_args' from command line to 'None'
[1.013s] [34mcolcon.colcon_core.verb[0m [1;30mLevel 5[0m set package 'ur_simulation_gazebo' build argument 'catkin_skip_building_tests' from command line to 'False'
[1.014s] [34mcolcon.colcon_core.verb[0m [1;30mDEBUG[0m [32mBuilding package 'ur_simulation_gazebo' with the following arguments: {'ament_cmake_args': None, 'build_base': '/home/ubuntu/research_ws/ur10_pick_place_ws/build/ur_simulation_gazebo', 'catkin_cmake_args': None, 'catkin_skip_building_tests': False, 'cmake_args': ['-DCMAKE_BUILD_TYPE=Release'], 'cmake_clean_cache': False, 'cmake_clean_first': False, 'cmake_force_configure': False, 'cmake_target': None, 'cmake_target_skip_unavailable': False, 'install_base': '/home/ubuntu/research_ws/ur10_pick_place_ws/install/ur_simulation_gazebo', 'merge_install': False, 'path': '/home/ubuntu/research_ws/ur10_pick_place_ws/src/Universal_Robots_ROS2_Gazebo_Simulation/ur_simulation_gazebo', 'symlink_install': False, 'test_result_base': None}[0m
[1.014s] [34mcolcon.colcon_core.verb[0m [1;30mLevel 5[0m set package 'ros2_linkattacher' build argument 'cmake_args' from command line to '['-DCMAKE_BUILD_TYPE=Release']'
[1.014s] [34mcolcon.colcon_core.verb[0m [1;30mLevel 5[0m set package 'ros2_linkattacher' build argument 'cmake_target' from command line to 'None'
[1.014s] [34mcolcon.colcon_core.verb[0m [1;30mLevel 5[0m set package 'ros2_linkattacher' build argument 'cmake_target_skip_unavailable' from command line to 'False'
[1.014s] [34mcolcon.colcon_core.verb[0m [1;30mLevel 5[0m set package 'ros2_linkattacher' build argument 'cmake_clean_cache' from command line to 'False'
[1.014s] [34mcolcon.colcon_core.verb[0m [1;30mLevel 5[0m set package 'ros2_linkattacher' build argument 'cmake_clean_first' from command line to 'False'
[1.014s] [34mcolcon.colcon_core.verb[0m [1;30mLevel 5[0m set package 'ros2_linkattacher' build argument 'cmake_force_configure' from command line to 'False'
[1.015s] [34mcolcon.colcon_core.verb[0m [1;30mLevel 5[0m set package 'ros2_linkattacher' build argument 'ament_cmake_args' from command line to 'None'
[1.015s] [34mcolcon.colcon_core.verb[0m [1;30mLevel 5[0m set package 'ros2_linkattacher' build argument 'catkin_cmake_args' from command line to 'None'
[1.015s] [34mcolcon.colcon_core.verb[0m [1;30mLevel 5[0m set package 'ros2_linkattacher' build argument 'catkin_skip_building_tests' from command line to 'False'
[1.015s] [34mcolcon.colcon_core.verb[0m [1;30mDEBUG[0m [32mBuilding package 'ros2_linkattacher' with the following arguments: {'ament_cmake_args': None, 'build_base': '/home/ubuntu/research_ws/ur10_pick_place_ws/build/ros2_linkattacher', 'catkin_cmake_args': None, 'catkin_skip_building_tests': False, 'cmake_args': ['-DCMAKE_BUILD_TYPE=Release'], 'cmake_clean_cache': False, 'cmake_clean_first': False, 'cmake_force_configure': False, 'cmake_target': None, 'cmake_target_skip_unavailable': False, 'install_base': '/home/ubuntu/research_ws/ur10_pick_place_ws/install/ros2_linkattacher', 'merge_install': False, 'path': '/home/ubuntu/research_ws/ur10_pick_place_ws/src/linkattacher_plugin', 'symlink_install': False, 'test_result_base': None}[0m
[1.015s] [34mcolcon.colcon_core.verb[0m [1;30mLevel 5[0m set package 'ur_yt_sim' build argument 'cmake_args' from command line to '['-DCMAKE_BUILD_TYPE=Release']'
[1.015s] [34mcolcon.colcon_core.verb[0m [1;30mLevel 5[0m set package 'ur_yt_sim' build argument 'cmake_target' from command line to 'None'
[1.016s] [34mcolcon.colcon_core.verb[0m [1;30mLevel 5[0m set package 'ur_yt_sim' build argument 'cmake_target_skip_unavailable' from command line to 'False'
[1.016s] [34mcolcon.colcon_core.verb[0m [1;30mLevel 5[0m set package 'ur_yt_sim' build argument 'cmake_clean_cache' from command line to 'False'
[1.016s] [34mcolcon.colcon_core.verb[0m [1;30mLevel 5[0m set package 'ur_yt_sim' build argument 'cmake_clean_first' from command line to 'False'
[1.016s] [34mcolcon.colcon_core.verb[0m [1;30mLevel 5[0m set package 'ur_yt_sim' build argument 'cmake_force_configure' from command line to 'False'
[1.016s] [34mcolcon.colcon_core.verb[0m [1;30mLevel 5[0m set package 'ur_yt_sim' build argument 'ament_cmake_args' from command line to 'None'
[1.016s] [34mcolcon.colcon_core.verb[0m [1;30mLevel 5[0m set package 'ur_yt_sim' build argument 'catkin_cmake_args' from command line to 'None'
[1.016s] [34mcolcon.colcon_core.verb[0m [1;30mLevel 5[0m set package 'ur_yt_sim' build argument 'catkin_skip_building_tests' from command line to 'False'
[1.016s] [34mcolcon.colcon_core.verb[0m [1;30mDEBUG[0m [32mBuilding package 'ur_yt_sim' with the following arguments: {'ament_cmake_args': None, 'build_base': '/home/ubuntu/research_ws/ur10_pick_place_ws/build/ur_yt_sim', 'catkin_cmake_args': None, 'catkin_skip_building_tests': False, 'cmake_args': ['-DCMAKE_BUILD_TYPE=Release'], 'cmake_clean_cache': False, 'cmake_clean_first': False, 'cmake_force_configure': False, 'cmake_target': None, 'cmake_target_skip_unavailable': False, 'install_base': '/home/ubuntu/research_ws/ur10_pick_place_ws/install/ur_yt_sim', 'merge_install': False, 'path': '/home/ubuntu/research_ws/ur10_pick_place_ws/src/ur_yt_sim', 'symlink_install': False, 'test_result_base': None}[0m
[1.017s] [34mcolcon.colcon_core.verb[0m [1;30mLevel 5[0m set package 'ur10_camera_gripper_moveit_config' build argument 'cmake_args' from command line to '['-DCMAKE_BUILD_TYPE=Release']'
[1.017s] [34mcolcon.colcon_core.verb[0m [1;30mLevel 5[0m set package 'ur10_camera_gripper_moveit_config' build argument 'cmake_target' from command line to 'None'
[1.017s] [34mcolcon.colcon_core.verb[0m [1;30mLevel 5[0m set package 'ur10_camera_gripper_moveit_config' build argument 'cmake_target_skip_unavailable' from command line to 'False'
[1.017s] [34mcolcon.colcon_core.verb[0m [1;30mLevel 5[0m set package 'ur10_camera_gripper_moveit_config' build argument 'cmake_clean_cache' from command line to 'False'
[1.017s] [34mcolcon.colcon_core.verb[0m [1;30mLevel 5[0m set package 'ur10_camera_gripper_moveit_config' build argument 'cmake_clean_first' from command line to 'False'
[1.017s] [34mcolcon.colcon_core.verb[0m [1;30mLevel 5[0m set package 'ur10_camera_gripper_moveit_config' build argument 'cmake_force_configure' from command line to 'False'
[1.017s] [34mcolcon.colcon_core.verb[0m [1;30mLevel 5[0m set package 'ur10_camera_gripper_moveit_config' build argument 'ament_cmake_args' from command line to 'None'
[1.017s] [34mcolcon.colcon_core.verb[0m [1;30mLevel 5[0m set package 'ur10_camera_gripper_moveit_config' build argument 'catkin_cmake_args' from command line to 'None'
[1.017s] [34mcolcon.colcon_core.verb[0m [1;30mLevel 5[0m set package 'ur10_camera_gripper_moveit_config' build argument 'catkin_skip_building_tests' from command line to 'False'
[1.017s] [34mcolcon.colcon_core.verb[0m [1;30mDEBUG[0m [32mBuilding package 'ur10_camera_gripper_moveit_config' with the following arguments: {'ament_cmake_args': None, 'build_base': '/home/ubuntu/research_ws/ur10_pick_place_ws/build/ur10_camera_gripper_moveit_config', 'catkin_cmake_args': None, 'catkin_skip_building_tests': False, 'cmake_args': ['-DCMAKE_BUILD_TYPE=Release'], 'cmake_clean_cache': False, 'cmake_clean_first': False, 'cmake_force_configure': False, 'cmake_target': None, 'cmake_target_skip_unavailable': False, 'install_base': '/home/ubuntu/research_ws/ur10_pick_place_ws/install/ur10_camera_gripper_moveit_config', 'merge_install': False, 'path': '/home/ubuntu/research_ws/ur10_pick_place_ws/src/ur10_camera_gripper_moveit_config', 'symlink_install': False, 'test_result_base': None}[0m
[1.018s] [34mcolcon.colcon_core.verb[0m [1;30mLevel 5[0m set package 'ur10_pick_place' build argument 'cmake_args' from command line to '['-DCMAKE_BUILD_TYPE=Release']'
[1.018s] [34mcolcon.colcon_core.verb[0m [1;30mLevel 5[0m set package 'ur10_pick_place' build argument 'cmake_target' from command line to 'None'
[1.018s] [34mcolcon.colcon_core.verb[0m [1;30mLevel 5[0m set package 'ur10_pick_place' build argument 'cmake_target_skip_unavailable' from command line to 'False'
[1.018s] [34mcolcon.colcon_core.verb[0m [1;30mLevel 5[0m set package 'ur10_pick_place' build argument 'cmake_clean_cache' from command line to 'False'
[1.018s] [34mcolcon.colcon_core.verb[0m [1;30mLevel 5[0m set package 'ur10_pick_place' build argument 'cmake_clean_first' from command line to 'False'
[1.018s] [34mcolcon.colcon_core.verb[0m [1;30mLevel 5[0m set package 'ur10_pick_place' build argument 'cmake_force_configure' from command line to 'False'
[1.018s] [34mcolcon.colcon_core.verb[0m [1;30mLevel 5[0m set package 'ur10_pick_place' build argument 'ament_cmake_args' from command line to 'None'
[1.018s] [34mcolcon.colcon_core.verb[0m [1;30mLevel 5[0m set package 'ur10_pick_place' build argument 'catkin_cmake_args' from command line to 'None'
[1.018s] [34mcolcon.colcon_core.verb[0m [1;30mLevel 5[0m set package 'ur10_pick_place' build argument 'catkin_skip_building_tests' from command line to 'False'
[1.018s] [34mcolcon.colcon_core.verb[0m [1;30mDEBUG[0m [32mBuilding package 'ur10_pick_place' with the following arguments: {'ament_cmake_args': None, 'build_base': '/home/ubuntu/research_ws/ur10_pick_place_ws/build/ur10_pick_place', 'catkin_cmake_args': None, 'catkin_skip_building_tests': False, 'cmake_args': ['-DCMAKE_BUILD_TYPE=Release'], 'cmake_clean_cache': False, 'cmake_clean_first': False, 'cmake_force_configure': False, 'cmake_target': None, 'cmake_target_skip_unavailable': False, 'install_base': '/home/ubuntu/research_ws/ur10_pick_place_ws/install/ur10_pick_place', 'merge_install': False, 'path': '/home/ubuntu/research_ws/ur10_pick_place_ws/src/ur10_pick_place', 'symlink_install': False, 'test_result_base': None}[0m
[1.019s] [34mcolcon.colcon_core.executor[0m [1;30mINFO[0m Executing jobs using 'parallel' executor
[1.021s] [34mcolcon.colcon_parallel_executor.executor.parallel[0m [1;30mDEBUG[0m [32mrun_until_complete[0m
[1.022s] [34mcolcon.colcon_ros.task.ament_cmake.build[0m [1;30mINFO[0m Building ROS package in '/home/ubuntu/research_ws/ur10_pick_place_ws/src/linkattacher_msgs' with build type 'ament_cmake'
[1.023s] [34mcolcon.colcon_cmake.task.cmake.build[0m [1;30mINFO[0m Building CMake package in '/home/ubuntu/research_ws/ur10_pick_place_ws/src/linkattacher_msgs'
[1.028s] [34mcolcon.colcon_core.plugin_system[0m [1;30mINFO[0m Skipping extension 'colcon_core.shell.bat': Not used on non-Windows systems
[1.028s] [34mcolcon.colcon_core.shell[0m [1;30mINFO[0m Skip shell extension 'powershell' for command environment: Not usable outside of PowerShell
[1.028s] [34mcolcon.colcon_core.shell[0m [1;30mDEBUG[0m [32mSkip shell extension 'dsv' for command environment[0m
[1.041s] [34mcolcon.colcon_ros.task.ament_cmake.build[0m [1;30mINFO[0m Building ROS package in '/home/ubuntu/research_ws/ur10_pick_place_ws/src/ros2_robotiq_3f_gripper/robotiq_3f_description' with build type 'ament_cmake'
[1.042s] [34mcolcon.colcon_cmake.task.cmake.build[0m [1;30mINFO[0m Building CMake package in '/home/ubuntu/research_ws/ur10_pick_place_ws/src/ros2_robotiq_3f_gripper/robotiq_3f_description'
[1.043s] [34mcolcon.colcon_core.shell[0m [1;30mINFO[0m Skip shell extension 'powershell' for command environment: Not usable outside of PowerShell
[1.043s] [34mcolcon.colcon_core.shell[0m [1;30mDEBUG[0m [32mSkip shell extension 'dsv' for command environment[0m
[1.055s] [34mcolcon.colcon_ros.task.ament_python.build[0m [1;30mINFO[0m Building ROS package in '/home/ubuntu/research_ws/ur10_pick_place_ws/src/grasp_executor' with build type 'ament_python'
[1.055s] [34mcolcon.colcon_core.shell[0m [1;30mLevel 1[0m create_environment_hook('grasp_executor', 'ament_prefix_path')
[1.056s] [34mcolcon.colcon_core.shell[0m [1;30mINFO[0m Creating environment hook '/home/ubuntu/research_ws/ur10_pick_place_ws/install/grasp_executor/share/grasp_executor/hook/ament_prefix_path.ps1'
[1.058s] [34mcolcon.colcon_core.shell[0m [1;30mINFO[0m Creating environment descriptor '/home/ubuntu/research_ws/ur10_pick_place_ws/install/grasp_executor/share/grasp_executor/hook/ament_prefix_path.dsv'
[1.059s] [34mcolcon.colcon_core.shell[0m [1;30mINFO[0m Creating environment hook '/home/ubuntu/research_ws/ur10_pick_place_ws/install/grasp_executor/share/grasp_executor/hook/ament_prefix_path.sh'
[1.061s] [34mcolcon.colcon_core.shell[0m [1;30mINFO[0m Skip shell extension 'powershell' for command environment: Not usable outside of PowerShell
[1.061s] [34mcolcon.colcon_core.shell[0m [1;30mDEBUG[0m [32mSkip shell extension 'dsv' for command environment[0m
[1.072s] [34mcolcon.colcon_ros.task.ament_cmake.build[0m [1;30mINFO[0m Building ROS package in '/home/ubuntu/research_ws/ur10_pick_place_ws/src/ros2_robotiq_3f_gripper/robotiq_3f_interfaces' with build type 'ament_cmake'
[1.073s] [34mcolcon.colcon_cmake.task.cmake.build[0m [1;30mINFO[0m Building CMake package in '/home/ubuntu/research_ws/ur10_pick_place_ws/src/ros2_robotiq_3f_gripper/robotiq_3f_interfaces'
[1.073s] [34mcolcon.colcon_core.shell[0m [1;30mINFO[0m Skip shell extension 'powershell' for command environment: Not usable outside of PowerShell
[1.073s] [34mcolcon.colcon_core.shell[0m [1;30mDEBUG[0m [32mSkip shell extension 'dsv' for command environment[0m
[1.085s] [34mcolcon.colcon_ros.task.ament_cmake.build[0m [1;30mINFO[0m Building ROS package in '/home/ubuntu/research_ws/ur10_pick_place_ws/src/ros2_robotiq_gripper/robotiq_controllers' with build type 'ament_cmake'
[1.086s] [34mcolcon.colcon_cmake.task.cmake.build[0m [1;30mINFO[0m Building CMake package in '/home/ubuntu/research_ws/ur10_pick_place_ws/src/ros2_robotiq_gripper/robotiq_controllers'
[1.086s] [34mcolcon.colcon_core.shell[0m [1;30mINFO[0m Skip shell extension 'powershell' for command environment: Not usable outside of PowerShell
[1.087s] [34mcolcon.colcon_core.shell[0m [1;30mDEBUG[0m [32mSkip shell extension 'dsv' for command environment[0m
[1.098s] [34mcolcon.colcon_ros.task.ament_cmake.build[0m [1;30mINFO[0m Building ROS package in '/home/ubuntu/research_ws/ur10_pick_place_ws/src/ros2_robotiq_gripper/robotiq_description' with build type 'ament_cmake'
[1.098s] [34mcolcon.colcon_cmake.task.cmake.build[0m [1;30mINFO[0m Building CMake package in '/home/ubuntu/research_ws/ur10_pick_place_ws/src/ros2_robotiq_gripper/robotiq_description'
[1.099s] [34mcolcon.colcon_core.shell[0m [1;30mINFO[0m Skip shell extension 'powershell' for command environment: Not usable outside of PowerShell
[1.099s] [34mcolcon.colcon_core.shell[0m [1;30mDEBUG[0m [32mSkip shell extension 'dsv' for command environment[0m
[1.111s] [34mcolcon.colcon_ros.task.ament_cmake.build[0m [1;30mINFO[0m Building ROS package in '/home/ubuntu/research_ws/ur10_pick_place_ws/src/Universal_Robots_ROS2_Gazebo_Simulation/ur_simulation_gazebo' with build type 'ament_cmake'
[1.111s] [34mcolcon.colcon_cmake.task.cmake.build[0m [1;30mINFO[0m Building CMake package in '/home/ubuntu/research_ws/ur10_pick_place_ws/src/Universal_Robots_ROS2_Gazebo_Simulation/ur_simulation_gazebo'
[1.111s] [34mcolcon.colcon_core.shell[0m [1;30mINFO[0m Skip shell extension 'powershell' for command environment: Not usable outside of PowerShell
[1.112s] [34mcolcon.colcon_core.shell[0m [1;30mDEBUG[0m [32mSkip shell extension 'dsv' for command environment[0m
[1.133s] [34mcolcon.colcon_core.event_handler.log_command[0m [1;30mDEBUG[0m [32mInvoking command in '/home/ubuntu/research_ws/ur10_pick_place_ws/build/linkattacher_msgs': CMAKE_PREFIX_PATH=${CMAKE_PREFIX_PATH}:/home/ubuntu/research_ws/ur10_pick_place_ws/install/grasp_executor:/home/ubuntu/ur_camera_ws/install/pick_place:/home/ubuntu/ur_camera_ws/install/easy_handeye2:/opt/ros/humble /usr/bin/cmake --build /home/ubuntu/research_ws/ur10_pick_place_ws/build/linkattacher_msgs -- -j12 -l12[0m
[1.141s] [34mcolcon.colcon_core.event_handler.log_command[0m [1;30mDEBUG[0m [32mInvoking command in '/home/ubuntu/research_ws/ur10_pick_place_ws/build/robotiq_3f_description': CMAKE_PREFIX_PATH=${CMAKE_PREFIX_PATH}:/home/ubuntu/research_ws/ur10_pick_place_ws/install/grasp_executor:/home/ubuntu/ur_camera_ws/install/pick_place:/home/ubuntu/ur_camera_ws/install/easy_handeye2:/opt/ros/humble /usr/bin/cmake --build /home/ubuntu/research_ws/ur10_pick_place_ws/build/robotiq_3f_description -- -j12 -l12[0m
[1.839s] [34mcolcon.colcon_core.task.python.build[0m [1;30mINFO[0m Building Python package in '/home/ubuntu/research_ws/ur10_pick_place_ws/src/grasp_executor'
[1.840s] [34mcolcon.colcon_core.shell[0m [1;30mINFO[0m Skip shell extension 'powershell' for command environment: Not usable outside of PowerShell
[1.840s] [34mcolcon.colcon_core.shell[0m [1;30mDEBUG[0m [32mSkip shell extension 'dsv' for command environment[0m
[1.860s] [34mcolcon.colcon_core.event_handler.log_command[0m [1;30mDEBUG[0m [32mInvoking command in '/home/ubuntu/research_ws/ur10_pick_place_ws/build/robotiq_3f_interfaces': CMAKE_PREFIX_PATH=${CMAKE_PREFIX_PATH}:/home/ubuntu/research_ws/ur10_pick_place_ws/install/grasp_executor:/home/ubuntu/ur_camera_ws/install/pick_place:/home/ubuntu/ur_camera_ws/install/easy_handeye2:/opt/ros/humble /usr/bin/cmake --build /home/ubuntu/research_ws/ur10_pick_place_ws/build/robotiq_3f_interfaces -- -j12 -l12[0m
[1.866s] [34mcolcon.colcon_core.event_handler.log_command[0m [1;30mDEBUG[0m [32mInvoking command in '/home/ubuntu/research_ws/ur10_pick_place_ws/build/robotiq_controllers': CMAKE_PREFIX_PATH=${CMAKE_PREFIX_PATH}:/home/ubuntu/research_ws/ur10_pick_place_ws/install/grasp_executor:/home/ubuntu/ur_camera_ws/install/pick_place:/home/ubuntu/ur_camera_ws/install/easy_handeye2:/opt/ros/humble /usr/bin/cmake --build /home/ubuntu/research_ws/ur10_pick_place_ws/build/robotiq_controllers -- -j12 -l12[0m
[1.873s] [34mcolcon.colcon_core.event_handler.log_command[0m [1;30mDEBUG[0m [32mInvoking command in '/home/ubuntu/research_ws/ur10_pick_place_ws/build/robotiq_description': CMAKE_PREFIX_PATH=${CMAKE_PREFIX_PATH}:/home/ubuntu/research_ws/ur10_pick_place_ws/install/grasp_executor:/home/ubuntu/ur_camera_ws/install/pick_place:/home/ubuntu/ur_camera_ws/install/easy_handeye2:/opt/ros/humble /usr/bin/cmake --build /home/ubuntu/research_ws/ur10_pick_place_ws/build/robotiq_description -- -j12 -l12[0m
[1.889s] [34mcolcon.colcon_core.event_handler.log_command[0m [1;30mDEBUG[0m [32mInvoking command in '/home/ubuntu/research_ws/ur10_pick_place_ws/build/ur_simulation_gazebo': CMAKE_PREFIX_PATH=${CMAKE_PREFIX_PATH}:/home/ubuntu/research_ws/ur10_pick_place_ws/install/grasp_executor:/home/ubuntu/ur_camera_ws/install/pick_place:/home/ubuntu/ur_camera_ws/install/easy_handeye2:/opt/ros/humble /usr/bin/cmake --build /home/ubuntu/research_ws/ur10_pick_place_ws/build/ur_simulation_gazebo -- -j12 -l12[0m
[1.891s] [34mcolcon.colcon_core.event_handler.log_command[0m [1;30mDEBUG[0m [32mInvoked command in '/home/ubuntu/research_ws/ur10_pick_place_ws/build/robotiq_3f_description' returned '0': CMAKE_PREFIX_PATH=${CMAKE_PREFIX_PATH}:/home/ubuntu/research_ws/ur10_pick_place_ws/install/grasp_executor:/home/ubuntu/ur_camera_ws/install/pick_place:/home/ubuntu/ur_camera_ws/install/easy_handeye2:/opt/ros/humble /usr/bin/cmake --build /home/ubuntu/research_ws/ur10_pick_place_ws/build/robotiq_3f_description -- -j12 -l12[0m
[1.909s] [34mcolcon.colcon_core.event_handler.log_command[0m [1;30mDEBUG[0m [32mInvoking command in '/home/ubuntu/research_ws/ur10_pick_place_ws/build/robotiq_3f_description': CMAKE_PREFIX_PATH=${CMAKE_PREFIX_PATH}:/home/ubuntu/research_ws/ur10_pick_place_ws/install/grasp_executor:/home/ubuntu/ur_camera_ws/install/pick_place:/home/ubuntu/ur_camera_ws/install/easy_handeye2:/opt/ros/humble /usr/bin/cmake --install /home/ubuntu/research_ws/ur10_pick_place_ws/build/robotiq_3f_description[0m
[1.933s] [34mcolcon.colcon_core.environment[0m [1;30mLevel 1[0m create_environment_scripts_only(robotiq_3f_description)
[1.941s] [34mcolcon.colcon_core.event_handler.log_command[0m [1;30mDEBUG[0m [32mInvoked command in '/home/ubuntu/research_ws/ur10_pick_place_ws/build/robotiq_3f_description' returned '0': CMAKE_PREFIX_PATH=${CMAKE_PREFIX_PATH}:/home/ubuntu/research_ws/ur10_pick_place_ws/install/grasp_executor:/home/ubuntu/ur_camera_ws/install/pick_place:/home/ubuntu/ur_camera_ws/install/easy_handeye2:/opt/ros/humble /usr/bin/cmake --install /home/ubuntu/research_ws/ur10_pick_place_ws/build/robotiq_3f_description[0m
[1.944s] [34mcolcon.colcon_core.environment[0m [1;30mLevel 1[0m checking '/home/ubuntu/research_ws/ur10_pick_place_ws/install/robotiq_3f_description' for CMake module files
[1.945s] [34mcolcon.colcon_core.environment[0m [1;30mLevel 1[0m checking '/home/ubuntu/research_ws/ur10_pick_place_ws/install/robotiq_3f_description' for CMake config files
[1.946s] [34mcolcon.colcon_core.shell[0m [1;30mLevel 1[0m create_environment_hook('robotiq_3f_description', 'cmake_prefix_path')
[1.946s] [34mcolcon.colcon_core.shell[0m [1;30mINFO[0m Creating environment hook '/home/ubuntu/research_ws/ur10_pick_place_ws/install/robotiq_3f_description/share/robotiq_3f_description/hook/cmake_prefix_path.ps1'
[1.948s] [34mcolcon.colcon_core.shell[0m [1;30mINFO[0m Creating environment descriptor '/home/ubuntu/research_ws/ur10_pick_place_ws/install/robotiq_3f_description/share/robotiq_3f_description/hook/cmake_prefix_path.dsv'
[1.949s] [34mcolcon.colcon_core.shell[0m [1;30mINFO[0m Creating environment hook '/home/ubuntu/research_ws/ur10_pick_place_ws/install/robotiq_3f_description/share/robotiq_3f_description/hook/cmake_prefix_path.sh'
[1.951s] [34mcolcon.colcon_core.environment[0m [1;30mLevel 1[0m checking '/home/ubuntu/research_ws/ur10_pick_place_ws/install/robotiq_3f_description/bin'
[1.951s] [34mcolcon.colcon_core.environment[0m [1;30mLevel 1[0m checking '/home/ubuntu/research_ws/ur10_pick_place_ws/install/robotiq_3f_description/lib/pkgconfig/robotiq_3f_description.pc'
[1.952s] [34mcolcon.colcon_core.environment[0m [1;30mLevel 1[0m checking '/home/ubuntu/research_ws/ur10_pick_place_ws/install/robotiq_3f_description/lib/python3.10/site-packages'
[1.952s] [34mcolcon.colcon_core.environment[0m [1;30mLevel 1[0m checking '/home/ubuntu/research_ws/ur10_pick_place_ws/install/robotiq_3f_description/bin'
[1.953s] [34mcolcon.colcon_core.shell[0m [1;30mINFO[0m Creating package script '/home/ubuntu/research_ws/ur10_pick_place_ws/install/robotiq_3f_description/share/robotiq_3f_description/package.ps1'
[1.956s] [34mcolcon.colcon_core.shell[0m [1;30mINFO[0m Creating package descriptor '/home/ubuntu/research_ws/ur10_pick_place_ws/install/robotiq_3f_description/share/robotiq_3f_description/package.dsv'
[1.957s] [34mcolcon.colcon_core.shell[0m [1;30mINFO[0m Creating package script '/home/ubuntu/research_ws/ur10_pick_place_ws/install/robotiq_3f_description/share/robotiq_3f_description/package.sh'
[1.959s] [34mcolcon.colcon_core.shell[0m [1;30mINFO[0m Creating package script '/home/ubuntu/research_ws/ur10_pick_place_ws/install/robotiq_3f_description/share/robotiq_3f_description/package.bash'
[1.961s] [34mcolcon.colcon_core.shell[0m [1;30mINFO[0m Creating package script '/home/ubuntu/research_ws/ur10_pick_place_ws/install/robotiq_3f_description/share/robotiq_3f_description/package.zsh'
[1.963s] [34mcolcon.colcon_core.environment[0m [1;30mLevel 1[0m create_file_with_runtime_dependencies(/home/ubuntu/research_ws/ur10_pick_place_ws/install/robotiq_3f_description/share/colcon-core/packages/robotiq_3f_description)
[1.965s] [34mcolcon.colcon_core.environment[0m [1;30mLevel 1[0m create_environment_scripts_only(robotiq_3f_description)
[1.965s] [34mcolcon.colcon_core.environment[0m [1;30mLevel 1[0m checking '/home/ubuntu/research_ws/ur10_pick_place_ws/install/robotiq_3f_description' for CMake module files
[1.966s] [34mcolcon.colcon_core.environment[0m [1;30mLevel 1[0m checking '/home/ubuntu/research_ws/ur10_pick_place_ws/install/robotiq_3f_description' for CMake config files
[1.967s] [34mcolcon.colcon_core.shell[0m [1;30mLevel 1[0m create_environment_hook('robotiq_3f_description', 'cmake_prefix_path')
[1.968s] [34mcolcon.colcon_core.shell[0m [1;30mINFO[0m Creating environment hook '/home/ubuntu/research_ws/ur10_pick_place_ws/install/robotiq_3f_description/share/robotiq_3f_description/hook/cmake_prefix_path.ps1'
[1.969s] [34mcolcon.colcon_core.shell[0m [1;30mINFO[0m Creating environment descriptor '/home/ubuntu/research_ws/ur10_pick_place_ws/install/robotiq_3f_description/share/robotiq_3f_description/hook/cmake_prefix_path.dsv'
[1.971s] [34mcolcon.colcon_core.shell[0m [1;30mINFO[0m Creating environment hook '/home/ubuntu/research_ws/ur10_pick_place_ws/install/robotiq_3f_description/share/robotiq_3f_description/hook/cmake_prefix_path.sh'
[1.974s] [34mcolcon.colcon_core.environment[0m [1;30mLevel 1[0m checking '/home/ubuntu/research_ws/ur10_pick_place_ws/install/robotiq_3f_description/bin'
[1.974s] [34mcolcon.colcon_core.environment[0m [1;30mLevel 1[0m checking '/home/ubuntu/research_ws/ur10_pick_place_ws/install/robotiq_3f_description/lib/pkgconfig/robotiq_3f_description.pc'
[1.975s] [34mcolcon.colcon_core.environment[0m [1;30mLevel 1[0m checking '/home/ubuntu/research_ws/ur10_pick_place_ws/install/robotiq_3f_description/lib/python3.10/site-packages'
[1.975s] [34mcolcon.colcon_core.environment[0m [1;30mLevel 1[0m checking '/home/ubuntu/research_ws/ur10_pick_place_ws/install/robotiq_3f_description/bin'
[1.976s] [34mcolcon.colcon_core.shell[0m [1;30mINFO[0m Creating package script '/home/ubuntu/research_ws/ur10_pick_place_ws/install/robotiq_3f_description/share/robotiq_3f_description/package.ps1'
[1.979s] [34mcolcon.colcon_core.shell[0m [1;30mINFO[0m Creating package descriptor '/home/ubuntu/research_ws/ur10_pick_place_ws/install/robotiq_3f_description/share/robotiq_3f_description/package.dsv'
[1.980s] [34mcolcon.colcon_core.shell[0m [1;30mINFO[0m Creating package script '/home/ubuntu/research_ws/ur10_pick_place_ws/install/robotiq_3f_description/share/robotiq_3f_description/package.sh'
[1.981s] [34mcolcon.colcon_core.shell[0m [1;30mINFO[0m Creating package script '/home/ubuntu/research_ws/ur10_pick_place_ws/install/robotiq_3f_description/share/robotiq_3f_description/package.bash'
[1.982s] [34mcolcon.colcon_core.shell[0m [1;30mINFO[0m Creating package script '/home/ubuntu/research_ws/ur10_pick_place_ws/install/robotiq_3f_description/share/robotiq_3f_description/package.zsh'
[1.983s] [34mcolcon.colcon_core.environment[0m [1;30mLevel 1[0m create_file_with_runtime_dependencies(/home/ubuntu/research_ws/ur10_pick_place_ws/install/robotiq_3f_description/share/colcon-core/packages/robotiq_3f_description)
[1.989s] [34mcolcon.colcon_core.event_handler.log_command[0m [1;30mDEBUG[0m [32mInvoked command in '/home/ubuntu/research_ws/ur10_pick_place_ws/build/robotiq_description' returned '0': CMAKE_PREFIX_PATH=${CMAKE_PREFIX_PATH}:/home/ubuntu/research_ws/ur10_pick_place_ws/install/grasp_executor:/home/ubuntu/ur_camera_ws/install/pick_place:/home/ubuntu/ur_camera_ws/install/easy_handeye2:/opt/ros/humble /usr/bin/cmake --build /home/ubuntu/research_ws/ur10_pick_place_ws/build/robotiq_description -- -j12 -l12[0m
[1.993s] [34mcolcon.colcon_core.event_handler.log_command[0m [1;30mDEBUG[0m [32mInvoking command in '/home/ubuntu/research_ws/ur10_pick_place_ws/build/robotiq_description': CMAKE_PREFIX_PATH=${CMAKE_PREFIX_PATH}:/home/ubuntu/research_ws/ur10_pick_place_ws/install/grasp_executor:/home/ubuntu/ur_camera_ws/install/pick_place:/home/ubuntu/ur_camera_ws/install/easy_handeye2:/opt/ros/humble /usr/bin/cmake --install /home/ubuntu/research_ws/ur10_pick_place_ws/build/robotiq_description[0m
[1.996s] [34mcolcon.colcon_core.event_handler.log_command[0m [1;30mDEBUG[0m [32mInvoked command in '/home/ubuntu/research_ws/ur10_pick_place_ws/build/ur_simulation_gazebo' returned '0': CMAKE_PREFIX_PATH=${CMAKE_PREFIX_PATH}:/home/ubuntu/research_ws/ur10_pick_place_ws/install/grasp_executor:/home/ubuntu/ur_camera_ws/install/pick_place:/home/ubuntu/ur_camera_ws/install/easy_handeye2:/opt/ros/humble /usr/bin/cmake --build /home/ubuntu/research_ws/ur10_pick_place_ws/build/ur_simulation_gazebo -- -j12 -l12[0m
[2.005s] [34mcolcon.colcon_core.event_handler.log_command[0m [1;30mDEBUG[0m [32mInvoking command in '/home/ubuntu/research_ws/ur10_pick_place_ws/build/ur_simulation_gazebo': CMAKE_PREFIX_PATH=${CMAKE_PREFIX_PATH}:/home/ubuntu/research_ws/ur10_pick_place_ws/install/grasp_executor:/home/ubuntu/ur_camera_ws/install/pick_place:/home/ubuntu/ur_camera_ws/install/easy_handeye2:/opt/ros/humble /usr/bin/cmake --install /home/ubuntu/research_ws/ur10_pick_place_ws/build/ur_simulation_gazebo[0m
[2.034s] [34mcolcon.colcon_core.environment[0m [1;30mLevel 1[0m create_environment_scripts_only(robotiq_description)
[2.035s] [34mcolcon.colcon_core.environment[0m [1;30mLevel 1[0m checking '/home/ubuntu/research_ws/ur10_pick_place_ws/install/robotiq_description' for CMake module files
[2.039s] [34mcolcon.colcon_core.environment[0m [1;30mLevel 1[0m checking '/home/ubuntu/research_ws/ur10_pick_place_ws/install/robotiq_description' for CMake config files
[2.044s] [34mcolcon.colcon_core.event_handler.log_command[0m [1;30mDEBUG[0m [32mInvoked command in '/home/ubuntu/research_ws/ur10_pick_place_ws/build/robotiq_controllers' returned '0': CMAKE_PREFIX_PATH=${CMAKE_PREFIX_PATH}:/home/ubuntu/research_ws/ur10_pick_place_ws/install/grasp_executor:/home/ubuntu/ur_camera_ws/install/pick_place:/home/ubuntu/ur_camera_ws/install/easy_handeye2:/opt/ros/humble /usr/bin/cmake --build /home/ubuntu/research_ws/ur10_pick_place_ws/build/robotiq_controllers -- -j12 -l12[0m
[2.045s] [34mcolcon.colcon_core.event_handler.log_command[0m [1;30mDEBUG[0m [32mInvoking command in '/home/ubuntu/research_ws/ur10_pick_place_ws/build/robotiq_controllers': CMAKE_PREFIX_PATH=${CMAKE_PREFIX_PATH}:/home/ubuntu/research_ws/ur10_pick_place_ws/install/grasp_executor:/home/ubuntu/ur_camera_ws/install/pick_place:/home/ubuntu/ur_camera_ws/install/easy_handeye2:/opt/ros/humble /usr/bin/cmake --install /home/ubuntu/research_ws/ur10_pick_place_ws/build/robotiq_controllers[0m
[2.045s] [34mcolcon.colcon_core.shell[0m [1;30mLevel 1[0m create_environment_hook('robotiq_description', 'cmake_prefix_path')
[2.047s] [34mcolcon.colcon_core.shell[0m [1;30mINFO[0m Creating environment hook '/home/ubuntu/research_ws/ur10_pick_place_ws/install/robotiq_description/share/robotiq_description/hook/cmake_prefix_path.ps1'
[2.050s] [34mcolcon.colcon_core.shell[0m [1;30mINFO[0m Creating environment descriptor '/home/ubuntu/research_ws/ur10_pick_place_ws/install/robotiq_description/share/robotiq_description/hook/cmake_prefix_path.dsv'
[2.051s] [34mcolcon.colcon_core.shell[0m [1;30mINFO[0m Creating environment hook '/home/ubuntu/research_ws/ur10_pick_place_ws/install/robotiq_description/share/robotiq_description/hook/cmake_prefix_path.sh'
[2.054s] [34mcolcon.colcon_core.environment[0m [1;30mLevel 1[0m checking '/home/ubuntu/research_ws/ur10_pick_place_ws/install/robotiq_description/bin'
[2.054s] [34mcolcon.colcon_core.environment[0m [1;30mLevel 1[0m checking '/home/ubuntu/research_ws/ur10_pick_place_ws/install/robotiq_description/lib/pkgconfig/robotiq_description.pc'
[2.055s] [34mcolcon.colcon_core.environment[0m [1;30mLevel 1[0m checking '/home/ubuntu/research_ws/ur10_pick_place_ws/install/robotiq_description/lib/python3.10/site-packages'
[2.056s] [34mcolcon.colcon_core.environment[0m [1;30mLevel 1[0m checking '/home/ubuntu/research_ws/ur10_pick_place_ws/install/robotiq_description/bin'
[2.057s] [34mcolcon.colcon_core.shell[0m [1;30mINFO[0m Creating package script '/home/ubuntu/research_ws/ur10_pick_place_ws/install/robotiq_description/share/robotiq_description/package.ps1'
[2.059s] [34mcolcon.colcon_core.shell[0m [1;30mINFO[0m Creating package descriptor '/home/ubuntu/research_ws/ur10_pick_place_ws/install/robotiq_description/share/robotiq_description/package.dsv'
[2.060s] [34mcolcon.colcon_core.shell[0m [1;30mINFO[0m Creating package script '/home/ubuntu/research_ws/ur10_pick_place_ws/install/robotiq_description/share/robotiq_description/package.sh'
[2.062s] [34mcolcon.colcon_core.shell[0m [1;30mINFO[0m Creating package script '/home/ubuntu/research_ws/ur10_pick_place_ws/install/robotiq_description/share/robotiq_description/package.bash'
[2.064s] [34mcolcon.colcon_core.event_handler.log_command[0m [1;30mDEBUG[0m [32mInvoked command in '/home/ubuntu/research_ws/ur10_pick_place_ws/build/robotiq_description' returned '0': CMAKE_PREFIX_PATH=${CMAKE_PREFIX_PATH}:/home/ubuntu/research_ws/ur10_pick_place_ws/install/grasp_executor:/home/ubuntu/ur_camera_ws/install/pick_place:/home/ubuntu/ur_camera_ws/install/easy_handeye2:/opt/ros/humble /usr/bin/cmake --install /home/ubuntu/research_ws/ur10_pick_place_ws/build/robotiq_description[0m
[2.064s] [34mcolcon.colcon_core.shell[0m [1;30mINFO[0m Creating package script '/home/ubuntu/research_ws/ur10_pick_place_ws/install/robotiq_description/share/robotiq_description/package.zsh'
[2.066s] [34mcolcon.colcon_core.environment[0m [1;30mLevel 1[0m create_file_with_runtime_dependencies(/home/ubuntu/research_ws/ur10_pick_place_ws/install/robotiq_description/share/colcon-core/packages/robotiq_description)
[2.068s] [34mcolcon.colcon_core.environment[0m [1;30mLevel 1[0m create_environment_scripts_only(robotiq_description)
[2.069s] [34mcolcon.colcon_core.environment[0m [1;30mLevel 1[0m checking '/home/ubuntu/research_ws/ur10_pick_place_ws/install/robotiq_description' for CMake module files
[2.072s] [34mcolcon.colcon_core.environment[0m [1;30mLevel 1[0m checking '/home/ubuntu/research_ws/ur10_pick_place_ws/install/robotiq_description' for CMake config files
[2.074s] [34mcolcon.colcon_core.shell[0m [1;30mLevel 1[0m create_environment_hook('robotiq_description', 'cmake_prefix_path')
[2.075s] [34mcolcon.colcon_core.shell[0m [1;30mINFO[0m Creating environment hook '/home/ubuntu/research_ws/ur10_pick_place_ws/install/robotiq_description/share/robotiq_description/hook/cmake_prefix_path.ps1'
[2.076s] [34mcolcon.colcon_core.shell[0m [1;30mINFO[0m Creating environment descriptor '/home/ubuntu/research_ws/ur10_pick_place_ws/install/robotiq_description/share/robotiq_description/hook/cmake_prefix_path.dsv'
[2.077s] [34mcolcon.colcon_core.shell[0m [1;30mINFO[0m Creating environment hook '/home/ubuntu/research_ws/ur10_pick_place_ws/install/robotiq_description/share/robotiq_description/hook/cmake_prefix_path.sh'
[2.078s] [34mcolcon.colcon_core.environment[0m [1;30mLevel 1[0m checking '/home/ubuntu/research_ws/ur10_pick_place_ws/install/robotiq_description/bin'
[2.079s] [34mcolcon.colcon_core.environment[0m [1;30mLevel 1[0m checking '/home/ubuntu/research_ws/ur10_pick_place_ws/install/robotiq_description/lib/pkgconfig/robotiq_description.pc'
[2.079s] [34mcolcon.colcon_core.environment[0m [1;30mLevel 1[0m checking '/home/ubuntu/research_ws/ur10_pick_place_ws/install/robotiq_description/lib/python3.10/site-packages'
[2.080s] [34mcolcon.colcon_core.environment[0m [1;30mLevel 1[0m checking '/home/ubuntu/research_ws/ur10_pick_place_ws/install/robotiq_description/bin'
[2.081s] [34mcolcon.colcon_core.shell[0m [1;30mINFO[0m Creating package script '/home/ubuntu/research_ws/ur10_pick_place_ws/install/robotiq_description/share/robotiq_description/package.ps1'
[2.082s] [34mcolcon.colcon_core.shell[0m [1;30mINFO[0m Creating package descriptor '/home/ubuntu/research_ws/ur10_pick_place_ws/install/robotiq_description/share/robotiq_description/package.dsv'
[2.084s] [34mcolcon.colcon_core.shell[0m [1;30mINFO[0m Creating package script '/home/ubuntu/research_ws/ur10_pick_place_ws/install/robotiq_description/share/robotiq_description/package.sh'
[2.084s] [34mcolcon.colcon_core.shell[0m [1;30mINFO[0m Creating package script '/home/ubuntu/research_ws/ur10_pick_place_ws/install/robotiq_description/share/robotiq_description/package.bash'
[2.085s] [34mcolcon.colcon_core.shell[0m [1;30mINFO[0m Creating package script '/home/ubuntu/research_ws/ur10_pick_place_ws/install/robotiq_description/share/robotiq_description/package.zsh'
[2.086s] [34mcolcon.colcon_core.environment[0m [1;30mLevel 1[0m create_file_with_runtime_dependencies(/home/ubuntu/research_ws/ur10_pick_place_ws/install/robotiq_description/share/colcon-core/packages/robotiq_description)
[2.088s] [34mcolcon.colcon_core.environment[0m [1;30mLevel 1[0m create_environment_scripts_only(ur_simulation_gazebo)
[2.089s] [34mcolcon.colcon_core.environment[0m [1;30mLevel 1[0m checking '/home/ubuntu/research_ws/ur10_pick_place_ws/install/ur_simulation_gazebo' for CMake module files
[2.090s] [34mcolcon.colcon_core.event_handler.log_command[0m [1;30mDEBUG[0m [32mInvoked command in '/home/ubuntu/research_ws/ur10_pick_place_ws/build/ur_simulation_gazebo' returned '0': CMAKE_PREFIX_PATH=${CMAKE_PREFIX_PATH}:/home/ubuntu/research_ws/ur10_pick_place_ws/install/grasp_executor:/home/ubuntu/ur_camera_ws/install/pick_place:/home/ubuntu/ur_camera_ws/install/easy_handeye2:/opt/ros/humble /usr/bin/cmake --install /home/ubuntu/research_ws/ur10_pick_place_ws/build/ur_simulation_gazebo[0m
[2.091s] [34mcolcon.colcon_core.environment[0m [1;30mLevel 1[0m checking '/home/ubuntu/research_ws/ur10_pick_place_ws/install/ur_simulation_gazebo' for CMake config files
[2.091s] [34mcolcon.colcon_core.shell[0m [1;30mLevel 1[0m create_environment_hook('ur_simulation_gazebo', 'cmake_prefix_path')
[2.092s] [34mcolcon.colcon_core.shell[0m [1;30mINFO[0m Creating environment hook '/home/ubuntu/research_ws/ur10_pick_place_ws/install/ur_simulation_gazebo/share/ur_simulation_gazebo/hook/cmake_prefix_path.ps1'
[2.093s] [34mcolcon.colcon_core.shell[0m [1;30mINFO[0m Creating environment descriptor '/home/ubuntu/research_ws/ur10_pick_place_ws/install/ur_simulation_gazebo/share/ur_simulation_gazebo/hook/cmake_prefix_path.dsv'
[2.094s] [34mcolcon.colcon_core.shell[0m [1;30mINFO[0m Creating environment hook '/home/ubuntu/research_ws/ur10_pick_place_ws/install/ur_simulation_gazebo/share/ur_simulation_gazebo/hook/cmake_prefix_path.sh'
[2.095s] [34mcolcon.colcon_core.environment[0m [1;30mLevel 1[0m checking '/home/ubuntu/research_ws/ur10_pick_place_ws/install/ur_simulation_gazebo/bin'
[2.095s] [34mcolcon.colcon_core.environment[0m [1;30mLevel 1[0m checking '/home/ubuntu/research_ws/ur10_pick_place_ws/install/ur_simulation_gazebo/lib/pkgconfig/ur_simulation_gazebo.pc'
[2.096s] [34mcolcon.colcon_core.environment[0m [1;30mLevel 1[0m checking '/home/ubuntu/research_ws/ur10_pick_place_ws/install/ur_simulation_gazebo/lib/python3.10/site-packages'
[2.097s] [34mcolcon.colcon_core.environment[0m [1;30mLevel 1[0m checking '/home/ubuntu/research_ws/ur10_pick_place_ws/install/ur_simulation_gazebo/bin'
[2.097s] [34mcolcon.colcon_core.shell[0m [1;30mINFO[0m Creating package script '/home/ubuntu/research_ws/ur10_pick_place_ws/install/ur_simulation_gazebo/share/ur_simulation_gazebo/package.ps1'
[2.098s] [34mcolcon.colcon_core.shell[0m [1;30mINFO[0m Creating package descriptor '/home/ubuntu/research_ws/ur10_pick_place_ws/install/ur_simulation_gazebo/share/ur_simulation_gazebo/package.dsv'
[2.099s] [34mcolcon.colcon_core.shell[0m [1;30mINFO[0m Creating package script '/home/ubuntu/research_ws/ur10_pick_place_ws/install/ur_simulation_gazebo/share/ur_simulation_gazebo/package.sh'
[2.100s] [34mcolcon.colcon_core.shell[0m [1;30mINFO[0m Creating package script '/home/ubuntu/research_ws/ur10_pick_place_ws/install/ur_simulation_gazebo/share/ur_simulation_gazebo/package.bash'
[2.101s] [34mcolcon.colcon_core.shell[0m [1;30mINFO[0m Creating package script '/home/ubuntu/research_ws/ur10_pick_place_ws/install/ur_simulation_gazebo/share/ur_simulation_gazebo/package.zsh'
[2.102s] [34mcolcon.colcon_core.environment[0m [1;30mLevel 1[0m create_file_with_runtime_dependencies(/home/ubuntu/research_ws/ur10_pick_place_ws/install/ur_simulation_gazebo/share/colcon-core/packages/ur_simulation_gazebo)
[2.103s] [34mcolcon.colcon_core.environment[0m [1;30mLevel 1[0m create_environment_scripts_only(ur_simulation_gazebo)
[2.104s] [34mcolcon.colcon_core.environment[0m [1;30mLevel 1[0m checking '/home/ubuntu/research_ws/ur10_pick_place_ws/install/ur_simulation_gazebo' for CMake module files
[2.105s] [34mcolcon.colcon_core.environment[0m [1;30mLevel 1[0m checking '/home/ubuntu/research_ws/ur10_pick_place_ws/install/ur_simulation_gazebo' for CMake config files
[2.106s] [34mcolcon.colcon_core.shell[0m [1;30mLevel 1[0m create_environment_hook('ur_simulation_gazebo', 'cmake_prefix_path')
[2.106s] [34mcolcon.colcon_core.shell[0m [1;30mINFO[0m Creating environment hook '/home/ubuntu/research_ws/ur10_pick_place_ws/install/ur_simulation_gazebo/share/ur_simulation_gazebo/hook/cmake_prefix_path.ps1'
[2.107s] [34mcolcon.colcon_core.shell[0m [1;30mINFO[0m Creating environment descriptor '/home/ubuntu/research_ws/ur10_pick_place_ws/install/ur_simulation_gazebo/share/ur_simulation_gazebo/hook/cmake_prefix_path.dsv'
[2.108s] [34mcolcon.colcon_core.shell[0m [1;30mINFO[0m Creating environment hook '/home/ubuntu/research_ws/ur10_pick_place_ws/install/ur_simulation_gazebo/share/ur_simulation_gazebo/hook/cmake_prefix_path.sh'
[2.109s] [34mcolcon.colcon_core.environment[0m [1;30mLevel 1[0m checking '/home/ubuntu/research_ws/ur10_pick_place_ws/install/ur_simulation_gazebo/bin'
[2.109s] [34mcolcon.colcon_core.environment[0m [1;30mLevel 1[0m checking '/home/ubuntu/research_ws/ur10_pick_place_ws/install/ur_simulation_gazebo/lib/pkgconfig/ur_simulation_gazebo.pc'
[2.110s] [34mcolcon.colcon_core.environment[0m [1;30mLevel 1[0m checking '/home/ubuntu/research_ws/ur10_pick_place_ws/install/ur_simulation_gazebo/lib/python3.10/site-packages'
[2.111s] [34mcolcon.colcon_core.environment[0m [1;30mLevel 1[0m checking '/home/ubuntu/research_ws/ur10_pick_place_ws/install/ur_simulation_gazebo/bin'
[2.111s] [34mcolcon.colcon_core.shell[0m [1;30mINFO[0m Creating package script '/home/ubuntu/research_ws/ur10_pick_place_ws/install/ur_simulation_gazebo/share/ur_simulation_gazebo/package.ps1'
[2.113s] [34mcolcon.colcon_core.shell[0m [1;30mINFO[0m Creating package descriptor '/home/ubuntu/research_ws/ur10_pick_place_ws/install/ur_simulation_gazebo/share/ur_simulation_gazebo/package.dsv'
[2.114s] [34mcolcon.colcon_core.shell[0m [1;30mINFO[0m Creating package script '/home/ubuntu/research_ws/ur10_pick_place_ws/install/ur_simulation_gazebo/share/ur_simulation_gazebo/package.sh'
[2.115s] [34mcolcon.colcon_core.shell[0m [1;30mINFO[0m Creating package script '/home/ubuntu/research_ws/ur10_pick_place_ws/install/ur_simulation_gazebo/share/ur_simulation_gazebo/package.bash'
[2.115s] [34mcolcon.colcon_core.shell[0m [1;30mINFO[0m Creating package script '/home/ubuntu/research_ws/ur10_pick_place_ws/install/ur_simulation_gazebo/share/ur_simulation_gazebo/package.zsh'
[2.116s] [34mcolcon.colcon_core.environment[0m [1;30mLevel 1[0m create_file_with_runtime_dependencies(/home/ubuntu/research_ws/ur10_pick_place_ws/install/ur_simulation_gazebo/share/colcon-core/packages/ur_simulation_gazebo)
[2.120s] [34mcolcon.colcon_core.event_handler.log_command[0m [1;30mDEBUG[0m [32mInvoked command in '/home/ubuntu/research_ws/ur10_pick_place_ws/build/linkattacher_msgs' returned '0': CMAKE_PREFIX_PATH=${CMAKE_PREFIX_PATH}:/home/ubuntu/research_ws/ur10_pick_place_ws/install/grasp_executor:/home/ubuntu/ur_camera_ws/install/pick_place:/home/ubuntu/ur_camera_ws/install/easy_handeye2:/opt/ros/humble /usr/bin/cmake --build /home/ubuntu/research_ws/ur10_pick_place_ws/build/linkattacher_msgs -- -j12 -l12[0m
[2.123s] [34mcolcon.colcon_core.event_handler.log_command[0m [1;30mDEBUG[0m [32mInvoking command in '/home/ubuntu/research_ws/ur10_pick_place_ws/build/linkattacher_msgs': CMAKE_PREFIX_PATH=${CMAKE_PREFIX_PATH}:/home/ubuntu/research_ws/ur10_pick_place_ws/install/grasp_executor:/home/ubuntu/ur_camera_ws/install/pick_place:/home/ubuntu/ur_camera_ws/install/easy_handeye2:/opt/ros/humble /usr/bin/cmake --install /home/ubuntu/research_ws/ur10_pick_place_ws/build/linkattacher_msgs[0m
[2.124s] [34mcolcon.colcon_core.environment[0m [1;30mLevel 1[0m create_environment_scripts_only(robotiq_controllers)
[2.125s] [34mcolcon.colcon_core.environment[0m [1;30mLevel 1[0m checking '/home/ubuntu/research_ws/ur10_pick_place_ws/install/robotiq_controllers' for CMake module files
[2.126s] [34mcolcon.colcon_core.event_handler.log_command[0m [1;30mDEBUG[0m [32mInvoked command in '/home/ubuntu/research_ws/ur10_pick_place_ws/build/robotiq_controllers' returned '0': CMAKE_PREFIX_PATH=${CMAKE_PREFIX_PATH}:/home/ubuntu/research_ws/ur10_pick_place_ws/install/grasp_executor:/home/ubuntu/ur_camera_ws/install/pick_place:/home/ubuntu/ur_camera_ws/install/easy_handeye2:/opt/ros/humble /usr/bin/cmake --install /home/ubuntu/research_ws/ur10_pick_place_ws/build/robotiq_controllers[0m
[2.127s] [34mcolcon.colcon_core.environment[0m [1;30mLevel 1[0m checking '/home/ubuntu/research_ws/ur10_pick_place_ws/install/robotiq_controllers' for CMake config files
[2.128s] [34mcolcon.colcon_core.shell[0m [1;30mLevel 1[0m create_environment_hook('robotiq_controllers', 'cmake_prefix_path')
[2.128s] [34mcolcon.colcon_core.shell[0m [1;30mINFO[0m Creating environment hook '/home/ubuntu/research_ws/ur10_pick_place_ws/install/robotiq_controllers/share/robotiq_controllers/hook/cmake_prefix_path.ps1'
[2.130s] [34mcolcon.colcon_core.shell[0m [1;30mINFO[0m Creating environment descriptor '/home/ubuntu/research_ws/ur10_pick_place_ws/install/robotiq_controllers/share/robotiq_controllers/hook/cmake_prefix_path.dsv'
[2.131s] [34mcolcon.colcon_core.shell[0m [1;30mINFO[0m Creating environment hook '/home/ubuntu/research_ws/ur10_pick_place_ws/install/robotiq_controllers/share/robotiq_controllers/hook/cmake_prefix_path.sh'
[2.133s] [34mcolcon.colcon_core.environment[0m [1;30mLevel 1[0m checking '/home/ubuntu/research_ws/ur10_pick_place_ws/install/robotiq_controllers/lib'
[2.133s] [34mcolcon.colcon_core.shell[0m [1;30mLevel 1[0m create_environment_hook('robotiq_controllers', 'ld_library_path_lib')
[2.134s] [34mcolcon.colcon_core.shell[0m [1;30mINFO[0m Creating environment hook '/home/ubuntu/research_ws/ur10_pick_place_ws/install/robotiq_controllers/share/robotiq_controllers/hook/ld_library_path_lib.ps1'
[2.135s] [34mcolcon.colcon_core.shell[0m [1;30mINFO[0m Creating environment descriptor '/home/ubuntu/research_ws/ur10_pick_place_ws/install/robotiq_controllers/share/robotiq_controllers/hook/ld_library_path_lib.dsv'
[2.135s] [34mcolcon.colcon_core.shell[0m [1;30mINFO[0m Creating environment hook '/home/ubuntu/research_ws/ur10_pick_place_ws/install/robotiq_controllers/share/robotiq_controllers/hook/ld_library_path_lib.sh'
[2.136s] [34mcolcon.colcon_core.environment[0m [1;30mLevel 1[0m checking '/home/ubuntu/research_ws/ur10_pick_place_ws/install/robotiq_controllers/bin'
[2.136s] [34mcolcon.colcon_core.environment[0m [1;30mLevel 1[0m checking '/home/ubuntu/research_ws/ur10_pick_place_ws/install/robotiq_controllers/lib/pkgconfig/robotiq_controllers.pc'
[2.137s] [34mcolcon.colcon_core.environment[0m [1;30mLevel 1[0m checking '/home/ubuntu/research_ws/ur10_pick_place_ws/install/robotiq_controllers/lib/python3.10/site-packages'
[2.138s] [34mcolcon.colcon_core.environment[0m [1;30mLevel 1[0m checking '/home/ubuntu/research_ws/ur10_pick_place_ws/install/robotiq_controllers/bin'
[2.138s] [34mcolcon.colcon_core.shell[0m [1;30mINFO[0m Creating package script '/home/ubuntu/research_ws/ur10_pick_place_ws/install/robotiq_controllers/share/robotiq_controllers/package.ps1'
[2.140s] [34mcolcon.colcon_core.shell[0m [1;30mINFO[0m Creating package descriptor '/home/ubuntu/research_ws/ur10_pick_place_ws/install/robotiq_controllers/share/robotiq_controllers/package.dsv'
[2.141s] [34mcolcon.colcon_core.shell[0m [1;30mINFO[0m Creating package script '/home/ubuntu/research_ws/ur10_pick_place_ws/install/robotiq_controllers/share/robotiq_controllers/package.sh'
[2.142s] [34mcolcon.colcon_core.shell[0m [1;30mINFO[0m Creating package script '/home/ubuntu/research_ws/ur10_pick_place_ws/install/robotiq_controllers/share/robotiq_controllers/package.bash'
[2.142s] [34mcolcon.colcon_core.shell[0m [1;30mINFO[0m Creating package script '/home/ubuntu/research_ws/ur10_pick_place_ws/install/robotiq_controllers/share/robotiq_controllers/package.zsh'
[2.143s] [34mcolcon.colcon_core.environment[0m [1;30mLevel 1[0m create_file_with_runtime_dependencies(/home/ubuntu/research_ws/ur10_pick_place_ws/install/robotiq_controllers/share/colcon-core/packages/robotiq_controllers)
[2.145s] [34mcolcon.colcon_core.environment[0m [1;30mLevel 1[0m create_environment_scripts_only(robotiq_controllers)
[2.145s] [34mcolcon.colcon_core.environment[0m [1;30mLevel 1[0m checking '/home/ubuntu/research_ws/ur10_pick_place_ws/install/robotiq_controllers' for CMake module files
[2.146s] [34mcolcon.colcon_core.environment[0m [1;30mLevel 1[0m checking '/home/ubuntu/research_ws/ur10_pick_place_ws/install/robotiq_controllers' for CMake config files
[2.147s] [34mcolcon.colcon_core.shell[0m [1;30mLevel 1[0m create_environment_hook('robotiq_controllers', 'cmake_prefix_path')
[2.147s] [34mcolcon.colcon_core.shell[0m [1;30mINFO[0m Creating environment hook '/home/ubuntu/research_ws/ur10_pick_place_ws/install/robotiq_controllers/share/robotiq_controllers/hook/cmake_prefix_path.ps1'
[2.148s] [34mcolcon.colcon_core.shell[0m [1;30mINFO[0m Creating environment descriptor '/home/ubuntu/research_ws/ur10_pick_place_ws/install/robotiq_controllers/share/robotiq_controllers/hook/cmake_prefix_path.dsv'
[2.149s] [34mcolcon.colcon_core.shell[0m [1;30mINFO[0m Creating environment hook '/home/ubuntu/research_ws/ur10_pick_place_ws/install/robotiq_controllers/share/robotiq_controllers/hook/cmake_prefix_path.sh'
[2.151s] [34mcolcon.colcon_core.environment[0m [1;30mLevel 1[0m checking '/home/ubuntu/research_ws/ur10_pick_place_ws/install/robotiq_controllers/lib'
[2.151s] [34mcolcon.colcon_core.shell[0m [1;30mLevel 1[0m create_environment_hook('robotiq_controllers', 'ld_library_path_lib')
[2.151s] [34mcolcon.colcon_core.shell[0m [1;30mINFO[0m Creating environment hook '/home/ubuntu/research_ws/ur10_pick_place_ws/install/robotiq_controllers/share/robotiq_controllers/hook/ld_library_path_lib.ps1'
[2.152s] [34mcolcon.colcon_core.shell[0m [1;30mINFO[0m Creating environment descriptor '/home/ubuntu/research_ws/ur10_pick_place_ws/install/robotiq_controllers/share/robotiq_controllers/hook/ld_library_path_lib.dsv'
[2.153s] [34mcolcon.colcon_core.shell[0m [1;30mINFO[0m Creating environment hook '/home/ubuntu/research_ws/ur10_pick_place_ws/install/robotiq_controllers/share/robotiq_controllers/hook/ld_library_path_lib.sh'
[2.154s] [34mcolcon.colcon_core.environment[0m [1;30mLevel 1[0m checking '/home/ubuntu/research_ws/ur10_pick_place_ws/install/robotiq_controllers/bin'
[2.154s] [34mcolcon.colcon_core.environment[0m [1;30mLevel 1[0m checking '/home/ubuntu/research_ws/ur10_pick_place_ws/install/robotiq_controllers/lib/pkgconfig/robotiq_controllers.pc'
[2.155s] [34mcolcon.colcon_core.environment[0m [1;30mLevel 1[0m checking '/home/ubuntu/research_ws/ur10_pick_place_ws/install/robotiq_controllers/lib/python3.10/site-packages'
[2.156s] [34mcolcon.colcon_core.environment[0m [1;30mLevel 1[0m checking '/home/ubuntu/research_ws/ur10_pick_place_ws/install/robotiq_controllers/bin'
[2.156s] [34mcolcon.colcon_core.shell[0m [1;30mINFO[0m Creating package script '/home/ubuntu/research_ws/ur10_pick_place_ws/install/robotiq_controllers/share/robotiq_controllers/package.ps1'
[2.158s] [34mcolcon.colcon_core.shell[0m [1;30mINFO[0m Creating package descriptor '/home/ubuntu/research_ws/ur10_pick_place_ws/install/robotiq_controllers/share/robotiq_controllers/package.dsv'
[2.159s] [34mcolcon.colcon_core.shell[0m [1;30mINFO[0m Creating package script '/home/ubuntu/research_ws/ur10_pick_place_ws/install/robotiq_controllers/share/robotiq_controllers/package.sh'
[2.160s] [34mcolcon.colcon_core.shell[0m [1;30mINFO[0m Creating package script '/home/ubuntu/research_ws/ur10_pick_place_ws/install/robotiq_controllers/share/robotiq_controllers/package.bash'
[2.161s] [34mcolcon.colcon_core.shell[0m [1;30mINFO[0m Creating package script '/home/ubuntu/research_ws/ur10_pick_place_ws/install/robotiq_controllers/share/robotiq_controllers/package.zsh'
[2.162s] [34mcolcon.colcon_core.environment[0m [1;30mLevel 1[0m create_file_with_runtime_dependencies(/home/ubuntu/research_ws/ur10_pick_place_ws/install/robotiq_controllers/share/colcon-core/packages/robotiq_controllers)
[2.260s] [34mcolcon.colcon_core.environment[0m [1;30mLevel 1[0m create_environment_scripts_only(linkattacher_msgs)
[2.261s] [34mcolcon.colcon_core.environment[0m [1;30mLevel 1[0m checking '/home/ubuntu/research_ws/ur10_pick_place_ws/install/linkattacher_msgs' for CMake module files
[2.262s] [34mcolcon.colcon_core.event_handler.log_command[0m [1;30mDEBUG[0m [32mInvoked command in '/home/ubuntu/research_ws/ur10_pick_place_ws/build/linkattacher_msgs' returned '0': CMAKE_PREFIX_PATH=${CMAKE_PREFIX_PATH}:/home/ubuntu/research_ws/ur10_pick_place_ws/install/grasp_executor:/home/ubuntu/ur_camera_ws/install/pick_place:/home/ubuntu/ur_camera_ws/install/easy_handeye2:/opt/ros/humble /usr/bin/cmake --install /home/ubuntu/research_ws/ur10_pick_place_ws/build/linkattacher_msgs[0m
[2.264s] [34mcolcon.colcon_core.environment[0m [1;30mLevel 1[0m checking '/home/ubuntu/research_ws/ur10_pick_place_ws/install/linkattacher_msgs' for CMake config files
[2.267s] [34mcolcon.colcon_core.shell[0m [1;30mLevel 1[0m create_environment_hook('linkattacher_msgs', 'cmake_prefix_path')
[2.268s] [34mcolcon.colcon_core.shell[0m [1;30mINFO[0m Creating environment hook '/home/ubuntu/research_ws/ur10_pick_place_ws/install/linkattacher_msgs/share/linkattacher_msgs/hook/cmake_prefix_path.ps1'
[2.270s] [34mcolcon.colcon_core.shell[0m [1;30mINFO[0m Creating environment descriptor '/home/ubuntu/research_ws/ur10_pick_place_ws/install/linkattacher_msgs/share/linkattacher_msgs/hook/cmake_prefix_path.dsv'
[2.271s] [34mcolcon.colcon_core.shell[0m [1;30mINFO[0m Creating environment hook '/home/ubuntu/research_ws/ur10_pick_place_ws/install/linkattacher_msgs/share/linkattacher_msgs/hook/cmake_prefix_path.sh'
[2.273s] [34mcolcon.colcon_core.environment[0m [1;30mLevel 1[0m checking '/home/ubuntu/research_ws/ur10_pick_place_ws/install/linkattacher_msgs/lib'
[2.274s] [34mcolcon.colcon_core.shell[0m [1;30mLevel 1[0m create_environment_hook('linkattacher_msgs', 'ld_library_path_lib')
[2.274s] [34mcolcon.colcon_core.shell[0m [1;30mINFO[0m Creating environment hook '/home/ubuntu/research_ws/ur10_pick_place_ws/install/linkattacher_msgs/share/linkattacher_msgs/hook/ld_library_path_lib.ps1'
[2.276s] [34mcolcon.colcon_core.shell[0m [1;30mINFO[0m Creating environment descriptor '/home/ubuntu/research_ws/ur10_pick_place_ws/install/linkattacher_msgs/share/linkattacher_msgs/hook/ld_library_path_lib.dsv'
[2.277s] [34mcolcon.colcon_core.shell[0m [1;30mINFO[0m Creating environment hook '/home/ubuntu/research_ws/ur10_pick_place_ws/install/linkattacher_msgs/share/linkattacher_msgs/hook/ld_library_path_lib.sh'
[2.279s] [34mcolcon.colcon_core.environment[0m [1;30mLevel 1[0m checking '/home/ubuntu/research_ws/ur10_pick_place_ws/install/linkattacher_msgs/bin'
[2.279s] [34mcolcon.colcon_core.environment[0m [1;30mLevel 1[0m checking '/home/ubuntu/research_ws/ur10_pick_place_ws/install/linkattacher_msgs/lib/pkgconfig/linkattacher_msgs.pc'
[2.280s] [34mcolcon.colcon_core.environment[0m [1;30mLevel 1[0m checking '/home/ubuntu/research_ws/ur10_pick_place_ws/install/linkattacher_msgs/lib/python3.10/site-packages'
[2.281s] [34mcolcon.colcon_core.environment[0m [1;30mLevel 1[0m checking '/home/ubuntu/research_ws/ur10_pick_place_ws/install/linkattacher_msgs/bin'
[2.282s] [34mcolcon.colcon_core.shell[0m [1;30mINFO[0m Creating package script '/home/ubuntu/research_ws/ur10_pick_place_ws/install/linkattacher_msgs/share/linkattacher_msgs/package.ps1'
[2.284s] [34mcolcon.colcon_core.shell[0m [1;30mINFO[0m Creating package descriptor '/home/ubuntu/research_ws/ur10_pick_place_ws/install/linkattacher_msgs/share/linkattacher_msgs/package.dsv'
[2.285s] [34mcolcon.colcon_core.shell[0m [1;30mINFO[0m Creating package script '/home/ubuntu/research_ws/ur10_pick_place_ws/install/linkattacher_msgs/share/linkattacher_msgs/package.sh'
[2.287s] [34mcolcon.colcon_core.shell[0m [1;30mINFO[0m Creating package script '/home/ubuntu/research_ws/ur10_pick_place_ws/install/linkattacher_msgs/share/linkattacher_msgs/package.bash'
[2.288s] [34mcolcon.colcon_core.shell[0m [1;30mINFO[0m Creating package script '/home/ubuntu/research_ws/ur10_pick_place_ws/install/linkattacher_msgs/share/linkattacher_msgs/package.zsh'
[2.289s] [34mcolcon.colcon_core.environment[0m [1;30mLevel 1[0m create_file_with_runtime_dependencies(/home/ubuntu/research_ws/ur10_pick_place_ws/install/linkattacher_msgs/share/colcon-core/packages/linkattacher_msgs)
[2.292s] [34mcolcon.colcon_core.environment[0m [1;30mLevel 1[0m create_environment_scripts_only(linkattacher_msgs)
[2.292s] [34mcolcon.colcon_core.environment[0m [1;30mLevel 1[0m checking '/home/ubuntu/research_ws/ur10_pick_place_ws/install/linkattacher_msgs' for CMake module files
[2.294s] [34mcolcon.colcon_core.environment[0m [1;30mLevel 1[0m checking '/home/ubuntu/research_ws/ur10_pick_place_ws/install/linkattacher_msgs' for CMake config files
[2.297s] [34mcolcon.colcon_core.shell[0m [1;30mLevel 1[0m create_environment_hook('linkattacher_msgs', 'cmake_prefix_path')
[2.298s] [34mcolcon.colcon_core.shell[0m [1;30mINFO[0m Creating environment hook '/home/ubuntu/research_ws/ur10_pick_place_ws/install/linkattacher_msgs/share/linkattacher_msgs/hook/cmake_prefix_path.ps1'
[2.299s] [34mcolcon.colcon_core.shell[0m [1;30mINFO[0m Creating environment descriptor '/home/ubuntu/research_ws/ur10_pick_place_ws/install/linkattacher_msgs/share/linkattacher_msgs/hook/cmake_prefix_path.dsv'
[2.300s] [34mcolcon.colcon_core.shell[0m [1;30mINFO[0m Creating environment hook '/home/ubuntu/research_ws/ur10_pick_place_ws/install/linkattacher_msgs/share/linkattacher_msgs/hook/cmake_prefix_path.sh'
[2.302s] [34mcolcon.colcon_core.environment[0m [1;30mLevel 1[0m checking '/home/ubuntu/research_ws/ur10_pick_place_ws/install/linkattacher_msgs/lib'
[2.302s] [34mcolcon.colcon_core.shell[0m [1;30mLevel 1[0m create_environment_hook('linkattacher_msgs', 'ld_library_path_lib')
[2.303s] [34mcolcon.colcon_core.shell[0m [1;30mINFO[0m Creating environment hook '/home/ubuntu/research_ws/ur10_pick_place_ws/install/linkattacher_msgs/share/linkattacher_msgs/hook/ld_library_path_lib.ps1'
[2.304s] [34mcolcon.colcon_core.shell[0m [1;30mINFO[0m Creating environment descriptor '/home/ubuntu/research_ws/ur10_pick_place_ws/install/linkattacher_msgs/share/linkattacher_msgs/hook/ld_library_path_lib.dsv'
[2.305s] [34mcolcon.colcon_core.shell[0m [1;30mINFO[0m Creating environment hook '/home/ubuntu/research_ws/ur10_pick_place_ws/install/linkattacher_msgs/share/linkattacher_msgs/hook/ld_library_path_lib.sh'
[2.306s] [34mcolcon.colcon_core.environment[0m [1;30mLevel 1[0m checking '/home/ubuntu/research_ws/ur10_pick_place_ws/install/linkattacher_msgs/bin'
[2.307s] [34mcolcon.colcon_core.environment[0m [1;30mLevel 1[0m checking '/home/ubuntu/research_ws/ur10_pick_place_ws/install/linkattacher_msgs/lib/pkgconfig/linkattacher_msgs.pc'
[2.307s] [34mcolcon.colcon_core.environment[0m [1;30mLevel 1[0m checking '/home/ubuntu/research_ws/ur10_pick_place_ws/install/linkattacher_msgs/lib/python3.10/site-packages'
[2.308s] [34mcolcon.colcon_core.environment[0m [1;30mLevel 1[0m checking '/home/ubuntu/research_ws/ur10_pick_place_ws/install/linkattacher_msgs/bin'
[2.309s] [34mcolcon.colcon_core.shell[0m [1;30mINFO[0m Creating package script '/home/ubuntu/research_ws/ur10_pick_place_ws/install/linkattacher_msgs/share/linkattacher_msgs/package.ps1'
[2.311s] [34mcolcon.colcon_core.shell[0m [1;30mINFO[0m Creating package descriptor '/home/ubuntu/research_ws/ur10_pick_place_ws/install/linkattacher_msgs/share/linkattacher_msgs/package.dsv'
[2.312s] [34mcolcon.colcon_core.shell[0m [1;30mINFO[0m Creating package script '/home/ubuntu/research_ws/ur10_pick_place_ws/install/linkattacher_msgs/share/linkattacher_msgs/package.sh'
[2.314s] [34mcolcon.colcon_core.shell[0m [1;30mINFO[0m Creating package script '/home/ubuntu/research_ws/ur10_pick_place_ws/install/linkattacher_msgs/share/linkattacher_msgs/package.bash'
[2.315s] [34mcolcon.colcon_core.shell[0m [1;30mINFO[0m Creating package script '/home/ubuntu/research_ws/ur10_pick_place_ws/install/linkattacher_msgs/share/linkattacher_msgs/package.zsh'
[2.316s] [34mcolcon.colcon_core.environment[0m [1;30mLevel 1[0m create_file_with_runtime_dependencies(/home/ubuntu/research_ws/ur10_pick_place_ws/install/linkattacher_msgs/share/colcon-core/packages/linkattacher_msgs)
[2.317s] [34mcolcon.colcon_ros.task.ament_cmake.build[0m [1;30mINFO[0m Building ROS package in '/home/ubuntu/research_ws/ur10_pick_place_ws/src/ur_yt_sim' with build type 'ament_cmake'
[2.317s] [34mcolcon.colcon_cmake.task.cmake.build[0m [1;30mINFO[0m Building CMake package in '/home/ubuntu/research_ws/ur10_pick_place_ws/src/ur_yt_sim'
[2.318s] [34mcolcon.colcon_core.shell[0m [1;30mINFO[0m Skip shell extension 'powershell' for command environment: Not usable outside of PowerShell
[2.318s] [34mcolcon.colcon_core.shell[0m [1;30mDEBUG[0m [32mSkip shell extension 'dsv' for command environment[0m
[2.338s] [34mcolcon.colcon_ros.task.ament_cmake.build[0m [1;30mINFO[0m Building ROS package in '/home/ubuntu/research_ws/ur10_pick_place_ws/src/linkattacher_plugin' with build type 'ament_cmake'
[2.338s] [34mcolcon.colcon_cmake.task.cmake.build[0m [1;30mINFO[0m Building CMake package in '/home/ubuntu/research_ws/ur10_pick_place_ws/src/linkattacher_plugin'
[2.339s] [34mcolcon.colcon_core.shell[0m [1;30mINFO[0m Skip shell extension 'powershell' for command environment: Not usable outside of PowerShell
[2.339s] [34mcolcon.colcon_core.shell[0m [1;30mDEBUG[0m [32mSkip shell extension 'dsv' for command environment[0m
[2.361s] [34mcolcon.colcon_core.event_handler.log_command[0m [1;30mDEBUG[0m [32mInvoking command in '/home/ubuntu/research_ws/ur10_pick_place_ws/build/ur_yt_sim': CMAKE_PREFIX_PATH=/home/ubuntu/research_ws/ur10_pick_place_ws/install/linkattacher_msgs:/home/ubuntu/research_ws/ur10_pick_place_ws/install/ur10_pick_place:/home/ubuntu/research_ws/ur10_pick_place_ws/install/ur10_camera_gripper_moveit_config:/home/ubuntu/research_ws/ur10_pick_place_ws/install/ur_yt_sim:/home/ubuntu/research_ws/ur10_pick_place_ws/install/ur_simulation_gazebo:/home/ubuntu/research_ws/ur10_pick_place_ws/install/ros2_linkattacher:/home/ubuntu/research_ws/ur10_pick_place_ws/install/robotiq_description:/home/ubuntu/research_ws/ur10_pick_place_ws/install/robotiq_controllers:/home/ubuntu/research_ws/ur10_pick_place_ws/install/robotiq_3f_interfaces:/home/ubuntu/research_ws/ur10_pick_place_ws/install/robotiq_3f_description:/home/ubuntu/ur_camera_ws/install/ur_moveit_config:/home/ubuntu/ur_camera_ws/install/easy_handeye2_msgs:/home/ubuntu/ur_camera_ws/install/depthai-ros:/home/ubuntu/ur_camera_ws/install/depthai_ros_driver:/home/ubuntu/ur_camera_ws/install/depthai_filters:/home/ubuntu/ur_camera_ws/install/depthai_examples:/home/ubuntu/ur_camera_ws/install/depthai_bridge:/home/ubuntu/ur_camera_ws/install/depthai_ros_msgs:/home/ubuntu/ur_camera_ws/install/depthai_descriptions:/home/ubuntu/research_ws/ur10_pick_place_ws/install/grasp_executor:/home/ubuntu/ur_camera_ws/install/pick_place:/home/ubuntu/ur_camera_ws/install/easy_handeye2:/opt/ros/humble LD_LIBRARY_PATH=/home/ubuntu/research_ws/ur10_pick_place_ws/install/linkattacher_msgs/lib:/home/ubuntu/research_ws/ur10_pick_place_ws/install/robotiq_controllers/lib:/home/ubuntu/research_ws/ur10_pick_place_ws/install/robotiq_3f_interfaces/lib:/home/ubuntu/.local/lib/python3.10/site-packages/nvidia/cusparselt/lib:/usr/local/cuda/lib64:/home/ubuntu/ur_camera_ws/install/easy_handeye2_msgs/lib:/home/ubuntu/ur_camera_ws/install/depthai_ros_driver/lib:/home/ubuntu/ur_camera_ws/install/depthai_filters/lib:/home/ubuntu/ur_camera_ws/install/depthai_bridge/lib:/home/ubuntu/ur_camera_ws/install/depthai_ros_msgs/lib:/opt/ros/humble/opt/rviz_ogre_vendor/lib:/opt/ros/humble/lib/aarch64-linux-gnu:/opt/ros/humble/lib /usr/bin/cmake --build /home/ubuntu/research_ws/ur10_pick_place_ws/build/ur_yt_sim -- -j12 -l12[0m
[2.369s] [34mcolcon.colcon_core.event_handler.log_command[0m [1;30mDEBUG[0m [32mInvoking command in '/home/ubuntu/research_ws/ur10_pick_place_ws/build/ros2_linkattacher': CMAKE_PREFIX_PATH=/home/ubuntu/research_ws/ur10_pick_place_ws/install/linkattacher_msgs:/home/ubuntu/research_ws/ur10_pick_place_ws/install/ur10_pick_place:/home/ubuntu/research_ws/ur10_pick_place_ws/install/ur10_camera_gripper_moveit_config:/home/ubuntu/research_ws/ur10_pick_place_ws/install/ur_yt_sim:/home/ubuntu/research_ws/ur10_pick_place_ws/install/ur_simulation_gazebo:/home/ubuntu/research_ws/ur10_pick_place_ws/install/ros2_linkattacher:/home/ubuntu/research_ws/ur10_pick_place_ws/install/robotiq_description:/home/ubuntu/research_ws/ur10_pick_place_ws/install/robotiq_controllers:/home/ubuntu/research_ws/ur10_pick_place_ws/install/robotiq_3f_interfaces:/home/ubuntu/research_ws/ur10_pick_place_ws/install/robotiq_3f_description:/home/ubuntu/ur_camera_ws/install/ur_moveit_config:/home/ubuntu/ur_camera_ws/install/easy_handeye2_msgs:/home/ubuntu/ur_camera_ws/install/depthai-ros:/home/ubuntu/ur_camera_ws/install/depthai_ros_driver:/home/ubuntu/ur_camera_ws/install/depthai_filters:/home/ubuntu/ur_camera_ws/install/depthai_examples:/home/ubuntu/ur_camera_ws/install/depthai_bridge:/home/ubuntu/ur_camera_ws/install/depthai_ros_msgs:/home/ubuntu/ur_camera_ws/install/depthai_descriptions:/home/ubuntu/research_ws/ur10_pick_place_ws/install/grasp_executor:/home/ubuntu/ur_camera_ws/install/pick_place:/home/ubuntu/ur_camera_ws/install/easy_handeye2:/opt/ros/humble LD_LIBRARY_PATH=/home/ubuntu/research_ws/ur10_pick_place_ws/install/linkattacher_msgs/lib:/home/ubuntu/research_ws/ur10_pick_place_ws/install/robotiq_controllers/lib:/home/ubuntu/research_ws/ur10_pick_place_ws/install/robotiq_3f_interfaces/lib:/home/ubuntu/.local/lib/python3.10/site-packages/nvidia/cusparselt/lib:/usr/local/cuda/lib64:/home/ubuntu/ur_camera_ws/install/easy_handeye2_msgs/lib:/home/ubuntu/ur_camera_ws/install/depthai_ros_driver/lib:/home/ubuntu/ur_camera_ws/install/depthai_filters/lib:/home/ubuntu/ur_camera_ws/install/depthai_bridge/lib:/home/ubuntu/ur_camera_ws/install/depthai_ros_msgs/lib:/opt/ros/humble/opt/rviz_ogre_vendor/lib:/opt/ros/humble/lib/aarch64-linux-gnu:/opt/ros/humble/lib /usr/bin/cmake --build /home/ubuntu/research_ws/ur10_pick_place_ws/build/ros2_linkattacher -- -j12 -l12[0m
[2.449s] [34mcolcon.colcon_core.event_handler.log_command[0m [1;30mDEBUG[0m [32mInvoked command in '/home/ubuntu/research_ws/ur10_pick_place_ws/build/ros2_linkattacher' returned '0': CMAKE_PREFIX_PATH=/home/ubuntu/research_ws/ur10_pick_place_ws/install/linkattacher_msgs:/home/ubuntu/research_ws/ur10_pick_place_ws/install/ur10_pick_place:/home/ubuntu/research_ws/ur10_pick_place_ws/install/ur10_camera_gripper_moveit_config:/home/ubuntu/research_ws/ur10_pick_place_ws/install/ur_yt_sim:/home/ubuntu/research_ws/ur10_pick_place_ws/install/ur_simulation_gazebo:/home/ubuntu/research_ws/ur10_pick_place_ws/install/ros2_linkattacher:/home/ubuntu/research_ws/ur10_pick_place_ws/install/robotiq_description:/home/ubuntu/research_ws/ur10_pick_place_ws/install/robotiq_controllers:/home/ubuntu/research_ws/ur10_pick_place_ws/install/robotiq_3f_interfaces:/home/ubuntu/research_ws/ur10_pick_place_ws/install/robotiq_3f_description:/home/ubuntu/ur_camera_ws/install/ur_moveit_config:/home/ubuntu/ur_camera_ws/install/easy_handeye2_msgs:/home/ubuntu/ur_camera_ws/install/depthai-ros:/home/ubuntu/ur_camera_ws/install/depthai_ros_driver:/home/ubuntu/ur_camera_ws/install/depthai_filters:/home/ubuntu/ur_camera_ws/install/depthai_examples:/home/ubuntu/ur_camera_ws/install/depthai_bridge:/home/ubuntu/ur_camera_ws/install/depthai_ros_msgs:/home/ubuntu/ur_camera_ws/install/depthai_descriptions:/home/ubuntu/research_ws/ur10_pick_place_ws/install/grasp_executor:/home/ubuntu/ur_camera_ws/install/pick_place:/home/ubuntu/ur_camera_ws/install/easy_handeye2:/opt/ros/humble LD_LIBRARY_PATH=/home/ubuntu/research_ws/ur10_pick_place_ws/install/linkattacher_msgs/lib:/home/ubuntu/research_ws/ur10_pick_place_ws/install/robotiq_controllers/lib:/home/ubuntu/research_ws/ur10_pick_place_ws/install/robotiq_3f_interfaces/lib:/home/ubuntu/.local/lib/python3.10/site-packages/nvidia/cusparselt/lib:/usr/local/cuda/lib64:/home/ubuntu/ur_camera_ws/install/easy_handeye2_msgs/lib:/home/ubuntu/ur_camera_ws/install/depthai_ros_driver/lib:/home/ubuntu/ur_camera_ws/install/depthai_filters/lib:/home/ubuntu/ur_camera_ws/install/depthai_bridge/lib:/home/ubuntu/ur_camera_ws/install/depthai_ros_msgs/lib:/opt/ros/humble/opt/rviz_ogre_vendor/lib:/opt/ros/humble/lib/aarch64-linux-gnu:/opt/ros/humble/lib /usr/bin/cmake --build /home/ubuntu/research_ws/ur10_pick_place_ws/build/ros2_linkattacher -- -j12 -l12[0m
[2.452s] [34mcolcon.colcon_core.event_handler.log_command[0m [1;30mDEBUG[0m [32mInvoking command in '/home/ubuntu/research_ws/ur10_pick_place_ws/build/ros2_linkattacher': CMAKE_PREFIX_PATH=/home/ubuntu/research_ws/ur10_pick_place_ws/install/linkattacher_msgs:/home/ubuntu/research_ws/ur10_pick_place_ws/install/ur10_pick_place:/home/ubuntu/research_ws/ur10_pick_place_ws/install/ur10_camera_gripper_moveit_config:/home/ubuntu/research_ws/ur10_pick_place_ws/install/ur_yt_sim:/home/ubuntu/research_ws/ur10_pick_place_ws/install/ur_simulation_gazebo:/home/ubuntu/research_ws/ur10_pick_place_ws/install/ros2_linkattacher:/home/ubuntu/research_ws/ur10_pick_place_ws/install/robotiq_description:/home/ubuntu/research_ws/ur10_pick_place_ws/install/robotiq_controllers:/home/ubuntu/research_ws/ur10_pick_place_ws/install/robotiq_3f_interfaces:/home/ubuntu/research_ws/ur10_pick_place_ws/install/robotiq_3f_description:/home/ubuntu/ur_camera_ws/install/ur_moveit_config:/home/ubuntu/ur_camera_ws/install/easy_handeye2_msgs:/home/ubuntu/ur_camera_ws/install/depthai-ros:/home/ubuntu/ur_camera_ws/install/depthai_ros_driver:/home/ubuntu/ur_camera_ws/install/depthai_filters:/home/ubuntu/ur_camera_ws/install/depthai_examples:/home/ubuntu/ur_camera_ws/install/depthai_bridge:/home/ubuntu/ur_camera_ws/install/depthai_ros_msgs:/home/ubuntu/ur_camera_ws/install/depthai_descriptions:/home/ubuntu/research_ws/ur10_pick_place_ws/install/grasp_executor:/home/ubuntu/ur_camera_ws/install/pick_place:/home/ubuntu/ur_camera_ws/install/easy_handeye2:/opt/ros/humble LD_LIBRARY_PATH=/home/ubuntu/research_ws/ur10_pick_place_ws/install/linkattacher_msgs/lib:/home/ubuntu/research_ws/ur10_pick_place_ws/install/robotiq_controllers/lib:/home/ubuntu/research_ws/ur10_pick_place_ws/install/robotiq_3f_interfaces/lib:/home/ubuntu/.local/lib/python3.10/site-packages/nvidia/cusparselt/lib:/usr/local/cuda/lib64:/home/ubuntu/ur_camera_ws/install/easy_handeye2_msgs/lib:/home/ubuntu/ur_camera_ws/install/depthai_ros_driver/lib:/home/ubuntu/ur_camera_ws/install/depthai_filters/lib:/home/ubuntu/ur_camera_ws/install/depthai_bridge/lib:/home/ubuntu/ur_camera_ws/install/depthai_ros_msgs/lib:/opt/ros/humble/opt/rviz_ogre_vendor/lib:/opt/ros/humble/lib/aarch64-linux-gnu:/opt/ros/humble/lib /usr/bin/cmake --install /home/ubuntu/research_ws/ur10_pick_place_ws/build/ros2_linkattacher[0m
[2.475s] [34mcolcon.colcon_core.environment[0m [1;30mLevel 1[0m create_environment_scripts_only(ros2_linkattacher)
[2.476s] [34mcolcon.colcon_core.environment[0m [1;30mLevel 1[0m checking '/home/ubuntu/research_ws/ur10_pick_place_ws/install/ros2_linkattacher' for CMake module files
[2.477s] [34mcolcon.colcon_core.event_handler.log_command[0m [1;30mDEBUG[0m [32mInvoked command in '/home/ubuntu/research_ws/ur10_pick_place_ws/build/ros2_linkattacher' returned '0': CMAKE_PREFIX_PATH=/home/ubuntu/research_ws/ur10_pick_place_ws/install/linkattacher_msgs:/home/ubuntu/research_ws/ur10_pick_place_ws/install/ur10_pick_place:/home/ubuntu/research_ws/ur10_pick_place_ws/install/ur10_camera_gripper_moveit_config:/home/ubuntu/research_ws/ur10_pick_place_ws/install/ur_yt_sim:/home/ubuntu/research_ws/ur10_pick_place_ws/install/ur_simulation_gazebo:/home/ubuntu/research_ws/ur10_pick_place_ws/install/ros2_linkattacher:/home/ubuntu/research_ws/ur10_pick_place_ws/install/robotiq_description:/home/ubuntu/research_ws/ur10_pick_place_ws/install/robotiq_controllers:/home/ubuntu/research_ws/ur10_pick_place_ws/install/robotiq_3f_interfaces:/home/ubuntu/research_ws/ur10_pick_place_ws/install/robotiq_3f_description:/home/ubuntu/ur_camera_ws/install/ur_moveit_config:/home/ubuntu/ur_camera_ws/install/easy_handeye2_msgs:/home/ubuntu/ur_camera_ws/install/depthai-ros:/home/ubuntu/ur_camera_ws/install/depthai_ros_driver:/home/ubuntu/ur_camera_ws/install/depthai_filters:/home/ubuntu/ur_camera_ws/install/depthai_examples:/home/ubuntu/ur_camera_ws/install/depthai_bridge:/home/ubuntu/ur_camera_ws/install/depthai_ros_msgs:/home/ubuntu/ur_camera_ws/install/depthai_descriptions:/home/ubuntu/research_ws/ur10_pick_place_ws/install/grasp_executor:/home/ubuntu/ur_camera_ws/install/pick_place:/home/ubuntu/ur_camera_ws/install/easy_handeye2:/opt/ros/humble LD_LIBRARY_PATH=/home/ubuntu/research_ws/ur10_pick_place_ws/install/linkattacher_msgs/lib:/home/ubuntu/research_ws/ur10_pick_place_ws/install/robotiq_controllers/lib:/home/ubuntu/research_ws/ur10_pick_place_ws/install/robotiq_3f_interfaces/lib:/home/ubuntu/.local/lib/python3.10/site-packages/nvidia/cusparselt/lib:/usr/local/cuda/lib64:/home/ubuntu/ur_camera_ws/install/easy_handeye2_msgs/lib:/home/ubuntu/ur_camera_ws/install/depthai_ros_driver/lib:/home/ubuntu/ur_camera_ws/install/depthai_filters/lib:/home/ubuntu/ur_camera_ws/install/depthai_bridge/lib:/home/ubuntu/ur_camera_ws/install/depthai_ros_msgs/lib:/opt/ros/humble/opt/rviz_ogre_vendor/lib:/opt/ros/humble/lib/aarch64-linux-gnu:/opt/ros/humble/lib /usr/bin/cmake --install /home/ubuntu/research_ws/ur10_pick_place_ws/build/ros2_linkattacher[0m
[2.478s] [34mcolcon.colcon_core.environment[0m [1;30mLevel 1[0m checking '/home/ubuntu/research_ws/ur10_pick_place_ws/install/ros2_linkattacher' for CMake config files
[2.479s] [34mcolcon.colcon_core.shell[0m [1;30mLevel 1[0m create_environment_hook('ros2_linkattacher', 'cmake_prefix_path')
[2.479s] [34mcolcon.colcon_core.shell[0m [1;30mINFO[0m Creating environment hook '/home/ubuntu/research_ws/ur10_pick_place_ws/install/ros2_linkattacher/share/ros2_linkattacher/hook/cmake_prefix_path.ps1'
[2.481s] [34mcolcon.colcon_core.shell[0m [1;30mINFO[0m Creating environment descriptor '/home/ubuntu/research_ws/ur10_pick_place_ws/install/ros2_linkattacher/share/ros2_linkattacher/hook/cmake_prefix_path.dsv'
[2.482s] [34mcolcon.colcon_core.shell[0m [1;30mINFO[0m Creating environment hook '/home/ubuntu/research_ws/ur10_pick_place_ws/install/ros2_linkattacher/share/ros2_linkattacher/hook/cmake_prefix_path.sh'
[2.483s] [34mcolcon.colcon_core.environment[0m [1;30mLevel 1[0m checking '/home/ubuntu/research_ws/ur10_pick_place_ws/install/ros2_linkattacher/bin'
[2.483s] [34mcolcon.colcon_core.environment[0m [1;30mLevel 1[0m checking '/home/ubuntu/research_ws/ur10_pick_place_ws/install/ros2_linkattacher/lib/pkgconfig/ros2_linkattacher.pc'
[2.484s] [34mcolcon.colcon_core.environment[0m [1;30mLevel 1[0m checking '/home/ubuntu/research_ws/ur10_pick_place_ws/install/ros2_linkattacher/lib/python3.10/site-packages'
[2.485s] [34mcolcon.colcon_core.environment[0m [1;30mLevel 1[0m checking '/home/ubuntu/research_ws/ur10_pick_place_ws/install/ros2_linkattacher/bin'
[2.485s] [34mcolcon.colcon_core.shell[0m [1;30mINFO[0m Creating package script '/home/ubuntu/research_ws/ur10_pick_place_ws/install/ros2_linkattacher/share/ros2_linkattacher/package.ps1'
[2.487s] [34mcolcon.colcon_core.shell[0m [1;30mINFO[0m Creating package descriptor '/home/ubuntu/research_ws/ur10_pick_place_ws/install/ros2_linkattacher/share/ros2_linkattacher/package.dsv'
[2.488s] [34mcolcon.colcon_core.shell[0m [1;30mINFO[0m Creating package script '/home/ubuntu/research_ws/ur10_pick_place_ws/install/ros2_linkattacher/share/ros2_linkattacher/package.sh'
[2.489s] [34mcolcon.colcon_core.shell[0m [1;30mINFO[0m Creating package script '/home/ubuntu/research_ws/ur10_pick_place_ws/install/ros2_linkattacher/share/ros2_linkattacher/package.bash'
[2.489s] [34mcolcon.colcon_core.shell[0m [1;30mINFO[0m Creating package script '/home/ubuntu/research_ws/ur10_pick_place_ws/install/ros2_linkattacher/share/ros2_linkattacher/package.zsh'
[2.490s] [34mcolcon.colcon_core.environment[0m [1;30mLevel 1[0m create_file_with_runtime_dependencies(/home/ubuntu/research_ws/ur10_pick_place_ws/install/ros2_linkattacher/share/colcon-core/packages/ros2_linkattacher)
[2.492s] [34mcolcon.colcon_core.environment[0m [1;30mLevel 1[0m create_environment_scripts_only(ros2_linkattacher)
[2.492s] [34mcolcon.colcon_core.environment[0m [1;30mLevel 1[0m checking '/home/ubuntu/research_ws/ur10_pick_place_ws/install/ros2_linkattacher' for CMake module files
[2.493s] [34mcolcon.colcon_core.environment[0m [1;30mLevel 1[0m checking '/home/ubuntu/research_ws/ur10_pick_place_ws/install/ros2_linkattacher' for CMake config files
[2.494s] [34mcolcon.colcon_core.shell[0m [1;30mLevel 1[0m create_environment_hook('ros2_linkattacher', 'cmake_prefix_path')
[2.494s] [34mcolcon.colcon_core.shell[0m [1;30mINFO[0m Creating environment hook '/home/ubuntu/research_ws/ur10_pick_place_ws/install/ros2_linkattacher/share/ros2_linkattacher/hook/cmake_prefix_path.ps1'
[2.495s] [34mcolcon.colcon_core.shell[0m [1;30mINFO[0m Creating environment descriptor '/home/ubuntu/research_ws/ur10_pick_place_ws/install/ros2_linkattacher/share/ros2_linkattacher/hook/cmake_prefix_path.dsv'
[2.496s] [34mcolcon.colcon_core.shell[0m [1;30mINFO[0m Creating environment hook '/home/ubuntu/research_ws/ur10_pick_place_ws/install/ros2_linkattacher/share/ros2_linkattacher/hook/cmake_prefix_path.sh'
[2.498s] [34mcolcon.colcon_core.environment[0m [1;30mLevel 1[0m checking '/home/ubuntu/research_ws/ur10_pick_place_ws/install/ros2_linkattacher/bin'
[2.498s] [34mcolcon.colcon_core.environment[0m [1;30mLevel 1[0m checking '/home/ubuntu/research_ws/ur10_pick_place_ws/install/ros2_linkattacher/lib/pkgconfig/ros2_linkattacher.pc'
[2.498s] [34mcolcon.colcon_core.environment[0m [1;30mLevel 1[0m checking '/home/ubuntu/research_ws/ur10_pick_place_ws/install/ros2_linkattacher/lib/python3.10/site-packages'
[2.499s] [34mcolcon.colcon_core.environment[0m [1;30mLevel 1[0m checking '/home/ubuntu/research_ws/ur10_pick_place_ws/install/ros2_linkattacher/bin'
[2.500s] [34mcolcon.colcon_core.shell[0m [1;30mINFO[0m Creating package script '/home/ubuntu/research_ws/ur10_pick_place_ws/install/ros2_linkattacher/share/ros2_linkattacher/package.ps1'
[2.502s] [34mcolcon.colcon_core.shell[0m [1;30mINFO[0m Creating package descriptor '/home/ubuntu/research_ws/ur10_pick_place_ws/install/ros2_linkattacher/share/ros2_linkattacher/package.dsv'
[2.503s] [34mcolcon.colcon_core.shell[0m [1;30mINFO[0m Creating package script '/home/ubuntu/research_ws/ur10_pick_place_ws/install/ros2_linkattacher/share/ros2_linkattacher/package.sh'
[2.505s] [34mcolcon.colcon_core.shell[0m [1;30mINFO[0m Creating package script '/home/ubuntu/research_ws/ur10_pick_place_ws/install/ros2_linkattacher/share/ros2_linkattacher/package.bash'
[2.506s] [34mcolcon.colcon_core.shell[0m [1;30mINFO[0m Creating package script '/home/ubuntu/research_ws/ur10_pick_place_ws/install/ros2_linkattacher/share/ros2_linkattacher/package.zsh'
[2.507s] [34mcolcon.colcon_core.environment[0m [1;30mLevel 1[0m create_file_with_runtime_dependencies(/home/ubuntu/research_ws/ur10_pick_place_ws/install/ros2_linkattacher/share/colcon-core/packages/ros2_linkattacher)
[2.528s] [34mcolcon.colcon_core.event_handler.log_command[0m [1;30mDEBUG[0m [32mInvoked command in '/home/ubuntu/research_ws/ur10_pick_place_ws/build/ur_yt_sim' returned '0': CMAKE_PREFIX_PATH=/home/ubuntu/research_ws/ur10_pick_place_ws/install/linkattacher_msgs:/home/ubuntu/research_ws/ur10_pick_place_ws/install/ur10_pick_place:/home/ubuntu/research_ws/ur10_pick_place_ws/install/ur10_camera_gripper_moveit_config:/home/ubuntu/research_ws/ur10_pick_place_ws/install/ur_yt_sim:/home/ubuntu/research_ws/ur10_pick_place_ws/install/ur_simulation_gazebo:/home/ubuntu/research_ws/ur10_pick_place_ws/install/ros2_linkattacher:/home/ubuntu/research_ws/ur10_pick_place_ws/install/robotiq_description:/home/ubuntu/research_ws/ur10_pick_place_ws/install/robotiq_controllers:/home/ubuntu/research_ws/ur10_pick_place_ws/install/robotiq_3f_interfaces:/home/ubuntu/research_ws/ur10_pick_place_ws/install/robotiq_3f_description:/home/ubuntu/ur_camera_ws/install/ur_moveit_config:/home/ubuntu/ur_camera_ws/install/easy_handeye2_msgs:/home/ubuntu/ur_camera_ws/install/depthai-ros:/home/ubuntu/ur_camera_ws/install/depthai_ros_driver:/home/ubuntu/ur_camera_ws/install/depthai_filters:/home/ubuntu/ur_camera_ws/install/depthai_examples:/home/ubuntu/ur_camera_ws/install/depthai_bridge:/home/ubuntu/ur_camera_ws/install/depthai_ros_msgs:/home/ubuntu/ur_camera_ws/install/depthai_descriptions:/home/ubuntu/research_ws/ur10_pick_place_ws/install/grasp_executor:/home/ubuntu/ur_camera_ws/install/pick_place:/home/ubuntu/ur_camera_ws/install/easy_handeye2:/opt/ros/humble LD_LIBRARY_PATH=/home/ubuntu/research_ws/ur10_pick_place_ws/install/linkattacher_msgs/lib:/home/ubuntu/research_ws/ur10_pick_place_ws/install/robotiq_controllers/lib:/home/ubuntu/research_ws/ur10_pick_place_ws/install/robotiq_3f_interfaces/lib:/home/ubuntu/.local/lib/python3.10/site-packages/nvidia/cusparselt/lib:/usr/local/cuda/lib64:/home/ubuntu/ur_camera_ws/install/easy_handeye2_msgs/lib:/home/ubuntu/ur_camera_ws/install/depthai_ros_driver/lib:/home/ubuntu/ur_camera_ws/install/depthai_filters/lib:/home/ubuntu/ur_camera_ws/install/depthai_bridge/lib:/home/ubuntu/ur_camera_ws/install/depthai_ros_msgs/lib:/opt/ros/humble/opt/rviz_ogre_vendor/lib:/opt/ros/humble/lib/aarch64-linux-gnu:/opt/ros/humble/lib /usr/bin/cmake --build /home/ubuntu/research_ws/ur10_pick_place_ws/build/ur_yt_sim -- -j12 -l12[0m
[2.534s] [34mcolcon.colcon_core.event_handler.log_command[0m [1;30mDEBUG[0m [32mInvoking command in '/home/ubuntu/research_ws/ur10_pick_place_ws/build/ur_yt_sim': CMAKE_PREFIX_PATH=/home/ubuntu/research_ws/ur10_pick_place_ws/install/linkattacher_msgs:/home/ubuntu/research_ws/ur10_pick_place_ws/install/ur10_pick_place:/home/ubuntu/research_ws/ur10_pick_place_ws/install/ur10_camera_gripper_moveit_config:/home/ubuntu/research_ws/ur10_pick_place_ws/install/ur_yt_sim:/home/ubuntu/research_ws/ur10_pick_place_ws/install/ur_simulation_gazebo:/home/ubuntu/research_ws/ur10_pick_place_ws/install/ros2_linkattacher:/home/ubuntu/research_ws/ur10_pick_place_ws/install/robotiq_description:/home/ubuntu/research_ws/ur10_pick_place_ws/install/robotiq_controllers:/home/ubuntu/research_ws/ur10_pick_place_ws/install/robotiq_3f_interfaces:/home/ubuntu/research_ws/ur10_pick_place_ws/install/robotiq_3f_description:/home/ubuntu/ur_camera_ws/install/ur_moveit_config:/home/ubuntu/ur_camera_ws/install/easy_handeye2_msgs:/home/ubuntu/ur_camera_ws/install/depthai-ros:/home/ubuntu/ur_camera_ws/install/depthai_ros_driver:/home/ubuntu/ur_camera_ws/install/depthai_filters:/home/ubuntu/ur_camera_ws/install/depthai_examples:/home/ubuntu/ur_camera_ws/install/depthai_bridge:/home/ubuntu/ur_camera_ws/install/depthai_ros_msgs:/home/ubuntu/ur_camera_ws/install/depthai_descriptions:/home/ubuntu/research_ws/ur10_pick_place_ws/install/grasp_executor:/home/ubuntu/ur_camera_ws/install/pick_place:/home/ubuntu/ur_camera_ws/install/easy_handeye2:/opt/ros/humble LD_LIBRARY_PATH=/home/ubuntu/research_ws/ur10_pick_place_ws/install/linkattacher_msgs/lib:/home/ubuntu/research_ws/ur10_pick_place_ws/install/robotiq_controllers/lib:/home/ubuntu/research_ws/ur10_pick_place_ws/install/robotiq_3f_interfaces/lib:/home/ubuntu/.local/lib/python3.10/site-packages/nvidia/cusparselt/lib:/usr/local/cuda/lib64:/home/ubuntu/ur_camera_ws/install/easy_handeye2_msgs/lib:/home/ubuntu/ur_camera_ws/install/depthai_ros_driver/lib:/home/ubuntu/ur_camera_ws/install/depthai_filters/lib:/home/ubuntu/ur_camera_ws/install/depthai_bridge/lib:/home/ubuntu/ur_camera_ws/install/depthai_ros_msgs/lib:/opt/ros/humble/opt/rviz_ogre_vendor/lib:/opt/ros/humble/lib/aarch64-linux-gnu:/opt/ros/humble/lib /usr/bin/cmake --install /home/ubuntu/research_ws/ur10_pick_place_ws/build/ur_yt_sim[0m
[2.561s] [34mcolcon.colcon_core.environment[0m [1;30mLevel 1[0m create_environment_scripts_only(ur_yt_sim)
[2.562s] [34mcolcon.colcon_core.environment[0m [1;30mLevel 1[0m checking '/home/ubuntu/research_ws/ur10_pick_place_ws/install/ur_yt_sim' for CMake module files
[2.567s] [34mcolcon.colcon_core.environment[0m [1;30mLevel 1[0m checking '/home/ubuntu/research_ws/ur10_pick_place_ws/install/ur_yt_sim' for CMake config files
[2.570s] [34mcolcon.colcon_core.event_handler.log_command[0m [1;30mDEBUG[0m [32mInvoked command in '/home/ubuntu/research_ws/ur10_pick_place_ws/build/ur_yt_sim' returned '0': CMAKE_PREFIX_PATH=/home/ubuntu/research_ws/ur10_pick_place_ws/install/linkattacher_msgs:/home/ubuntu/research_ws/ur10_pick_place_ws/install/ur10_pick_place:/home/ubuntu/research_ws/ur10_pick_place_ws/install/ur10_camera_gripper_moveit_config:/home/ubuntu/research_ws/ur10_pick_place_ws/install/ur_yt_sim:/home/ubuntu/research_ws/ur10_pick_place_ws/install/ur_simulation_gazebo:/home/ubuntu/research_ws/ur10_pick_place_ws/install/ros2_linkattacher:/home/ubuntu/research_ws/ur10_pick_place_ws/install/robotiq_description:/home/ubuntu/research_ws/ur10_pick_place_ws/install/robotiq_controllers:/home/ubuntu/research_ws/ur10_pick_place_ws/install/robotiq_3f_interfaces:/home/ubuntu/research_ws/ur10_pick_place_ws/install/robotiq_3f_description:/home/ubuntu/ur_camera_ws/install/ur_moveit_config:/home/ubuntu/ur_camera_ws/install/easy_handeye2_msgs:/home/ubuntu/ur_camera_ws/install/depthai-ros:/home/ubuntu/ur_camera_ws/install/depthai_ros_driver:/home/ubuntu/ur_camera_ws/install/depthai_filters:/home/ubuntu/ur_camera_ws/install/depthai_examples:/home/ubuntu/ur_camera_ws/install/depthai_bridge:/home/ubuntu/ur_camera_ws/install/depthai_ros_msgs:/home/ubuntu/ur_camera_ws/install/depthai_descriptions:/home/ubuntu/research_ws/ur10_pick_place_ws/install/grasp_executor:/home/ubuntu/ur_camera_ws/install/pick_place:/home/ubuntu/ur_camera_ws/install/easy_handeye2:/opt/ros/humble LD_LIBRARY_PATH=/home/ubuntu/research_ws/ur10_pick_place_ws/install/linkattacher_msgs/lib:/home/ubuntu/research_ws/ur10_pick_place_ws/install/robotiq_controllers/lib:/home/ubuntu/research_ws/ur10_pick_place_ws/install/robotiq_3f_interfaces/lib:/home/ubuntu/.local/lib/python3.10/site-packages/nvidia/cusparselt/lib:/usr/local/cuda/lib64:/home/ubuntu/ur_camera_ws/install/easy_handeye2_msgs/lib:/home/ubuntu/ur_camera_ws/install/depthai_ros_driver/lib:/home/ubuntu/ur_camera_ws/install/depthai_filters/lib:/home/ubuntu/ur_camera_ws/install/depthai_bridge/lib:/home/ubuntu/ur_camera_ws/install/depthai_ros_msgs/lib:/opt/ros/humble/opt/rviz_ogre_vendor/lib:/opt/ros/humble/lib/aarch64-linux-gnu:/opt/ros/humble/lib /usr/bin/cmake --install /home/ubuntu/research_ws/ur10_pick_place_ws/build/ur_yt_sim[0m
[2.572s] [34mcolcon.colcon_core.shell[0m [1;30mLevel 1[0m create_environment_hook('ur_yt_sim', 'cmake_prefix_path')
[2.573s] [34mcolcon.colcon_core.shell[0m [1;30mINFO[0m Creating environment hook '/home/ubuntu/research_ws/ur10_pick_place_ws/install/ur_yt_sim/share/ur_yt_sim/hook/cmake_prefix_path.ps1'
[2.575s] [34mcolcon.colcon_core.shell[0m [1;30mINFO[0m Creating environment descriptor '/home/ubuntu/research_ws/ur10_pick_place_ws/install/ur_yt_sim/share/ur_yt_sim/hook/cmake_prefix_path.dsv'
[2.576s] [34mcolcon.colcon_core.shell[0m [1;30mINFO[0m Creating environment hook '/home/ubuntu/research_ws/ur10_pick_place_ws/install/ur_yt_sim/share/ur_yt_sim/hook/cmake_prefix_path.sh'
[2.578s] [34mcolcon.colcon_core.environment[0m [1;30mLevel 1[0m checking '/home/ubuntu/research_ws/ur10_pick_place_ws/install/ur_yt_sim/lib'
[2.579s] [34mcolcon.colcon_core.environment[0m [1;30mLevel 1[0m checking '/home/ubuntu/research_ws/ur10_pick_place_ws/install/ur_yt_sim/bin'
[2.579s] [34mcolcon.colcon_core.environment[0m [1;30mLevel 1[0m checking '/home/ubuntu/research_ws/ur10_pick_place_ws/install/ur_yt_sim/lib/pkgconfig/ur_yt_sim.pc'
[2.580s] [34mcolcon.colcon_core.environment[0m [1;30mLevel 1[0m checking '/home/ubuntu/research_ws/ur10_pick_place_ws/install/ur_yt_sim/lib/python3.10/site-packages'
[2.581s] [34mcolcon.colcon_core.environment[0m [1;30mLevel 1[0m checking '/home/ubuntu/research_ws/ur10_pick_place_ws/install/ur_yt_sim/bin'
[2.582s] [34mcolcon.colcon_core.shell[0m [1;30mINFO[0m Creating package script '/home/ubuntu/research_ws/ur10_pick_place_ws/install/ur_yt_sim/share/ur_yt_sim/package.ps1'
[2.584s] [34mcolcon.colcon_core.shell[0m [1;30mINFO[0m Creating package descriptor '/home/ubuntu/research_ws/ur10_pick_place_ws/install/ur_yt_sim/share/ur_yt_sim/package.dsv'
[2.586s] [34mcolcon.colcon_core.shell[0m [1;30mINFO[0m Creating package script '/home/ubuntu/research_ws/ur10_pick_place_ws/install/ur_yt_sim/share/ur_yt_sim/package.sh'
[2.587s] [34mcolcon.colcon_core.shell[0m [1;30mINFO[0m Creating package script '/home/ubuntu/research_ws/ur10_pick_place_ws/install/ur_yt_sim/share/ur_yt_sim/package.bash'
[2.589s] [34mcolcon.colcon_core.shell[0m [1;30mINFO[0m Creating package script '/home/ubuntu/research_ws/ur10_pick_place_ws/install/ur_yt_sim/share/ur_yt_sim/package.zsh'
[2.590s] [34mcolcon.colcon_core.environment[0m [1;30mLevel 1[0m create_file_with_runtime_dependencies(/home/ubuntu/research_ws/ur10_pick_place_ws/install/ur_yt_sim/share/colcon-core/packages/ur_yt_sim)
[2.592s] [34mcolcon.colcon_core.environment[0m [1;30mLevel 1[0m create_environment_scripts_only(ur_yt_sim)
[2.593s] [34mcolcon.colcon_core.environment[0m [1;30mLevel 1[0m checking '/home/ubuntu/research_ws/ur10_pick_place_ws/install/ur_yt_sim' for CMake module files
[2.595s] [34mcolcon.colcon_core.environment[0m [1;30mLevel 1[0m checking '/home/ubuntu/research_ws/ur10_pick_place_ws/install/ur_yt_sim' for CMake config files
[2.597s] [34mcolcon.colcon_core.shell[0m [1;30mLevel 1[0m create_environment_hook('ur_yt_sim', 'cmake_prefix_path')
[2.598s] [34mcolcon.colcon_core.shell[0m [1;30mINFO[0m Creating environment hook '/home/ubuntu/research_ws/ur10_pick_place_ws/install/ur_yt_sim/share/ur_yt_sim/hook/cmake_prefix_path.ps1'
[2.599s] [34mcolcon.colcon_core.shell[0m [1;30mINFO[0m Creating environment descriptor '/home/ubuntu/research_ws/ur10_pick_place_ws/install/ur_yt_sim/share/ur_yt_sim/hook/cmake_prefix_path.dsv'
[2.600s] [34mcolcon.colcon_core.shell[0m [1;30mINFO[0m Creating environment hook '/home/ubuntu/research_ws/ur10_pick_place_ws/install/ur_yt_sim/share/ur_yt_sim/hook/cmake_prefix_path.sh'
[2.602s] [34mcolcon.colcon_core.environment[0m [1;30mLevel 1[0m checking '/home/ubuntu/research_ws/ur10_pick_place_ws/install/ur_yt_sim/lib'
[2.603s] [34mcolcon.colcon_core.environment[0m [1;30mLevel 1[0m checking '/home/ubuntu/research_ws/ur10_pick_place_ws/install/ur_yt_sim/bin'
[2.603s] [34mcolcon.colcon_core.environment[0m [1;30mLevel 1[0m checking '/home/ubuntu/research_ws/ur10_pick_place_ws/install/ur_yt_sim/lib/pkgconfig/ur_yt_sim.pc'
[2.603s] [34mcolcon.colcon_core.environment[0m [1;30mLevel 1[0m checking '/home/ubuntu/research_ws/ur10_pick_place_ws/install/ur_yt_sim/lib/python3.10/site-packages'
[2.604s] [34mcolcon.colcon_core.environment[0m [1;30mLevel 1[0m checking '/home/ubuntu/research_ws/ur10_pick_place_ws/install/ur_yt_sim/bin'
[2.605s] [34mcolcon.colcon_core.shell[0m [1;30mINFO[0m Creating package script '/home/ubuntu/research_ws/ur10_pick_place_ws/install/ur_yt_sim/share/ur_yt_sim/package.ps1'
[2.607s] [34mcolcon.colcon_core.shell[0m [1;30mINFO[0m Creating package descriptor '/home/ubuntu/research_ws/ur10_pick_place_ws/install/ur_yt_sim/share/ur_yt_sim/package.dsv'
[2.608s] [34mcolcon.colcon_core.shell[0m [1;30mINFO[0m Creating package script '/home/ubuntu/research_ws/ur10_pick_place_ws/install/ur_yt_sim/share/ur_yt_sim/package.sh'
[2.609s] [34mcolcon.colcon_core.shell[0m [1;30mINFO[0m Creating package script '/home/ubuntu/research_ws/ur10_pick_place_ws/install/ur_yt_sim/share/ur_yt_sim/package.bash'
[2.611s] [34mcolcon.colcon_core.shell[0m [1;30mINFO[0m Creating package script '/home/ubuntu/research_ws/ur10_pick_place_ws/install/ur_yt_sim/share/ur_yt_sim/package.zsh'
[2.612s] [34mcolcon.colcon_core.environment[0m [1;30mLevel 1[0m create_file_with_runtime_dependencies(/home/ubuntu/research_ws/ur10_pick_place_ws/install/ur_yt_sim/share/colcon-core/packages/ur_yt_sim)
[2.613s] [34mcolcon.colcon_ros.task.ament_cmake.build[0m [1;30mINFO[0m Building ROS package in '/home/ubuntu/research_ws/ur10_pick_place_ws/src/ur10_camera_gripper_moveit_config' with build type 'ament_cmake'
[2.613s] [34mcolcon.colcon_cmake.task.cmake.build[0m [1;30mINFO[0m Building CMake package in '/home/ubuntu/research_ws/ur10_pick_place_ws/src/ur10_camera_gripper_moveit_config'
[2.614s] [34mcolcon.colcon_core.shell[0m [1;30mINFO[0m Skip shell extension 'powershell' for command environment: Not usable outside of PowerShell
[2.614s] [34mcolcon.colcon_core.shell[0m [1;30mDEBUG[0m [32mSkip shell extension 'dsv' for command environment[0m
[2.652s] [34mcolcon.colcon_core.event_handler.log_command[0m [1;30mDEBUG[0m [32mInvoking command in '/home/ubuntu/research_ws/ur10_pick_place_ws/build/ur10_camera_gripper_moveit_config': CMAKE_PREFIX_PATH=/home/ubuntu/research_ws/ur10_pick_place_ws/install/ur_yt_sim:/home/ubuntu/research_ws/ur10_pick_place_ws/install/linkattacher_msgs:/home/ubuntu/research_ws/ur10_pick_place_ws/install/ur10_pick_place:/home/ubuntu/research_ws/ur10_pick_place_ws/install/ur10_camera_gripper_moveit_config:/home/ubuntu/research_ws/ur10_pick_place_ws/install/ur_simulation_gazebo:/home/ubuntu/research_ws/ur10_pick_place_ws/install/ros2_linkattacher:/home/ubuntu/research_ws/ur10_pick_place_ws/install/robotiq_description:/home/ubuntu/research_ws/ur10_pick_place_ws/install/robotiq_controllers:/home/ubuntu/research_ws/ur10_pick_place_ws/install/robotiq_3f_interfaces:/home/ubuntu/research_ws/ur10_pick_place_ws/install/robotiq_3f_description:/home/ubuntu/ur_camera_ws/install/ur_moveit_config:/home/ubuntu/ur_camera_ws/install/easy_handeye2_msgs:/home/ubuntu/ur_camera_ws/install/depthai-ros:/home/ubuntu/ur_camera_ws/install/depthai_ros_driver:/home/ubuntu/ur_camera_ws/install/depthai_filters:/home/ubuntu/ur_camera_ws/install/depthai_examples:/home/ubuntu/ur_camera_ws/install/depthai_bridge:/home/ubuntu/ur_camera_ws/install/depthai_ros_msgs:/home/ubuntu/ur_camera_ws/install/depthai_descriptions:/home/ubuntu/research_ws/ur10_pick_place_ws/install/grasp_executor:/home/ubuntu/ur_camera_ws/install/pick_place:/home/ubuntu/ur_camera_ws/install/easy_handeye2:/opt/ros/humble LD_LIBRARY_PATH=/home/ubuntu/research_ws/ur10_pick_place_ws/install/linkattacher_msgs/lib:/home/ubuntu/research_ws/ur10_pick_place_ws/install/robotiq_controllers/lib:/home/ubuntu/research_ws/ur10_pick_place_ws/install/robotiq_3f_interfaces/lib:/home/ubuntu/.local/lib/python3.10/site-packages/nvidia/cusparselt/lib:/usr/local/cuda/lib64:/home/ubuntu/ur_camera_ws/install/easy_handeye2_msgs/lib:/home/ubuntu/ur_camera_ws/install/depthai_ros_driver/lib:/home/ubuntu/ur_camera_ws/install/depthai_filters/lib:/home/ubuntu/ur_camera_ws/install/depthai_bridge/lib:/home/ubuntu/ur_camera_ws/install/depthai_ros_msgs/lib:/opt/ros/humble/opt/rviz_ogre_vendor/lib:/opt/ros/humble/lib/aarch64-linux-gnu:/opt/ros/humble/lib /usr/bin/cmake --build /home/ubuntu/research_ws/ur10_pick_place_ws/build/ur10_camera_gripper_moveit_config -- -j12 -l12[0m
[2.735s] [34mcolcon.colcon_core.event_handler.log_command[0m [1;30mDEBUG[0m [32mInvoked command in '/home/ubuntu/research_ws/ur10_pick_place_ws/build/ur10_camera_gripper_moveit_config' returned '0': CMAKE_PREFIX_PATH=/home/ubuntu/research_ws/ur10_pick_place_ws/install/ur_yt_sim:/home/ubuntu/research_ws/ur10_pick_place_ws/install/linkattacher_msgs:/home/ubuntu/research_ws/ur10_pick_place_ws/install/ur10_pick_place:/home/ubuntu/research_ws/ur10_pick_place_ws/install/ur10_camera_gripper_moveit_config:/home/ubuntu/research_ws/ur10_pick_place_ws/install/ur_simulation_gazebo:/home/ubuntu/research_ws/ur10_pick_place_ws/install/ros2_linkattacher:/home/ubuntu/research_ws/ur10_pick_place_ws/install/robotiq_description:/home/ubuntu/research_ws/ur10_pick_place_ws/install/robotiq_controllers:/home/ubuntu/research_ws/ur10_pick_place_ws/install/robotiq_3f_interfaces:/home/ubuntu/research_ws/ur10_pick_place_ws/install/robotiq_3f_description:/home/ubuntu/ur_camera_ws/install/ur_moveit_config:/home/ubuntu/ur_camera_ws/install/easy_handeye2_msgs:/home/ubuntu/ur_camera_ws/install/depthai-ros:/home/ubuntu/ur_camera_ws/install/depthai_ros_driver:/home/ubuntu/ur_camera_ws/install/depthai_filters:/home/ubuntu/ur_camera_ws/install/depthai_examples:/home/ubuntu/ur_camera_ws/install/depthai_bridge:/home/ubuntu/ur_camera_ws/install/depthai_ros_msgs:/home/ubuntu/ur_camera_ws/install/depthai_descriptions:/home/ubuntu/research_ws/ur10_pick_place_ws/install/grasp_executor:/home/ubuntu/ur_camera_ws/install/pick_place:/home/ubuntu/ur_camera_ws/install/easy_handeye2:/opt/ros/humble LD_LIBRARY_PATH=/home/ubuntu/research_ws/ur10_pick_place_ws/install/linkattacher_msgs/lib:/home/ubuntu/research_ws/ur10_pick_place_ws/install/robotiq_controllers/lib:/home/ubuntu/research_ws/ur10_pick_place_ws/install/robotiq_3f_interfaces/lib:/home/ubuntu/.local/lib/python3.10/site-packages/nvidia/cusparselt/lib:/usr/local/cuda/lib64:/home/ubuntu/ur_camera_ws/install/easy_handeye2_msgs/lib:/home/ubuntu/ur_camera_ws/install/depthai_ros_driver/lib:/home/ubuntu/ur_camera_ws/install/depthai_filters/lib:/home/ubuntu/ur_camera_ws/install/depthai_bridge/lib:/home/ubuntu/ur_camera_ws/install/depthai_ros_msgs/lib:/opt/ros/humble/opt/rviz_ogre_vendor/lib:/opt/ros/humble/lib/aarch64-linux-gnu:/opt/ros/humble/lib /usr/bin/cmake --build /home/ubuntu/research_ws/ur10_pick_place_ws/build/ur10_camera_gripper_moveit_config -- -j12 -l12[0m
[2.740s] [34mcolcon.colcon_core.event_handler.log_command[0m [1;30mDEBUG[0m [32mInvoking command in '/home/ubuntu/research_ws/ur10_pick_place_ws/build/ur10_camera_gripper_moveit_config': CMAKE_PREFIX_PATH=/home/ubuntu/research_ws/ur10_pick_place_ws/install/ur_yt_sim:/home/ubuntu/research_ws/ur10_pick_place_ws/install/linkattacher_msgs:/home/ubuntu/research_ws/ur10_pick_place_ws/install/ur10_pick_place:/home/ubuntu/research_ws/ur10_pick_place_ws/install/ur10_camera_gripper_moveit_config:/home/ubuntu/research_ws/ur10_pick_place_ws/install/ur_simulation_gazebo:/home/ubuntu/research_ws/ur10_pick_place_ws/install/ros2_linkattacher:/home/ubuntu/research_ws/ur10_pick_place_ws/install/robotiq_description:/home/ubuntu/research_ws/ur10_pick_place_ws/install/robotiq_controllers:/home/ubuntu/research_ws/ur10_pick_place_ws/install/robotiq_3f_interfaces:/home/ubuntu/research_ws/ur10_pick_place_ws/install/robotiq_3f_description:/home/ubuntu/ur_camera_ws/install/ur_moveit_config:/home/ubuntu/ur_camera_ws/install/easy_handeye2_msgs:/home/ubuntu/ur_camera_ws/install/depthai-ros:/home/ubuntu/ur_camera_ws/install/depthai_ros_driver:/home/ubuntu/ur_camera_ws/install/depthai_filters:/home/ubuntu/ur_camera_ws/install/depthai_examples:/home/ubuntu/ur_camera_ws/install/depthai_bridge:/home/ubuntu/ur_camera_ws/install/depthai_ros_msgs:/home/ubuntu/ur_camera_ws/install/depthai_descriptions:/home/ubuntu/research_ws/ur10_pick_place_ws/install/grasp_executor:/home/ubuntu/ur_camera_ws/install/pick_place:/home/ubuntu/ur_camera_ws/install/easy_handeye2:/opt/ros/humble LD_LIBRARY_PATH=/home/ubuntu/research_ws/ur10_pick_place_ws/install/linkattacher_msgs/lib:/home/ubuntu/research_ws/ur10_pick_place_ws/install/robotiq_controllers/lib:/home/ubuntu/research_ws/ur10_pick_place_ws/install/robotiq_3f_interfaces/lib:/home/ubuntu/.local/lib/python3.10/site-packages/nvidia/cusparselt/lib:/usr/local/cuda/lib64:/home/ubuntu/ur_camera_ws/install/easy_handeye2_msgs/lib:/home/ubuntu/ur_camera_ws/install/depthai_ros_driver/lib:/home/ubuntu/ur_camera_ws/install/depthai_filters/lib:/home/ubuntu/ur_camera_ws/install/depthai_bridge/lib:/home/ubuntu/ur_camera_ws/install/depthai_ros_msgs/lib:/opt/ros/humble/opt/rviz_ogre_vendor/lib:/opt/ros/humble/lib/aarch64-linux-gnu:/opt/ros/humble/lib /usr/bin/cmake --install /home/ubuntu/research_ws/ur10_pick_place_ws/build/ur10_camera_gripper_moveit_config[0m
[2.765s] [34mcolcon.colcon_core.environment[0m [1;30mLevel 1[0m create_environment_scripts_only(ur10_camera_gripper_moveit_config)
[2.766s] [34mcolcon.colcon_core.environment[0m [1;30mLevel 1[0m checking '/home/ubuntu/research_ws/ur10_pick_place_ws/install/ur10_camera_gripper_moveit_config' for CMake module files
[2.768s] [34mcolcon.colcon_core.event_handler.log_command[0m [1;30mDEBUG[0m [32mInvoked command in '/home/ubuntu/research_ws/ur10_pick_place_ws/build/ur10_camera_gripper_moveit_config' returned '0': CMAKE_PREFIX_PATH=/home/ubuntu/research_ws/ur10_pick_place_ws/install/ur_yt_sim:/home/ubuntu/research_ws/ur10_pick_place_ws/install/linkattacher_msgs:/home/ubuntu/research_ws/ur10_pick_place_ws/install/ur10_pick_place:/home/ubuntu/research_ws/ur10_pick_place_ws/install/ur10_camera_gripper_moveit_config:/home/ubuntu/research_ws/ur10_pick_place_ws/install/ur_simulation_gazebo:/home/ubuntu/research_ws/ur10_pick_place_ws/install/ros2_linkattacher:/home/ubuntu/research_ws/ur10_pick_place_ws/install/robotiq_description:/home/ubuntu/research_ws/ur10_pick_place_ws/install/robotiq_controllers:/home/ubuntu/research_ws/ur10_pick_place_ws/install/robotiq_3f_interfaces:/home/ubuntu/research_ws/ur10_pick_place_ws/install/robotiq_3f_description:/home/ubuntu/ur_camera_ws/install/ur_moveit_config:/home/ubuntu/ur_camera_ws/install/easy_handeye2_msgs:/home/ubuntu/ur_camera_ws/install/depthai-ros:/home/ubuntu/ur_camera_ws/install/depthai_ros_driver:/home/ubuntu/ur_camera_ws/install/depthai_filters:/home/ubuntu/ur_camera_ws/install/depthai_examples:/home/ubuntu/ur_camera_ws/install/depthai_bridge:/home/ubuntu/ur_camera_ws/install/depthai_ros_msgs:/home/ubuntu/ur_camera_ws/install/depthai_descriptions:/home/ubuntu/research_ws/ur10_pick_place_ws/install/grasp_executor:/home/ubuntu/ur_camera_ws/install/pick_place:/home/ubuntu/ur_camera_ws/install/easy_handeye2:/opt/ros/humble LD_LIBRARY_PATH=/home/ubuntu/research_ws/ur10_pick_place_ws/install/linkattacher_msgs/lib:/home/ubuntu/research_ws/ur10_pick_place_ws/install/robotiq_controllers/lib:/home/ubuntu/research_ws/ur10_pick_place_ws/install/robotiq_3f_interfaces/lib:/home/ubuntu/.local/lib/python3.10/site-packages/nvidia/cusparselt/lib:/usr/local/cuda/lib64:/home/ubuntu/ur_camera_ws/install/easy_handeye2_msgs/lib:/home/ubuntu/ur_camera_ws/install/depthai_ros_driver/lib:/home/ubuntu/ur_camera_ws/install/depthai_filters/lib:/home/ubuntu/ur_camera_ws/install/depthai_bridge/lib:/home/ubuntu/ur_camera_ws/install/depthai_ros_msgs/lib:/opt/ros/humble/opt/rviz_ogre_vendor/lib:/opt/ros/humble/lib/aarch64-linux-gnu:/opt/ros/humble/lib /usr/bin/cmake --install /home/ubuntu/research_ws/ur10_pick_place_ws/build/ur10_camera_gripper_moveit_config[0m
[2.770s] [34mcolcon.colcon_core.environment[0m [1;30mLevel 1[0m checking '/home/ubuntu/research_ws/ur10_pick_place_ws/install/ur10_camera_gripper_moveit_config' for CMake config files
[2.771s] [34mcolcon.colcon_core.shell[0m [1;30mLevel 1[0m create_environment_hook('ur10_camera_gripper_moveit_config', 'cmake_prefix_path')
[2.772s] [34mcolcon.colcon_core.shell[0m [1;30mINFO[0m Creating environment hook '/home/ubuntu/research_ws/ur10_pick_place_ws/install/ur10_camera_gripper_moveit_config/share/ur10_camera_gripper_moveit_config/hook/cmake_prefix_path.ps1'
[2.774s] [34mcolcon.colcon_core.shell[0m [1;30mINFO[0m Creating environment descriptor '/home/ubuntu/research_ws/ur10_pick_place_ws/install/ur10_camera_gripper_moveit_config/share/ur10_camera_gripper_moveit_config/hook/cmake_prefix_path.dsv'
[2.775s] [34mcolcon.colcon_core.shell[0m [1;30mINFO[0m Creating environment hook '/home/ubuntu/research_ws/ur10_pick_place_ws/install/ur10_camera_gripper_moveit_config/share/ur10_camera_gripper_moveit_config/hook/cmake_prefix_path.sh'
[2.778s] [34mcolcon.colcon_core.environment[0m [1;30mLevel 1[0m checking '/home/ubuntu/research_ws/ur10_pick_place_ws/install/ur10_camera_gripper_moveit_config/bin'
[2.778s] [34mcolcon.colcon_core.environment[0m [1;30mLevel 1[0m checking '/home/ubuntu/research_ws/ur10_pick_place_ws/install/ur10_camera_gripper_moveit_config/lib/pkgconfig/ur10_camera_gripper_moveit_config.pc'
[2.778s] [34mcolcon.colcon_core.environment[0m [1;30mLevel 1[0m checking '/home/ubuntu/research_ws/ur10_pick_place_ws/install/ur10_camera_gripper_moveit_config/lib/python3.10/site-packages'
[2.779s] [34mcolcon.colcon_core.environment[0m [1;30mLevel 1[0m checking '/home/ubuntu/research_ws/ur10_pick_place_ws/install/ur10_camera_gripper_moveit_config/bin'
[2.780s] [34mcolcon.colcon_core.shell[0m [1;30mINFO[0m Creating package script '/home/ubuntu/research_ws/ur10_pick_place_ws/install/ur10_camera_gripper_moveit_config/share/ur10_camera_gripper_moveit_config/package.ps1'
[2.782s] [34mcolcon.colcon_core.shell[0m [1;30mINFO[0m Creating package descriptor '/home/ubuntu/research_ws/ur10_pick_place_ws/install/ur10_camera_gripper_moveit_config/share/ur10_camera_gripper_moveit_config/package.dsv'
[2.784s] [34mcolcon.colcon_core.shell[0m [1;30mINFO[0m Creating package script '/home/ubuntu/research_ws/ur10_pick_place_ws/install/ur10_camera_gripper_moveit_config/share/ur10_camera_gripper_moveit_config/package.sh'
[2.785s] [34mcolcon.colcon_core.shell[0m [1;30mINFO[0m Creating package script '/home/ubuntu/research_ws/ur10_pick_place_ws/install/ur10_camera_gripper_moveit_config/share/ur10_camera_gripper_moveit_config/package.bash'
[2.787s] [34mcolcon.colcon_core.shell[0m [1;30mINFO[0m Creating package script '/home/ubuntu/research_ws/ur10_pick_place_ws/install/ur10_camera_gripper_moveit_config/share/ur10_camera_gripper_moveit_config/package.zsh'
[2.788s] [34mcolcon.colcon_core.environment[0m [1;30mLevel 1[0m create_file_with_runtime_dependencies(/home/ubuntu/research_ws/ur10_pick_place_ws/install/ur10_camera_gripper_moveit_config/share/colcon-core/packages/ur10_camera_gripper_moveit_config)
[2.791s] [34mcolcon.colcon_core.environment[0m [1;30mLevel 1[0m create_environment_scripts_only(ur10_camera_gripper_moveit_config)
[2.792s] [34mcolcon.colcon_core.environment[0m [1;30mLevel 1[0m checking '/home/ubuntu/research_ws/ur10_pick_place_ws/install/ur10_camera_gripper_moveit_config' for CMake module files
[2.793s] [34mcolcon.colcon_core.environment[0m [1;30mLevel 1[0m checking '/home/ubuntu/research_ws/ur10_pick_place_ws/install/ur10_camera_gripper_moveit_config' for CMake config files
[2.795s] [34mcolcon.colcon_core.shell[0m [1;30mLevel 1[0m create_environment_hook('ur10_camera_gripper_moveit_config', 'cmake_prefix_path')
[2.795s] [34mcolcon.colcon_core.shell[0m [1;30mINFO[0m Creating environment hook '/home/ubuntu/research_ws/ur10_pick_place_ws/install/ur10_camera_gripper_moveit_config/share/ur10_camera_gripper_moveit_config/hook/cmake_prefix_path.ps1'
[2.797s] [34mcolcon.colcon_core.shell[0m [1;30mINFO[0m Creating environment descriptor '/home/ubuntu/research_ws/ur10_pick_place_ws/install/ur10_camera_gripper_moveit_config/share/ur10_camera_gripper_moveit_config/hook/cmake_prefix_path.dsv'
[2.798s] [34mcolcon.colcon_core.shell[0m [1;30mINFO[0m Creating environment hook '/home/ubuntu/research_ws/ur10_pick_place_ws/install/ur10_camera_gripper_moveit_config/share/ur10_camera_gripper_moveit_config/hook/cmake_prefix_path.sh'
[2.800s] [34mcolcon.colcon_core.environment[0m [1;30mLevel 1[0m checking '/home/ubuntu/research_ws/ur10_pick_place_ws/install/ur10_camera_gripper_moveit_config/bin'
[2.801s] [34mcolcon.colcon_core.environment[0m [1;30mLevel 1[0m checking '/home/ubuntu/research_ws/ur10_pick_place_ws/install/ur10_camera_gripper_moveit_config/lib/pkgconfig/ur10_camera_gripper_moveit_config.pc'
[2.802s] [34mcolcon.colcon_core.environment[0m [1;30mLevel 1[0m checking '/home/ubuntu/research_ws/ur10_pick_place_ws/install/ur10_camera_gripper_moveit_config/lib/python3.10/site-packages'
[2.803s] [34mcolcon.colcon_core.environment[0m [1;30mLevel 1[0m checking '/home/ubuntu/research_ws/ur10_pick_place_ws/install/ur10_camera_gripper_moveit_config/bin'
[2.804s] [34mcolcon.colcon_core.shell[0m [1;30mINFO[0m Creating package script '/home/ubuntu/research_ws/ur10_pick_place_ws/install/ur10_camera_gripper_moveit_config/share/ur10_camera_gripper_moveit_config/package.ps1'
[2.806s] [34mcolcon.colcon_core.shell[0m [1;30mINFO[0m Creating package descriptor '/home/ubuntu/research_ws/ur10_pick_place_ws/install/ur10_camera_gripper_moveit_config/share/ur10_camera_gripper_moveit_config/package.dsv'
[2.808s] [34mcolcon.colcon_core.shell[0m [1;30mINFO[0m Creating package script '/home/ubuntu/research_ws/ur10_pick_place_ws/install/ur10_camera_gripper_moveit_config/share/ur10_camera_gripper_moveit_config/package.sh'
[2.809s] [34mcolcon.colcon_core.shell[0m [1;30mINFO[0m Creating package script '/home/ubuntu/research_ws/ur10_pick_place_ws/install/ur10_camera_gripper_moveit_config/share/ur10_camera_gripper_moveit_config/package.bash'
[2.811s] [34mcolcon.colcon_core.shell[0m [1;30mINFO[0m Creating package script '/home/ubuntu/research_ws/ur10_pick_place_ws/install/ur10_camera_gripper_moveit_config/share/ur10_camera_gripper_moveit_config/package.zsh'
[2.812s] [34mcolcon.colcon_core.environment[0m [1;30mLevel 1[0m create_file_with_runtime_dependencies(/home/ubuntu/research_ws/ur10_pick_place_ws/install/ur10_camera_gripper_moveit_config/share/colcon-core/packages/ur10_camera_gripper_moveit_config)
[2.814s] [34mcolcon.colcon_ros.task.ament_cmake.build[0m [1;30mINFO[0m Building ROS package in '/home/ubuntu/research_ws/ur10_pick_place_ws/src/ur10_pick_place' with build type 'ament_cmake'
[2.814s] [34mcolcon.colcon_cmake.task.cmake.build[0m [1;30mINFO[0m Building CMake package in '/home/ubuntu/research_ws/ur10_pick_place_ws/src/ur10_pick_place'
[2.815s] [34mcolcon.colcon_core.shell[0m [1;30mINFO[0m Skip shell extension 'powershell' for command environment: Not usable outside of PowerShell
[2.815s] [34mcolcon.colcon_core.shell[0m [1;30mDEBUG[0m [32mSkip shell extension 'dsv' for command environment[0m
[2.832s] [34mcolcon.colcon_core.event_handler.log_command[0m [1;30mDEBUG[0m [32mInvoked command in '/home/ubuntu/research_ws/ur10_pick_place_ws/build/robotiq_3f_interfaces' returned '0': CMAKE_PREFIX_PATH=${CMAKE_PREFIX_PATH}:/home/ubuntu/research_ws/ur10_pick_place_ws/install/grasp_executor:/home/ubuntu/ur_camera_ws/install/pick_place:/home/ubuntu/ur_camera_ws/install/easy_handeye2:/opt/ros/humble /usr/bin/cmake --build /home/ubuntu/research_ws/ur10_pick_place_ws/build/robotiq_3f_interfaces -- -j12 -l12[0m
[2.835s] [34mcolcon.colcon_core.event_handler.log_command[0m [1;30mDEBUG[0m [32mInvoking command in '/home/ubuntu/research_ws/ur10_pick_place_ws/build/robotiq_3f_interfaces': CMAKE_PREFIX_PATH=${CMAKE_PREFIX_PATH}:/home/ubuntu/research_ws/ur10_pick_place_ws/install/grasp_executor:/home/ubuntu/ur_camera_ws/install/pick_place:/home/ubuntu/ur_camera_ws/install/easy_handeye2:/opt/ros/humble /usr/bin/cmake --install /home/ubuntu/research_ws/ur10_pick_place_ws/build/robotiq_3f_interfaces[0m
[2.850s] [34mcolcon.colcon_core.event_handler.log_command[0m [1;30mDEBUG[0m [32mInvoking command in '/home/ubuntu/research_ws/ur10_pick_place_ws/build/ur10_pick_place': CMAKE_PREFIX_PATH=/home/ubuntu/research_ws/ur10_pick_place_ws/install/ur10_camera_gripper_moveit_config:/home/ubuntu/research_ws/ur10_pick_place_ws/install/ur_yt_sim:/home/ubuntu/research_ws/ur10_pick_place_ws/install/robotiq_3f_description:/home/ubuntu/research_ws/ur10_pick_place_ws/install/linkattacher_msgs:/home/ubuntu/research_ws/ur10_pick_place_ws/install/ur10_pick_place:/home/ubuntu/research_ws/ur10_pick_place_ws/install/ur_simulation_gazebo:/home/ubuntu/research_ws/ur10_pick_place_ws/install/ros2_linkattacher:/home/ubuntu/research_ws/ur10_pick_place_ws/install/robotiq_description:/home/ubuntu/research_ws/ur10_pick_place_ws/install/robotiq_controllers:/home/ubuntu/research_ws/ur10_pick_place_ws/install/robotiq_3f_interfaces:/home/ubuntu/ur_camera_ws/install/ur_moveit_config:/home/ubuntu/ur_camera_ws/install/easy_handeye2_msgs:/home/ubuntu/ur_camera_ws/install/depthai-ros:/home/ubuntu/ur_camera_ws/install/depthai_ros_driver:/home/ubuntu/ur_camera_ws/install/depthai_filters:/home/ubuntu/ur_camera_ws/install/depthai_examples:/home/ubuntu/ur_camera_ws/install/depthai_bridge:/home/ubuntu/ur_camera_ws/install/depthai_ros_msgs:/home/ubuntu/ur_camera_ws/install/depthai_descriptions:/home/ubuntu/research_ws/ur10_pick_place_ws/install/grasp_executor:/home/ubuntu/ur_camera_ws/install/pick_place:/home/ubuntu/ur_camera_ws/install/easy_handeye2:/opt/ros/humble LD_LIBRARY_PATH=/home/ubuntu/research_ws/ur10_pick_place_ws/install/linkattacher_msgs/lib:/home/ubuntu/research_ws/ur10_pick_place_ws/install/robotiq_controllers/lib:/home/ubuntu/research_ws/ur10_pick_place_ws/install/robotiq_3f_interfaces/lib:/home/ubuntu/.local/lib/python3.10/site-packages/nvidia/cusparselt/lib:/usr/local/cuda/lib64:/home/ubuntu/ur_camera_ws/install/easy_handeye2_msgs/lib:/home/ubuntu/ur_camera_ws/install/depthai_ros_driver/lib:/home/ubuntu/ur_camera_ws/install/depthai_filters/lib:/home/ubuntu/ur_camera_ws/install/depthai_bridge/lib:/home/ubuntu/ur_camera_ws/install/depthai_ros_msgs/lib:/opt/ros/humble/opt/rviz_ogre_vendor/lib:/opt/ros/humble/lib/aarch64-linux-gnu:/opt/ros/humble/lib /usr/bin/cmake --build /home/ubuntu/research_ws/ur10_pick_place_ws/build/ur10_pick_place -- -j12 -l12[0m
[2.932s] [34mcolcon.colcon_core.event_handler.log_command[0m [1;30mDEBUG[0m [32mInvoked command in '/home/ubuntu/research_ws/ur10_pick_place_ws/build/ur10_pick_place' returned '0': CMAKE_PREFIX_PATH=/home/ubuntu/research_ws/ur10_pick_place_ws/install/ur10_camera_gripper_moveit_config:/home/ubuntu/research_ws/ur10_pick_place_ws/install/ur_yt_sim:/home/ubuntu/research_ws/ur10_pick_place_ws/install/robotiq_3f_description:/home/ubuntu/research_ws/ur10_pick_place_ws/install/linkattacher_msgs:/home/ubuntu/research_ws/ur10_pick_place_ws/install/ur10_pick_place:/home/ubuntu/research_ws/ur10_pick_place_ws/install/ur_simulation_gazebo:/home/ubuntu/research_ws/ur10_pick_place_ws/install/ros2_linkattacher:/home/ubuntu/research_ws/ur10_pick_place_ws/install/robotiq_description:/home/ubuntu/research_ws/ur10_pick_place_ws/install/robotiq_controllers:/home/ubuntu/research_ws/ur10_pick_place_ws/install/robotiq_3f_interfaces:/home/ubuntu/ur_camera_ws/install/ur_moveit_config:/home/ubuntu/ur_camera_ws/install/easy_handeye2_msgs:/home/ubuntu/ur_camera_ws/install/depthai-ros:/home/ubuntu/ur_camera_ws/install/depthai_ros_driver:/home/ubuntu/ur_camera_ws/install/depthai_filters:/home/ubuntu/ur_camera_ws/install/depthai_examples:/home/ubuntu/ur_camera_ws/install/depthai_bridge:/home/ubuntu/ur_camera_ws/install/depthai_ros_msgs:/home/ubuntu/ur_camera_ws/install/depthai_descriptions:/home/ubuntu/research_ws/ur10_pick_place_ws/install/grasp_executor:/home/ubuntu/ur_camera_ws/install/pick_place:/home/ubuntu/ur_camera_ws/install/easy_handeye2:/opt/ros/humble LD_LIBRARY_PATH=/home/ubuntu/research_ws/ur10_pick_place_ws/install/linkattacher_msgs/lib:/home/ubuntu/research_ws/ur10_pick_place_ws/install/robotiq_controllers/lib:/home/ubuntu/research_ws/ur10_pick_place_ws/install/robotiq_3f_interfaces/lib:/home/ubuntu/.local/lib/python3.10/site-packages/nvidia/cusparselt/lib:/usr/local/cuda/lib64:/home/ubuntu/ur_camera_ws/install/easy_handeye2_msgs/lib:/home/ubuntu/ur_camera_ws/install/depthai_ros_driver/lib:/home/ubuntu/ur_camera_ws/install/depthai_filters/lib:/home/ubuntu/ur_camera_ws/install/depthai_bridge/lib:/home/ubuntu/ur_camera_ws/install/depthai_ros_msgs/lib:/opt/ros/humble/opt/rviz_ogre_vendor/lib:/opt/ros/humble/lib/aarch64-linux-gnu:/opt/ros/humble/lib /usr/bin/cmake --build /home/ubuntu/research_ws/ur10_pick_place_ws/build/ur10_pick_place -- -j12 -l12[0m
[2.936s] [34mcolcon.colcon_core.event_handler.log_command[0m [1;30mDEBUG[0m [32mInvoking command in '/home/ubuntu/research_ws/ur10_pick_place_ws/build/ur10_pick_place': CMAKE_PREFIX_PATH=/home/ubuntu/research_ws/ur10_pick_place_ws/install/ur10_camera_gripper_moveit_config:/home/ubuntu/research_ws/ur10_pick_place_ws/install/ur_yt_sim:/home/ubuntu/research_ws/ur10_pick_place_ws/install/robotiq_3f_description:/home/ubuntu/research_ws/ur10_pick_place_ws/install/linkattacher_msgs:/home/ubuntu/research_ws/ur10_pick_place_ws/install/ur10_pick_place:/home/ubuntu/research_ws/ur10_pick_place_ws/install/ur_simulation_gazebo:/home/ubuntu/research_ws/ur10_pick_place_ws/install/ros2_linkattacher:/home/ubuntu/research_ws/ur10_pick_place_ws/install/robotiq_description:/home/ubuntu/research_ws/ur10_pick_place_ws/install/robotiq_controllers:/home/ubuntu/research_ws/ur10_pick_place_ws/install/robotiq_3f_interfaces:/home/ubuntu/ur_camera_ws/install/ur_moveit_config:/home/ubuntu/ur_camera_ws/install/easy_handeye2_msgs:/home/ubuntu/ur_camera_ws/install/depthai-ros:/home/ubuntu/ur_camera_ws/install/depthai_ros_driver:/home/ubuntu/ur_camera_ws/install/depthai_filters:/home/ubuntu/ur_camera_ws/install/depthai_examples:/home/ubuntu/ur_camera_ws/install/depthai_bridge:/home/ubuntu/ur_camera_ws/install/depthai_ros_msgs:/home/ubuntu/ur_camera_ws/install/depthai_descriptions:/home/ubuntu/research_ws/ur10_pick_place_ws/install/grasp_executor:/home/ubuntu/ur_camera_ws/install/pick_place:/home/ubuntu/ur_camera_ws/install/easy_handeye2:/opt/ros/humble LD_LIBRARY_PATH=/home/ubuntu/research_ws/ur10_pick_place_ws/install/linkattacher_msgs/lib:/home/ubuntu/research_ws/ur10_pick_place_ws/install/robotiq_controllers/lib:/home/ubuntu/research_ws/ur10_pick_place_ws/install/robotiq_3f_interfaces/lib:/home/ubuntu/.local/lib/python3.10/site-packages/nvidia/cusparselt/lib:/usr/local/cuda/lib64:/home/ubuntu/ur_camera_ws/install/easy_handeye2_msgs/lib:/home/ubuntu/ur_camera_ws/install/depthai_ros_driver/lib:/home/ubuntu/ur_camera_ws/install/depthai_filters/lib:/home/ubuntu/ur_camera_ws/install/depthai_bridge/lib:/home/ubuntu/ur_camera_ws/install/depthai_ros_msgs/lib:/opt/ros/humble/opt/rviz_ogre_vendor/lib:/opt/ros/humble/lib/aarch64-linux-gnu:/opt/ros/humble/lib /usr/bin/cmake --install /home/ubuntu/research_ws/ur10_pick_place_ws/build/ur10_pick_place[0m
[2.962s] [34mcolcon.colcon_core.environment[0m [1;30mLevel 1[0m create_environment_scripts_only(ur10_pick_place)
[2.962s] [34mcolcon.colcon_core.environment[0m [1;30mLevel 1[0m checking '/home/ubuntu/research_ws/ur10_pick_place_ws/install/ur10_pick_place' for CMake module files
[2.966s] [34mcolcon.colcon_core.environment[0m [1;30mLevel 1[0m checking '/home/ubuntu/research_ws/ur10_pick_place_ws/install/ur10_pick_place' for CMake config files
[2.970s] [34mcolcon.colcon_core.shell[0m [1;30mLevel 1[0m create_environment_hook('ur10_pick_place', 'cmake_prefix_path')
[2.971s] [34mcolcon.colcon_core.shell[0m [1;30mINFO[0m Creating environment hook '/home/ubuntu/research_ws/ur10_pick_place_ws/install/ur10_pick_place/share/ur10_pick_place/hook/cmake_prefix_path.ps1'
[2.973s] [34mcolcon.colcon_core.event_handler.log_command[0m [1;30mDEBUG[0m [32mInvoked command in '/home/ubuntu/research_ws/ur10_pick_place_ws/build/ur10_pick_place' returned '0': CMAKE_PREFIX_PATH=/home/ubuntu/research_ws/ur10_pick_place_ws/install/ur10_camera_gripper_moveit_config:/home/ubuntu/research_ws/ur10_pick_place_ws/install/ur_yt_sim:/home/ubuntu/research_ws/ur10_pick_place_ws/install/robotiq_3f_description:/home/ubuntu/research_ws/ur10_pick_place_ws/install/linkattacher_msgs:/home/ubuntu/research_ws/ur10_pick_place_ws/install/ur10_pick_place:/home/ubuntu/research_ws/ur10_pick_place_ws/install/ur_simulation_gazebo:/home/ubuntu/research_ws/ur10_pick_place_ws/install/ros2_linkattacher:/home/ubuntu/research_ws/ur10_pick_place_ws/install/robotiq_description:/home/ubuntu/research_ws/ur10_pick_place_ws/install/robotiq_controllers:/home/ubuntu/research_ws/ur10_pick_place_ws/install/robotiq_3f_interfaces:/home/ubuntu/ur_camera_ws/install/ur_moveit_config:/home/ubuntu/ur_camera_ws/install/easy_handeye2_msgs:/home/ubuntu/ur_camera_ws/install/depthai-ros:/home/ubuntu/ur_camera_ws/install/depthai_ros_driver:/home/ubuntu/ur_camera_ws/install/depthai_filters:/home/ubuntu/ur_camera_ws/install/depthai_examples:/home/ubuntu/ur_camera_ws/install/depthai_bridge:/home/ubuntu/ur_camera_ws/install/depthai_ros_msgs:/home/ubuntu/ur_camera_ws/install/depthai_descriptions:/home/ubuntu/research_ws/ur10_pick_place_ws/install/grasp_executor:/home/ubuntu/ur_camera_ws/install/pick_place:/home/ubuntu/ur_camera_ws/install/easy_handeye2:/opt/ros/humble LD_LIBRARY_PATH=/home/ubuntu/research_ws/ur10_pick_place_ws/install/linkattacher_msgs/lib:/home/ubuntu/research_ws/ur10_pick_place_ws/install/robotiq_controllers/lib:/home/ubuntu/research_ws/ur10_pick_place_ws/install/robotiq_3f_interfaces/lib:/home/ubuntu/.local/lib/python3.10/site-packages/nvidia/cusparselt/lib:/usr/local/cuda/lib64:/home/ubuntu/ur_camera_ws/install/easy_handeye2_msgs/lib:/home/ubuntu/ur_camera_ws/install/depthai_ros_driver/lib:/home/ubuntu/ur_camera_ws/install/depthai_filters/lib:/home/ubuntu/ur_camera_ws/install/depthai_bridge/lib:/home/ubuntu/ur_camera_ws/install/depthai_ros_msgs/lib:/opt/ros/humble/opt/rviz_ogre_vendor/lib:/opt/ros/humble/lib/aarch64-linux-gnu:/opt/ros/humble/lib /usr/bin/cmake --install /home/ubuntu/research_ws/ur10_pick_place_ws/build/ur10_pick_place[0m
[2.973s] [34mcolcon.colcon_core.shell[0m [1;30mINFO[0m Creating environment descriptor '/home/ubuntu/research_ws/ur10_pick_place_ws/install/ur10_pick_place/share/ur10_pick_place/hook/cmake_prefix_path.dsv'
[2.975s] [34mcolcon.colcon_core.shell[0m [1;30mINFO[0m Creating environment hook '/home/ubuntu/research_ws/ur10_pick_place_ws/install/ur10_pick_place/share/ur10_pick_place/hook/cmake_prefix_path.sh'
[2.977s] [34mcolcon.colcon_core.environment[0m [1;30mLevel 1[0m checking '/home/ubuntu/research_ws/ur10_pick_place_ws/install/ur10_pick_place/bin'
[2.977s] [34mcolcon.colcon_core.environment[0m [1;30mLevel 1[0m checking '/home/ubuntu/research_ws/ur10_pick_place_ws/install/ur10_pick_place/lib/pkgconfig/ur10_pick_place.pc'
[2.978s] [34mcolcon.colcon_core.environment[0m [1;30mLevel 1[0m checking '/home/ubuntu/research_ws/ur10_pick_place_ws/install/ur10_pick_place/lib/python3.10/site-packages'
[2.979s] [34mcolcon.colcon_core.environment[0m [1;30mLevel 1[0m checking '/home/ubuntu/research_ws/ur10_pick_place_ws/install/ur10_pick_place/bin'
[2.979s] [34mcolcon.colcon_core.shell[0m [1;30mINFO[0m Creating package script '/home/ubuntu/research_ws/ur10_pick_place_ws/install/ur10_pick_place/share/ur10_pick_place/package.ps1'
[2.981s] [34mcolcon.colcon_core.shell[0m [1;30mINFO[0m Creating package descriptor '/home/ubuntu/research_ws/ur10_pick_place_ws/install/ur10_pick_place/share/ur10_pick_place/package.dsv'
[2.983s] [34mcolcon.colcon_core.shell[0m [1;30mINFO[0m Creating package script '/home/ubuntu/research_ws/ur10_pick_place_ws/install/ur10_pick_place/share/ur10_pick_place/package.sh'
[2.985s] [34mcolcon.colcon_core.shell[0m [1;30mINFO[0m Creating package script '/home/ubuntu/research_ws/ur10_pick_place_ws/install/ur10_pick_place/share/ur10_pick_place/package.bash'
[2.986s] [34mcolcon.colcon_core.shell[0m [1;30mINFO[0m Creating package script '/home/ubuntu/research_ws/ur10_pick_place_ws/install/ur10_pick_place/share/ur10_pick_place/package.zsh'
[2.987s] [34mcolcon.colcon_core.environment[0m [1;30mLevel 1[0m create_file_with_runtime_dependencies(/home/ubuntu/research_ws/ur10_pick_place_ws/install/ur10_pick_place/share/colcon-core/packages/ur10_pick_place)
[2.989s] [34mcolcon.colcon_core.environment[0m [1;30mLevel 1[0m create_environment_scripts_only(ur10_pick_place)
[2.990s] [34mcolcon.colcon_core.environment[0m [1;30mLevel 1[0m checking '/home/ubuntu/research_ws/ur10_pick_place_ws/install/ur10_pick_place' for CMake module files
[2.991s] [34mcolcon.colcon_core.environment[0m [1;30mLevel 1[0m checking '/home/ubuntu/research_ws/ur10_pick_place_ws/install/ur10_pick_place' for CMake config files
[2.991s] [34mcolcon.colcon_core.shell[0m [1;30mLevel 1[0m create_environment_hook('ur10_pick_place', 'cmake_prefix_path')
[2.992s] [34mcolcon.colcon_core.shell[0m [1;30mINFO[0m Creating environment hook '/home/ubuntu/research_ws/ur10_pick_place_ws/install/ur10_pick_place/share/ur10_pick_place/hook/cmake_prefix_path.ps1'
[2.993s] [34mcolcon.colcon_core.shell[0m [1;30mINFO[0m Creating environment descriptor '/home/ubuntu/research_ws/ur10_pick_place_ws/install/ur10_pick_place/share/ur10_pick_place/hook/cmake_prefix_path.dsv'
[2.994s] [34mcolcon.colcon_core.shell[0m [1;30mINFO[0m Creating environment hook '/home/ubuntu/research_ws/ur10_pick_place_ws/install/ur10_pick_place/share/ur10_pick_place/hook/cmake_prefix_path.sh'
[2.995s] [34mcolcon.colcon_core.environment[0m [1;30mLevel 1[0m checking '/home/ubuntu/research_ws/ur10_pick_place_ws/install/ur10_pick_place/bin'
[2.996s] [34mcolcon.colcon_core.environment[0m [1;30mLevel 1[0m checking '/home/ubuntu/research_ws/ur10_pick_place_ws/install/ur10_pick_place/lib/pkgconfig/ur10_pick_place.pc'
[2.996s] [34mcolcon.colcon_core.environment[0m [1;30mLevel 1[0m checking '/home/ubuntu/research_ws/ur10_pick_place_ws/install/ur10_pick_place/lib/python3.10/site-packages'
[2.997s] [34mcolcon.colcon_core.environment[0m [1;30mLevel 1[0m checking '/home/ubuntu/research_ws/ur10_pick_place_ws/install/ur10_pick_place/bin'
[2.998s] [34mcolcon.colcon_core.shell[0m [1;30mINFO[0m Creating package script '/home/ubuntu/research_ws/ur10_pick_place_ws/install/ur10_pick_place/share/ur10_pick_place/package.ps1'
[2.999s] [34mcolcon.colcon_core.shell[0m [1;30mINFO[0m Creating package descriptor '/home/ubuntu/research_ws/ur10_pick_place_ws/install/ur10_pick_place/share/ur10_pick_place/package.dsv'
[3.000s] [34mcolcon.colcon_core.shell[0m [1;30mINFO[0m Creating package script '/home/ubuntu/research_ws/ur10_pick_place_ws/install/ur10_pick_place/share/ur10_pick_place/package.sh'
[3.001s] [34mcolcon.colcon_core.shell[0m [1;30mINFO[0m Creating package script '/home/ubuntu/research_ws/ur10_pick_place_ws/install/ur10_pick_place/share/ur10_pick_place/package.bash'
[3.002s] [34mcolcon.colcon_core.shell[0m [1;30mINFO[0m Creating package script '/home/ubuntu/research_ws/ur10_pick_place_ws/install/ur10_pick_place/share/ur10_pick_place/package.zsh'
[3.003s] [34mcolcon.colcon_core.environment[0m [1;30mLevel 1[0m create_file_with_runtime_dependencies(/home/ubuntu/research_ws/ur10_pick_place_ws/install/ur10_pick_place/share/colcon-core/packages/ur10_pick_place)
[3.006s] [34mcolcon.colcon_core.environment[0m [1;30mLevel 1[0m create_environment_scripts_only(robotiq_3f_interfaces)
[3.007s] [34mcolcon.colcon_core.environment[0m [1;30mLevel 1[0m checking '/home/ubuntu/research_ws/ur10_pick_place_ws/install/robotiq_3f_interfaces' for CMake module files
[3.009s] [34mcolcon.colcon_core.event_handler.log_command[0m [1;30mDEBUG[0m [32mInvoked command in '/home/ubuntu/research_ws/ur10_pick_place_ws/build/robotiq_3f_interfaces' returned '0': CMAKE_PREFIX_PATH=${CMAKE_PREFIX_PATH}:/home/ubuntu/research_ws/ur10_pick_place_ws/install/grasp_executor:/home/ubuntu/ur_camera_ws/install/pick_place:/home/ubuntu/ur_camera_ws/install/easy_handeye2:/opt/ros/humble /usr/bin/cmake --install /home/ubuntu/research_ws/ur10_pick_place_ws/build/robotiq_3f_interfaces[0m
[3.010s] [34mcolcon.colcon_core.environment[0m [1;30mLevel 1[0m checking '/home/ubuntu/research_ws/ur10_pick_place_ws/install/robotiq_3f_interfaces' for CMake config files
[3.013s] [34mcolcon.colcon_core.shell[0m [1;30mLevel 1[0m create_environment_hook('robotiq_3f_interfaces', 'cmake_prefix_path')
[3.013s] [34mcolcon.colcon_core.shell[0m [1;30mINFO[0m Creating environment hook '/home/ubuntu/research_ws/ur10_pick_place_ws/install/robotiq_3f_interfaces/share/robotiq_3f_interfaces/hook/cmake_prefix_path.ps1'
[3.015s] [34mcolcon.colcon_core.shell[0m [1;30mINFO[0m Creating environment descriptor '/home/ubuntu/research_ws/ur10_pick_place_ws/install/robotiq_3f_interfaces/share/robotiq_3f_interfaces/hook/cmake_prefix_path.dsv'
[3.016s] [34mcolcon.colcon_core.shell[0m [1;30mINFO[0m Creating environment hook '/home/ubuntu/research_ws/ur10_pick_place_ws/install/robotiq_3f_interfaces/share/robotiq_3f_interfaces/hook/cmake_prefix_path.sh'
[3.017s] [34mcolcon.colcon_core.environment[0m [1;30mLevel 1[0m checking '/home/ubuntu/research_ws/ur10_pick_place_ws/install/robotiq_3f_interfaces/lib'
[3.018s] [34mcolcon.colcon_core.shell[0m [1;30mLevel 1[0m create_environment_hook('robotiq_3f_interfaces', 'ld_library_path_lib')
[3.018s] [34mcolcon.colcon_core.shell[0m [1;30mINFO[0m Creating environment hook '/home/ubuntu/research_ws/ur10_pick_place_ws/install/robotiq_3f_interfaces/share/robotiq_3f_interfaces/hook/ld_library_path_lib.ps1'
[3.019s] [34mcolcon.colcon_core.shell[0m [1;30mINFO[0m Creating environment descriptor '/home/ubuntu/research_ws/ur10_pick_place_ws/install/robotiq_3f_interfaces/share/robotiq_3f_interfaces/hook/ld_library_path_lib.dsv'
[3.020s] [34mcolcon.colcon_core.shell[0m [1;30mINFO[0m Creating environment hook '/home/ubuntu/research_ws/ur10_pick_place_ws/install/robotiq_3f_interfaces/share/robotiq_3f_interfaces/hook/ld_library_path_lib.sh'
[3.021s] [34mcolcon.colcon_core.environment[0m [1;30mLevel 1[0m checking '/home/ubuntu/research_ws/ur10_pick_place_ws/install/robotiq_3f_interfaces/bin'
[3.021s] [34mcolcon.colcon_core.environment[0m [1;30mLevel 1[0m checking '/home/ubuntu/research_ws/ur10_pick_place_ws/install/robotiq_3f_interfaces/lib/pkgconfig/robotiq_3f_interfaces.pc'
[3.022s] [34mcolcon.colcon_core.environment[0m [1;30mLevel 1[0m checking '/home/ubuntu/research_ws/ur10_pick_place_ws/install/robotiq_3f_interfaces/lib/python3.10/site-packages'
[3.023s] [34mcolcon.colcon_core.environment[0m [1;30mLevel 1[0m checking '/home/ubuntu/research_ws/ur10_pick_place_ws/install/robotiq_3f_interfaces/bin'
[3.023s] [34mcolcon.colcon_core.shell[0m [1;30mINFO[0m Creating package script '/home/ubuntu/research_ws/ur10_pick_place_ws/install/robotiq_3f_interfaces/share/robotiq_3f_interfaces/package.ps1'
[3.025s] [34mcolcon.colcon_core.shell[0m [1;30mINFO[0m Creating package descriptor '/home/ubuntu/research_ws/ur10_pick_place_ws/install/robotiq_3f_interfaces/share/robotiq_3f_interfaces/package.dsv'
[3.026s] [34mcolcon.colcon_core.shell[0m [1;30mINFO[0m Creating package script '/home/ubuntu/research_ws/ur10_pick_place_ws/install/robotiq_3f_interfaces/share/robotiq_3f_interfaces/package.sh'
[3.027s] [34mcolcon.colcon_core.shell[0m [1;30mINFO[0m Creating package script '/home/ubuntu/research_ws/ur10_pick_place_ws/install/robotiq_3f_interfaces/share/robotiq_3f_interfaces/package.bash'
[3.028s] [34mcolcon.colcon_core.shell[0m [1;30mINFO[0m Creating package script '/home/ubuntu/research_ws/ur10_pick_place_ws/install/robotiq_3f_interfaces/share/robotiq_3f_interfaces/package.zsh'
[3.029s] [34mcolcon.colcon_core.environment[0m [1;30mLevel 1[0m create_file_with_runtime_dependencies(/home/ubuntu/research_ws/ur10_pick_place_ws/install/robotiq_3f_interfaces/share/colcon-core/packages/robotiq_3f_interfaces)
[3.030s] [34mcolcon.colcon_core.environment[0m [1;30mLevel 1[0m create_environment_scripts_only(robotiq_3f_interfaces)
[3.031s] [34mcolcon.colcon_core.environment[0m [1;30mLevel 1[0m checking '/home/ubuntu/research_ws/ur10_pick_place_ws/install/robotiq_3f_interfaces' for CMake module files
[3.033s] [34mcolcon.colcon_core.environment[0m [1;30mLevel 1[0m checking '/home/ubuntu/research_ws/ur10_pick_place_ws/install/robotiq_3f_interfaces' for CMake config files
[3.035s] [34mcolcon.colcon_core.shell[0m [1;30mLevel 1[0m create_environment_hook('robotiq_3f_interfaces', 'cmake_prefix_path')
[3.035s] [34mcolcon.colcon_core.shell[0m [1;30mINFO[0m Creating environment hook '/home/ubuntu/research_ws/ur10_pick_place_ws/install/robotiq_3f_interfaces/share/robotiq_3f_interfaces/hook/cmake_prefix_path.ps1'
[3.036s] [34mcolcon.colcon_core.shell[0m [1;30mINFO[0m Creating environment descriptor '/home/ubuntu/research_ws/ur10_pick_place_ws/install/robotiq_3f_interfaces/share/robotiq_3f_interfaces/hook/cmake_prefix_path.dsv'
[3.037s] [34mcolcon.colcon_core.shell[0m [1;30mINFO[0m Creating environment hook '/home/ubuntu/research_ws/ur10_pick_place_ws/install/robotiq_3f_interfaces/share/robotiq_3f_interfaces/hook/cmake_prefix_path.sh'
[3.039s] [34mcolcon.colcon_core.environment[0m [1;30mLevel 1[0m checking '/home/ubuntu/research_ws/ur10_pick_place_ws/install/robotiq_3f_interfaces/lib'
[3.039s] [34mcolcon.colcon_core.shell[0m [1;30mLevel 1[0m create_environment_hook('robotiq_3f_interfaces', 'ld_library_path_lib')
[3.039s] [34mcolcon.colcon_core.shell[0m [1;30mINFO[0m Creating environment hook '/home/ubuntu/research_ws/ur10_pick_place_ws/install/robotiq_3f_interfaces/share/robotiq_3f_interfaces/hook/ld_library_path_lib.ps1'
[3.040s] [34mcolcon.colcon_core.shell[0m [1;30mINFO[0m Creating environment descriptor '/home/ubuntu/research_ws/ur10_pick_place_ws/install/robotiq_3f_interfaces/share/robotiq_3f_interfaces/hook/ld_library_path_lib.dsv'
[3.041s] [34mcolcon.colcon_core.shell[0m [1;30mINFO[0m Creating environment hook '/home/ubuntu/research_ws/ur10_pick_place_ws/install/robotiq_3f_interfaces/share/robotiq_3f_interfaces/hook/ld_library_path_lib.sh'
[3.042s] [34mcolcon.colcon_core.environment[0m [1;30mLevel 1[0m checking '/home/ubuntu/research_ws/ur10_pick_place_ws/install/robotiq_3f_interfaces/bin'
[3.042s] [34mcolcon.colcon_core.environment[0m [1;30mLevel 1[0m checking '/home/ubuntu/research_ws/ur10_pick_place_ws/install/robotiq_3f_interfaces/lib/pkgconfig/robotiq_3f_interfaces.pc'
[3.043s] [34mcolcon.colcon_core.environment[0m [1;30mLevel 1[0m checking '/home/ubuntu/research_ws/ur10_pick_place_ws/install/robotiq_3f_interfaces/lib/python3.10/site-packages'
[3.044s] [34mcolcon.colcon_core.environment[0m [1;30mLevel 1[0m checking '/home/ubuntu/research_ws/ur10_pick_place_ws/install/robotiq_3f_interfaces/bin'
[3.044s] [34mcolcon.colcon_core.shell[0m [1;30mINFO[0m Creating package script '/home/ubuntu/research_ws/ur10_pick_place_ws/install/robotiq_3f_interfaces/share/robotiq_3f_interfaces/package.ps1'
[3.046s] [34mcolcon.colcon_core.shell[0m [1;30mINFO[0m Creating package descriptor '/home/ubuntu/research_ws/ur10_pick_place_ws/install/robotiq_3f_interfaces/share/robotiq_3f_interfaces/package.dsv'
[3.047s] [34mcolcon.colcon_core.shell[0m [1;30mINFO[0m Creating package script '/home/ubuntu/research_ws/ur10_pick_place_ws/install/robotiq_3f_interfaces/share/robotiq_3f_interfaces/package.sh'
[3.048s] [34mcolcon.colcon_core.shell[0m [1;30mINFO[0m Creating package script '/home/ubuntu/research_ws/ur10_pick_place_ws/install/robotiq_3f_interfaces/share/robotiq_3f_interfaces/package.bash'
[3.049s] [34mcolcon.colcon_core.shell[0m [1;30mINFO[0m Creating package script '/home/ubuntu/research_ws/ur10_pick_place_ws/install/robotiq_3f_interfaces/share/robotiq_3f_interfaces/package.zsh'
[3.050s] [34mcolcon.colcon_core.environment[0m [1;30mLevel 1[0m create_file_with_runtime_dependencies(/home/ubuntu/research_ws/ur10_pick_place_ws/install/robotiq_3f_interfaces/share/colcon-core/packages/robotiq_3f_interfaces)
[3.099s] [34mcolcon.colcon_core.event_handler.log_command[0m [1;30mDEBUG[0m [32mInvoking command in '/home/ubuntu/research_ws/ur10_pick_place_ws/src/grasp_executor': PYTHONPATH=/home/ubuntu/research_ws/ur10_pick_place_ws/build/grasp_executor/prefix_override:/usr/lib/python3/dist-packages/colcon_core/task/python/colcon_distutils_commands:/home/ubuntu/research_ws/ur10_pick_place_ws/install/grasp_executor/lib/python3.10/site-packages:${PYTHONPATH} /usr/bin/python3 -W ignore:setup.py install is deprecated -W ignore:easy_install command is deprecated setup.py egg_info --egg-base ../../build/grasp_executor build --build-base /home/ubuntu/research_ws/ur10_pick_place_ws/build/grasp_executor/build install --record /home/ubuntu/research_ws/ur10_pick_place_ws/build/grasp_executor/install.log --single-version-externally-managed install_data[0m
[3.861s] [34mcolcon.colcon_core.environment[0m [1;30mLevel 1[0m checking '/home/ubuntu/research_ws/ur10_pick_place_ws/install/grasp_executor' for CMake module files
[3.863s] [34mcolcon.colcon_core.event_handler.log_command[0m [1;30mDEBUG[0m [32mInvoked command in '/home/ubuntu/research_ws/ur10_pick_place_ws/src/grasp_executor' returned '0': PYTHONPATH=/home/ubuntu/research_ws/ur10_pick_place_ws/build/grasp_executor/prefix_override:/usr/lib/python3/dist-packages/colcon_core/task/python/colcon_distutils_commands:/home/ubuntu/research_ws/ur10_pick_place_ws/install/grasp_executor/lib/python3.10/site-packages:${PYTHONPATH} /usr/bin/python3 -W ignore:setup.py install is deprecated -W ignore:easy_install command is deprecated setup.py egg_info --egg-base ../../build/grasp_executor build --build-base /home/ubuntu/research_ws/ur10_pick_place_ws/build/grasp_executor/build install --record /home/ubuntu/research_ws/ur10_pick_place_ws/build/grasp_executor/install.log --single-version-externally-managed install_data[0m
[3.864s] [34mcolcon.colcon_core.environment[0m [1;30mLevel 1[0m checking '/home/ubuntu/research_ws/ur10_pick_place_ws/install/grasp_executor' for CMake config files
[3.866s] [34mcolcon.colcon_core.environment[0m [1;30mLevel 1[0m checking '/home/ubuntu/research_ws/ur10_pick_place_ws/install/grasp_executor/lib'
[3.866s] [34mcolcon.colcon_core.environment[0m [1;30mLevel 1[0m checking '/home/ubuntu/research_ws/ur10_pick_place_ws/install/grasp_executor/bin'
[3.866s] [34mcolcon.colcon_core.environment[0m [1;30mLevel 1[0m checking '/home/ubuntu/research_ws/ur10_pick_place_ws/install/grasp_executor/lib/pkgconfig/grasp_executor.pc'
[3.867s] [34mcolcon.colcon_core.environment[0m [1;30mLevel 1[0m checking '/home/ubuntu/research_ws/ur10_pick_place_ws/install/grasp_executor/lib/python3.10/site-packages'
[3.867s] [34mcolcon.colcon_core.shell[0m [1;30mLevel 1[0m create_environment_hook('grasp_executor', 'pythonpath')
[3.867s] [34mcolcon.colcon_core.shell[0m [1;30mINFO[0m Creating environment hook '/home/ubuntu/research_ws/ur10_pick_place_ws/install/grasp_executor/share/grasp_executor/hook/pythonpath.ps1'
[3.869s] [34mcolcon.colcon_core.shell[0m [1;30mINFO[0m Creating environment descriptor '/home/ubuntu/research_ws/ur10_pick_place_ws/install/grasp_executor/share/grasp_executor/hook/pythonpath.dsv'
[3.870s] [34mcolcon.colcon_core.shell[0m [1;30mINFO[0m Creating environment hook '/home/ubuntu/research_ws/ur10_pick_place_ws/install/grasp_executor/share/grasp_executor/hook/pythonpath.sh'
[3.872s] [34mcolcon.colcon_core.environment[0m [1;30mLevel 1[0m checking '/home/ubuntu/research_ws/ur10_pick_place_ws/install/grasp_executor/bin'
[3.872s] [34mcolcon.colcon_core.environment[0m [1;30mLevel 1[0m create_environment_scripts_only(grasp_executor)
[3.873s] [34mcolcon.colcon_core.shell[0m [1;30mINFO[0m Creating package script '/home/ubuntu/research_ws/ur10_pick_place_ws/install/grasp_executor/share/grasp_executor/package.ps1'
[3.874s] [34mcolcon.colcon_core.shell[0m [1;30mINFO[0m Creating package descriptor '/home/ubuntu/research_ws/ur10_pick_place_ws/install/grasp_executor/share/grasp_executor/package.dsv'
[3.875s] [34mcolcon.colcon_core.shell[0m [1;30mINFO[0m Creating package script '/home/ubuntu/research_ws/ur10_pick_place_ws/install/grasp_executor/share/grasp_executor/package.sh'
[3.876s] [34mcolcon.colcon_core.shell[0m [1;30mINFO[0m Creating package script '/home/ubuntu/research_ws/ur10_pick_place_ws/install/grasp_executor/share/grasp_executor/package.bash'
[3.877s] [34mcolcon.colcon_core.shell[0m [1;30mINFO[0m Creating package script '/home/ubuntu/research_ws/ur10_pick_place_ws/install/grasp_executor/share/grasp_executor/package.zsh'
[3.878s] [34mcolcon.colcon_core.environment[0m [1;30mLevel 1[0m create_file_with_runtime_dependencies(/home/ubuntu/research_ws/ur10_pick_place_ws/install/grasp_executor/share/colcon-core/packages/grasp_executor)
[3.878s] [34mcolcon.colcon_parallel_executor.executor.parallel[0m [1;30mDEBUG[0m [32mclosing loop[0m
[3.879s] [34mcolcon.colcon_parallel_executor.executor.parallel[0m [1;30mDEBUG[0m [32mloop closed[0m
[3.880s] [34mcolcon.colcon_parallel_executor.executor.parallel[0m [1;30mDEBUG[0m [32mrun_until_complete finished with '0'[0m
[3.880s] [34mcolcon.colcon_core.event_reactor[0m [1;30mDEBUG[0m [32mjoining thread[0m
[3.899s] [34mcolcon.colcon_core.plugin_system[0m [1;30mINFO[0m Skipping extension 'colcon_notification.desktop_notification.terminal_notifier': Not used on non-Darwin systems
[3.899s] [34mcolcon.colcon_core.plugin_system[0m [1;30mINFO[0m Skipping extension 'colcon_notification.desktop_notification.win32': Not used on non-Windows systems
[3.900s] [34mcolcon.colcon_notification.desktop_notification[0m [1;30mINFO[0m Sending desktop notification using 'notify2'
[3.948s] [34mcolcon.colcon_core.event_reactor[0m [1;30mDEBUG[0m [32mjoined thread[0m
[3.950s] [34mcolcon.colcon_core.shell[0m [1;30mINFO[0m Creating prefix script '/home/ubuntu/research_ws/ur10_pick_place_ws/install/local_setup.ps1'
[3.954s] [34mcolcon.colcon_core.shell[0m [1;30mINFO[0m Creating prefix util module '/home/ubuntu/research_ws/ur10_pick_place_ws/install/_local_setup_util_ps1.py'
[3.959s] [34mcolcon.colcon_core.shell[0m [1;30mINFO[0m Creating prefix chain script '/home/ubuntu/research_ws/ur10_pick_place_ws/install/setup.ps1'
[3.964s] [34mcolcon.colcon_core.shell[0m [1;30mINFO[0m Creating prefix script '/home/ubuntu/research_ws/ur10_pick_place_ws/install/local_setup.sh'
[3.965s] [34mcolcon.colcon_core.shell[0m [1;30mINFO[0m Creating prefix util module '/home/ubuntu/research_ws/ur10_pick_place_ws/install/_local_setup_util_sh.py'
[3.966s] [34mcolcon.colcon_core.shell[0m [1;30mINFO[0m Creating prefix chain script '/home/ubuntu/research_ws/ur10_pick_place_ws/install/setup.sh'
[3.972s] [34mcolcon.colcon_core.shell[0m [1;30mINFO[0m Creating prefix script '/home/ubuntu/research_ws/ur10_pick_place_ws/install/local_setup.bash'
[3.975s] [34mcolcon.colcon_core.shell[0m [1;30mINFO[0m Creating prefix chain script '/home/ubuntu/research_ws/ur10_pick_place_ws/install/setup.bash'
[3.982s] [34mcolcon.colcon_core.shell[0m [1;30mINFO[0m Creating prefix script '/home/ubuntu/research_ws/ur10_pick_place_ws/install/local_setup.zsh'
[3.983s] [34mcolcon.colcon_core.shell[0m [1;30mINFO[0m Creating prefix chain script '/home/ubuntu/research_ws/ur10_pick_place_ws/install/setup.zsh'
