[0.090s] DEBUG:colcon:Command line arguments: ['/usr/bin/colcon', 'build']
[0.090s] DEBUG:colcon:Parsed command line arguments: Namespace(log_base=None, log_level=None, verb_name='build', build_base='build', install_base='install', merge_install=False, symlink_install=False, test_result_base=None, continue_on_error=False, executor='parallel', parallel_workers=32, event_handlers=None, ignore_user_meta=False, metas=['./colcon.meta'], base_paths=['.'], packages_ignore=None, packages_ignore_regex=None, paths=None, packages_up_to=None, packages_up_to_regex=None, packages_above=None, packages_above_and_dependencies=None, packages_above_depth=None, packages_select_by_dep=None, packages_skip_by_dep=None, packages_skip_up_to=None, packages_select_build_failed=False, packages_skip_build_finished=False, packages_select_test_failures=False, packages_skip_test_passed=False, packages_select=None, packages_skip=None, packages_select_regex=None, packages_skip_regex=None, packages_start=None, packages_end=None, allow_overriding=[], cmake_args=None, cmake_target=None, cmake_target_skip_unavailable=False, cmake_clean_cache=False, cmake_clean_first=False, cmake_force_configure=False, ament_cmake_args=None, catkin_cmake_args=None, catkin_skip_building_tests=False, mixin_files=None, mixin=None, verb_parser=<colcon_mixin.mixin.mixin_argument.MixinArgumentDecorator object at 0x703f99a62350>, verb_extension=<colcon_core.verb.build.BuildVerb object at 0x703f99a615a0>, main=<bound method BuildVerb.main of <colcon_core.verb.build.BuildVerb object at 0x703f99a615a0>>, mixin_verb=('build',))
[0.209s] Level 1:colcon.colcon_core.package_discovery:discover_packages(colcon_meta) check parameters
[0.210s] Level 1:colcon.colcon_core.package_discovery:discover_packages(recursive) check parameters
[0.210s] Level 1:colcon.colcon_core.package_discovery:discover_packages(ignore) check parameters
[0.210s] Level 1:colcon.colcon_core.package_discovery:discover_packages(path) check parameters
[0.210s] Level 1:colcon.colcon_core.package_discovery:discover_packages(colcon_meta) discover
[0.210s] Level 1:colcon.colcon_core.package_discovery:discover_packages(recursive) discover
[0.210s] INFO:colcon.colcon_core.package_discovery:Crawling recursively for packages in '/home/user/research_ws/ur10_pick_place_ws'
[0.210s] Level 1:colcon.colcon_core.package_identification:_identify(.) by extensions ['ignore', 'ignore_ament_install']
[0.210s] Level 1:colcon.colcon_core.package_identification:_identify(.) by extension 'ignore'
[0.210s] Level 1:colcon.colcon_core.package_identification:_identify(.) by extension 'ignore_ament_install'
[0.210s] Level 1:colcon.colcon_core.package_identification:_identify(.) by extensions ['colcon_pkg']
[0.210s] Level 1:colcon.colcon_core.package_identification:_identify(.) by extension 'colcon_pkg'
[0.210s] Level 1:colcon.colcon_core.package_identification:_identify(.) by extensions ['colcon_meta']
[0.210s] Level 1:colcon.colcon_core.package_identification:_identify(.) by extension 'colcon_meta'
[0.210s] Level 1:colcon.colcon_core.package_identification:_identify(.) by extensions ['ros']
[0.210s] Level 1:colcon.colcon_core.package_identification:_identify(.) by extension 'ros'
[0.218s] Level 1:colcon.colcon_core.package_identification:_identify(.) by extensions ['cmake', 'python']
[0.219s] Level 1:colcon.colcon_core.package_identification:_identify(.) by extension 'cmake'
[0.219s] Level 1:colcon.colcon_core.package_identification:_identify(.) by extension 'python'
[0.219s] Level 1:colcon.colcon_core.package_identification:_identify(.) by extensions ['python_setup_py']
[0.219s] Level 1:colcon.colcon_core.package_identification:_identify(.) by extension 'python_setup_py'
[0.219s] Level 1:colcon.colcon_core.package_identification:_identify(build) by extensions ['ignore', 'ignore_ament_install']
[0.219s] Level 1:colcon.colcon_core.package_identification:_identify(build) by extension 'ignore'
[0.219s] Level 1:colcon.colcon_core.package_identification:_identify(build) ignored
[0.219s] Level 1:colcon.colcon_core.package_identification:_identify(install) by extensions ['ignore', 'ignore_ament_install']
[0.219s] Level 1:colcon.colcon_core.package_identification:_identify(install) by extension 'ignore'
[0.219s] Level 1:colcon.colcon_core.package_identification:_identify(install) ignored
[0.219s] Level 1:colcon.colcon_core.package_identification:_identify(log) by extensions ['ignore', 'ignore_ament_install']
[0.219s] Level 1:colcon.colcon_core.package_identification:_identify(log) by extension 'ignore'
[0.219s] Level 1:colcon.colcon_core.package_identification:_identify(log) ignored
[0.219s] Level 1:colcon.colcon_core.package_identification:_identify(src) by extensions ['ignore', 'ignore_ament_install']
[0.219s] Level 1:colcon.colcon_core.package_identification:_identify(src) by extension 'ignore'
[0.219s] Level 1:colcon.colcon_core.package_identification:_identify(src) by extension 'ignore_ament_install'
[0.219s] Level 1:colcon.colcon_core.package_identification:_identify(src) by extensions ['colcon_pkg']
[0.219s] Level 1:colcon.colcon_core.package_identification:_identify(src) by extension 'colcon_pkg'
[0.219s] Level 1:colcon.colcon_core.package_identification:_identify(src) by extensions ['colcon_meta']
[0.219s] Level 1:colcon.colcon_core.package_identification:_identify(src) by extension 'colcon_meta'
[0.219s] Level 1:colcon.colcon_core.package_identification:_identify(src) by extensions ['ros']
[0.219s] Level 1:colcon.colcon_core.package_identification:_identify(src) by extension 'ros'
[0.219s] Level 1:colcon.colcon_core.package_identification:_identify(src) by extensions ['cmake', 'python']
[0.219s] Level 1:colcon.colcon_core.package_identification:_identify(src) by extension 'cmake'
[0.219s] Level 1:colcon.colcon_core.package_identification:_identify(src) by extension 'python'
[0.219s] Level 1:colcon.colcon_core.package_identification:_identify(src) by extensions ['python_setup_py']
[0.220s] Level 1:colcon.colcon_core.package_identification:_identify(src) by extension 'python_setup_py'
[0.220s] Level 1:colcon.colcon_core.package_identification:_identify(src/Universal_Robots_ROS2_Gazebo_Simulation) by extensions ['ignore', 'ignore_ament_install']
[0.220s] Level 1:colcon.colcon_core.package_identification:_identify(src/Universal_Robots_ROS2_Gazebo_Simulation) by extension 'ignore'
[0.220s] Level 1:colcon.colcon_core.package_identification:_identify(src/Universal_Robots_ROS2_Gazebo_Simulation) by extension 'ignore_ament_install'
[0.220s] Level 1:colcon.colcon_core.package_identification:_identify(src/Universal_Robots_ROS2_Gazebo_Simulation) by extensions ['colcon_pkg']
[0.220s] Level 1:colcon.colcon_core.package_identification:_identify(src/Universal_Robots_ROS2_Gazebo_Simulation) by extension 'colcon_pkg'
[0.220s] Level 1:colcon.colcon_core.package_identification:_identify(src/Universal_Robots_ROS2_Gazebo_Simulation) by extensions ['colcon_meta']
[0.220s] Level 1:colcon.colcon_core.package_identification:_identify(src/Universal_Robots_ROS2_Gazebo_Simulation) by extension 'colcon_meta'
[0.220s] Level 1:colcon.colcon_core.package_identification:_identify(src/Universal_Robots_ROS2_Gazebo_Simulation) by extensions ['ros']
[0.220s] Level 1:colcon.colcon_core.package_identification:_identify(src/Universal_Robots_ROS2_Gazebo_Simulation) by extension 'ros'
[0.220s] Level 1:colcon.colcon_core.package_identification:_identify(src/Universal_Robots_ROS2_Gazebo_Simulation) by extensions ['cmake', 'python']
[0.220s] Level 1:colcon.colcon_core.package_identification:_identify(src/Universal_Robots_ROS2_Gazebo_Simulation) by extension 'cmake'
[0.220s] Level 1:colcon.colcon_core.package_identification:_identify(src/Universal_Robots_ROS2_Gazebo_Simulation) by extension 'python'
[0.220s] Level 1:colcon.colcon_core.package_identification:_identify(src/Universal_Robots_ROS2_Gazebo_Simulation) by extensions ['python_setup_py']
[0.220s] Level 1:colcon.colcon_core.package_identification:_identify(src/Universal_Robots_ROS2_Gazebo_Simulation) by extension 'python_setup_py'
[0.220s] Level 1:colcon.colcon_core.package_identification:_identify(src/Universal_Robots_ROS2_Gazebo_Simulation/ur_simulation_gazebo) by extensions ['ignore', 'ignore_ament_install']
[0.220s] Level 1:colcon.colcon_core.package_identification:_identify(src/Universal_Robots_ROS2_Gazebo_Simulation/ur_simulation_gazebo) by extension 'ignore'
[0.220s] Level 1:colcon.colcon_core.package_identification:_identify(src/Universal_Robots_ROS2_Gazebo_Simulation/ur_simulation_gazebo) by extension 'ignore_ament_install'
[0.220s] Level 1:colcon.colcon_core.package_identification:_identify(src/Universal_Robots_ROS2_Gazebo_Simulation/ur_simulation_gazebo) by extensions ['colcon_pkg']
[0.220s] Level 1:colcon.colcon_core.package_identification:_identify(src/Universal_Robots_ROS2_Gazebo_Simulation/ur_simulation_gazebo) by extension 'colcon_pkg'
[0.220s] Level 1:colcon.colcon_core.package_identification:_identify(src/Universal_Robots_ROS2_Gazebo_Simulation/ur_simulation_gazebo) by extensions ['colcon_meta']
[0.220s] Level 1:colcon.colcon_core.package_identification:_identify(src/Universal_Robots_ROS2_Gazebo_Simulation/ur_simulation_gazebo) by extension 'colcon_meta'
[0.220s] Level 1:colcon.colcon_core.package_identification:_identify(src/Universal_Robots_ROS2_Gazebo_Simulation/ur_simulation_gazebo) by extensions ['ros']
[0.220s] Level 1:colcon.colcon_core.package_identification:_identify(src/Universal_Robots_ROS2_Gazebo_Simulation/ur_simulation_gazebo) by extension 'ros'
[0.222s] DEBUG:colcon.colcon_core.package_identification:Package 'src/Universal_Robots_ROS2_Gazebo_Simulation/ur_simulation_gazebo' with type 'ros.ament_cmake' and name 'ur_simulation_gazebo'
[0.222s] Level 1:colcon.colcon_core.package_identification:_identify(src/linkattacher_msgs) by extensions ['ignore', 'ignore_ament_install']
[0.222s] Level 1:colcon.colcon_core.package_identification:_identify(src/linkattacher_msgs) by extension 'ignore'
[0.222s] Level 1:colcon.colcon_core.package_identification:_identify(src/linkattacher_msgs) by extension 'ignore_ament_install'
[0.222s] Level 1:colcon.colcon_core.package_identification:_identify(src/linkattacher_msgs) by extensions ['colcon_pkg']
[0.222s] Level 1:colcon.colcon_core.package_identification:_identify(src/linkattacher_msgs) by extension 'colcon_pkg'
[0.222s] Level 1:colcon.colcon_core.package_identification:_identify(src/linkattacher_msgs) by extensions ['colcon_meta']
[0.222s] Level 1:colcon.colcon_core.package_identification:_identify(src/linkattacher_msgs) by extension 'colcon_meta'
[0.222s] Level 1:colcon.colcon_core.package_identification:_identify(src/linkattacher_msgs) by extensions ['ros']
[0.223s] Level 1:colcon.colcon_core.package_identification:_identify(src/linkattacher_msgs) by extension 'ros'
[0.223s] DEBUG:colcon.colcon_core.package_identification:Package 'src/linkattacher_msgs' with type 'ros.ament_cmake' and name 'linkattacher_msgs'
[0.223s] Level 1:colcon.colcon_core.package_identification:_identify(src/linkattacher_plugin) by extensions ['ignore', 'ignore_ament_install']
[0.223s] Level 1:colcon.colcon_core.package_identification:_identify(src/linkattacher_plugin) by extension 'ignore'
[0.223s] Level 1:colcon.colcon_core.package_identification:_identify(src/linkattacher_plugin) by extension 'ignore_ament_install'
[0.223s] Level 1:colcon.colcon_core.package_identification:_identify(src/linkattacher_plugin) by extensions ['colcon_pkg']
[0.223s] Level 1:colcon.colcon_core.package_identification:_identify(src/linkattacher_plugin) by extension 'colcon_pkg'
[0.223s] Level 1:colcon.colcon_core.package_identification:_identify(src/linkattacher_plugin) by extensions ['colcon_meta']
[0.223s] Level 1:colcon.colcon_core.package_identification:_identify(src/linkattacher_plugin) by extension 'colcon_meta'
[0.223s] Level 1:colcon.colcon_core.package_identification:_identify(src/linkattacher_plugin) by extensions ['ros']
[0.223s] Level 1:colcon.colcon_core.package_identification:_identify(src/linkattacher_plugin) by extension 'ros'
[0.224s] DEBUG:colcon.colcon_core.package_identification:Package 'src/linkattacher_plugin' with type 'ros.ament_cmake' and name 'ros2_linkattacher'
[0.224s] Level 1:colcon.colcon_core.package_identification:_identify(src/ros2_robotiq_3f_gripper) by extensions ['ignore', 'ignore_ament_install']
[0.224s] Level 1:colcon.colcon_core.package_identification:_identify(src/ros2_robotiq_3f_gripper) by extension 'ignore'
[0.224s] Level 1:colcon.colcon_core.package_identification:_identify(src/ros2_robotiq_3f_gripper) by extension 'ignore_ament_install'
[0.224s] Level 1:colcon.colcon_core.package_identification:_identify(src/ros2_robotiq_3f_gripper) by extensions ['colcon_pkg']
[0.224s] Level 1:colcon.colcon_core.package_identification:_identify(src/ros2_robotiq_3f_gripper) by extension 'colcon_pkg'
[0.224s] Level 1:colcon.colcon_core.package_identification:_identify(src/ros2_robotiq_3f_gripper) by extensions ['colcon_meta']
[0.224s] Level 1:colcon.colcon_core.package_identification:_identify(src/ros2_robotiq_3f_gripper) by extension 'colcon_meta'
[0.224s] Level 1:colcon.colcon_core.package_identification:_identify(src/ros2_robotiq_3f_gripper) by extensions ['ros']
[0.224s] Level 1:colcon.colcon_core.package_identification:_identify(src/ros2_robotiq_3f_gripper) by extension 'ros'
[0.224s] Level 1:colcon.colcon_core.package_identification:_identify(src/ros2_robotiq_3f_gripper) by extensions ['cmake', 'python']
[0.224s] Level 1:colcon.colcon_core.package_identification:_identify(src/ros2_robotiq_3f_gripper) by extension 'cmake'
[0.224s] Level 1:colcon.colcon_core.package_identification:_identify(src/ros2_robotiq_3f_gripper) by extension 'python'
[0.224s] Level 1:colcon.colcon_core.package_identification:_identify(src/ros2_robotiq_3f_gripper) by extensions ['python_setup_py']
[0.224s] Level 1:colcon.colcon_core.package_identification:_identify(src/ros2_robotiq_3f_gripper) by extension 'python_setup_py'
[0.224s] Level 1:colcon.colcon_core.package_identification:_identify(src/ros2_robotiq_3f_gripper/robotiq_3f_description) by extensions ['ignore', 'ignore_ament_install']
[0.224s] Level 1:colcon.colcon_core.package_identification:_identify(src/ros2_robotiq_3f_gripper/robotiq_3f_description) by extension 'ignore'
[0.225s] Level 1:colcon.colcon_core.package_identification:_identify(src/ros2_robotiq_3f_gripper/robotiq_3f_description) by extension 'ignore_ament_install'
[0.225s] Level 1:colcon.colcon_core.package_identification:_identify(src/ros2_robotiq_3f_gripper/robotiq_3f_description) by extensions ['colcon_pkg']
[0.225s] Level 1:colcon.colcon_core.package_identification:_identify(src/ros2_robotiq_3f_gripper/robotiq_3f_description) by extension 'colcon_pkg'
[0.225s] Level 1:colcon.colcon_core.package_identification:_identify(src/ros2_robotiq_3f_gripper/robotiq_3f_description) by extensions ['colcon_meta']
[0.225s] Level 1:colcon.colcon_core.package_identification:_identify(src/ros2_robotiq_3f_gripper/robotiq_3f_description) by extension 'colcon_meta'
[0.225s] Level 1:colcon.colcon_core.package_identification:_identify(src/ros2_robotiq_3f_gripper/robotiq_3f_description) by extensions ['ros']
[0.225s] Level 1:colcon.colcon_core.package_identification:_identify(src/ros2_robotiq_3f_gripper/robotiq_3f_description) by extension 'ros'
[0.225s] DEBUG:colcon.colcon_core.package_identification:Package 'src/ros2_robotiq_3f_gripper/robotiq_3f_description' with type 'ros.ament_cmake' and name 'robotiq_3f_description'
[0.225s] Level 1:colcon.colcon_core.package_identification:_identify(src/ros2_robotiq_3f_gripper/robotiq_3f_driver) by extensions ['ignore', 'ignore_ament_install']
[0.225s] Level 1:colcon.colcon_core.package_identification:_identify(src/ros2_robotiq_3f_gripper/robotiq_3f_driver) by extension 'ignore'
[0.225s] Level 1:colcon.colcon_core.package_identification:_identify(src/ros2_robotiq_3f_gripper/robotiq_3f_driver) ignored
[0.225s] Level 1:colcon.colcon_core.package_identification:_identify(src/ros2_robotiq_3f_gripper/robotiq_3f_hardware_tests) by extensions ['ignore', 'ignore_ament_install']
[0.225s] Level 1:colcon.colcon_core.package_identification:_identify(src/ros2_robotiq_3f_gripper/robotiq_3f_hardware_tests) by extension 'ignore'
[0.225s] Level 1:colcon.colcon_core.package_identification:_identify(src/ros2_robotiq_3f_gripper/robotiq_3f_hardware_tests) ignored
[0.225s] Level 1:colcon.colcon_core.package_identification:_identify(src/ros2_robotiq_3f_gripper/robotiq_3f_interfaces) by extensions ['ignore', 'ignore_ament_install']
[0.225s] Level 1:colcon.colcon_core.package_identification:_identify(src/ros2_robotiq_3f_gripper/robotiq_3f_interfaces) by extension 'ignore'
[0.225s] Level 1:colcon.colcon_core.package_identification:_identify(src/ros2_robotiq_3f_gripper/robotiq_3f_interfaces) by extension 'ignore_ament_install'
[0.225s] Level 1:colcon.colcon_core.package_identification:_identify(src/ros2_robotiq_3f_gripper/robotiq_3f_interfaces) by extensions ['colcon_pkg']
[0.225s] Level 1:colcon.colcon_core.package_identification:_identify(src/ros2_robotiq_3f_gripper/robotiq_3f_interfaces) by extension 'colcon_pkg'
[0.226s] Level 1:colcon.colcon_core.package_identification:_identify(src/ros2_robotiq_3f_gripper/robotiq_3f_interfaces) by extensions ['colcon_meta']
[0.226s] Level 1:colcon.colcon_core.package_identification:_identify(src/ros2_robotiq_3f_gripper/robotiq_3f_interfaces) by extension 'colcon_meta'
[0.226s] Level 1:colcon.colcon_core.package_identification:_identify(src/ros2_robotiq_3f_gripper/robotiq_3f_interfaces) by extensions ['ros']
[0.226s] Level 1:colcon.colcon_core.package_identification:_identify(src/ros2_robotiq_3f_gripper/robotiq_3f_interfaces) by extension 'ros'
[0.226s] DEBUG:colcon.colcon_core.package_identification:Package 'src/ros2_robotiq_3f_gripper/robotiq_3f_interfaces' with type 'ros.ament_cmake' and name 'robotiq_3f_interfaces'
[0.226s] Level 1:colcon.colcon_core.package_identification:_identify(src/ros2_robotiq_3f_gripper/robotiq_3f_transmission_plugins) by extensions ['ignore', 'ignore_ament_install']
[0.226s] Level 1:colcon.colcon_core.package_identification:_identify(src/ros2_robotiq_3f_gripper/robotiq_3f_transmission_plugins) by extension 'ignore'
[0.226s] Level 1:colcon.colcon_core.package_identification:_identify(src/ros2_robotiq_3f_gripper/robotiq_3f_transmission_plugins) ignored
[0.226s] Level 1:colcon.colcon_core.package_identification:_identify(src/ros2_robotiq_gripper) by extensions ['ignore', 'ignore_ament_install']
[0.226s] Level 1:colcon.colcon_core.package_identification:_identify(src/ros2_robotiq_gripper) by extension 'ignore'
[0.226s] Level 1:colcon.colcon_core.package_identification:_identify(src/ros2_robotiq_gripper) by extension 'ignore_ament_install'
[0.226s] Level 1:colcon.colcon_core.package_identification:_identify(src/ros2_robotiq_gripper) by extensions ['colcon_pkg']
[0.226s] Level 1:colcon.colcon_core.package_identification:_identify(src/ros2_robotiq_gripper) by extension 'colcon_pkg'
[0.226s] Level 1:colcon.colcon_core.package_identification:_identify(src/ros2_robotiq_gripper) by extensions ['colcon_meta']
[0.226s] Level 1:colcon.colcon_core.package_identification:_identify(src/ros2_robotiq_gripper) by extension 'colcon_meta'
[0.226s] Level 1:colcon.colcon_core.package_identification:_identify(src/ros2_robotiq_gripper) by extensions ['ros']
[0.226s] Level 1:colcon.colcon_core.package_identification:_identify(src/ros2_robotiq_gripper) by extension 'ros'
[0.226s] Level 1:colcon.colcon_core.package_identification:_identify(src/ros2_robotiq_gripper) by extensions ['cmake', 'python']
[0.226s] Level 1:colcon.colcon_core.package_identification:_identify(src/ros2_robotiq_gripper) by extension 'cmake'
[0.227s] Level 1:colcon.colcon_core.package_identification:_identify(src/ros2_robotiq_gripper) by extension 'python'
[0.227s] Level 1:colcon.colcon_core.package_identification:_identify(src/ros2_robotiq_gripper) by extensions ['python_setup_py']
[0.227s] Level 1:colcon.colcon_core.package_identification:_identify(src/ros2_robotiq_gripper) by extension 'python_setup_py'
[0.227s] Level 1:colcon.colcon_core.package_identification:_identify(src/ros2_robotiq_gripper/robotiq_controllers) by extensions ['ignore', 'ignore_ament_install']
[0.227s] Level 1:colcon.colcon_core.package_identification:_identify(src/ros2_robotiq_gripper/robotiq_controllers) by extension 'ignore'
[0.227s] Level 1:colcon.colcon_core.package_identification:_identify(src/ros2_robotiq_gripper/robotiq_controllers) by extension 'ignore_ament_install'
[0.227s] Level 1:colcon.colcon_core.package_identification:_identify(src/ros2_robotiq_gripper/robotiq_controllers) by extensions ['colcon_pkg']
[0.227s] Level 1:colcon.colcon_core.package_identification:_identify(src/ros2_robotiq_gripper/robotiq_controllers) by extension 'colcon_pkg'
[0.227s] Level 1:colcon.colcon_core.package_identification:_identify(src/ros2_robotiq_gripper/robotiq_controllers) by extensions ['colcon_meta']
[0.227s] Level 1:colcon.colcon_core.package_identification:_identify(src/ros2_robotiq_gripper/robotiq_controllers) by extension 'colcon_meta'
[0.227s] Level 1:colcon.colcon_core.package_identification:_identify(src/ros2_robotiq_gripper/robotiq_controllers) by extensions ['ros']
[0.227s] Level 1:colcon.colcon_core.package_identification:_identify(src/ros2_robotiq_gripper/robotiq_controllers) by extension 'ros'
[0.227s] DEBUG:colcon.colcon_core.package_identification:Package 'src/ros2_robotiq_gripper/robotiq_controllers' with type 'ros.ament_cmake' and name 'robotiq_controllers'
[0.227s] Level 1:colcon.colcon_core.package_identification:_identify(src/ros2_robotiq_gripper/robotiq_description) by extensions ['ignore', 'ignore_ament_install']
[0.227s] Level 1:colcon.colcon_core.package_identification:_identify(src/ros2_robotiq_gripper/robotiq_description) by extension 'ignore'
[0.227s] Level 1:colcon.colcon_core.package_identification:_identify(src/ros2_robotiq_gripper/robotiq_description) by extension 'ignore_ament_install'
[0.227s] Level 1:colcon.colcon_core.package_identification:_identify(src/ros2_robotiq_gripper/robotiq_description) by extensions ['colcon_pkg']
[0.228s] Level 1:colcon.colcon_core.package_identification:_identify(src/ros2_robotiq_gripper/robotiq_description) by extension 'colcon_pkg'
[0.228s] Level 1:colcon.colcon_core.package_identification:_identify(src/ros2_robotiq_gripper/robotiq_description) by extensions ['colcon_meta']
[0.228s] Level 1:colcon.colcon_core.package_identification:_identify(src/ros2_robotiq_gripper/robotiq_description) by extension 'colcon_meta'
[0.228s] Level 1:colcon.colcon_core.package_identification:_identify(src/ros2_robotiq_gripper/robotiq_description) by extensions ['ros']
[0.228s] Level 1:colcon.colcon_core.package_identification:_identify(src/ros2_robotiq_gripper/robotiq_description) by extension 'ros'
[0.228s] DEBUG:colcon.colcon_core.package_identification:Package 'src/ros2_robotiq_gripper/robotiq_description' with type 'ros.ament_cmake' and name 'robotiq_description'
[0.228s] Level 1:colcon.colcon_core.package_identification:_identify(src/ur10_camera_gripper_moveit_config) by extensions ['ignore', 'ignore_ament_install']
[0.228s] Level 1:colcon.colcon_core.package_identification:_identify(src/ur10_camera_gripper_moveit_config) by extension 'ignore'
[0.228s] Level 1:colcon.colcon_core.package_identification:_identify(src/ur10_camera_gripper_moveit_config) by extension 'ignore_ament_install'
[0.228s] Level 1:colcon.colcon_core.package_identification:_identify(src/ur10_camera_gripper_moveit_config) by extensions ['colcon_pkg']
[0.228s] Level 1:colcon.colcon_core.package_identification:_identify(src/ur10_camera_gripper_moveit_config) by extension 'colcon_pkg'
[0.228s] Level 1:colcon.colcon_core.package_identification:_identify(src/ur10_camera_gripper_moveit_config) by extensions ['colcon_meta']
[0.228s] Level 1:colcon.colcon_core.package_identification:_identify(src/ur10_camera_gripper_moveit_config) by extension 'colcon_meta'
[0.228s] Level 1:colcon.colcon_core.package_identification:_identify(src/ur10_camera_gripper_moveit_config) by extensions ['ros']
[0.228s] Level 1:colcon.colcon_core.package_identification:_identify(src/ur10_camera_gripper_moveit_config) by extension 'ros'
[0.229s] DEBUG:colcon.colcon_core.package_identification:Package 'src/ur10_camera_gripper_moveit_config' with type 'ros.ament_cmake' and name 'ur10_camera_gripper_moveit_config'
[0.229s] Level 1:colcon.colcon_core.package_identification:_identify(src/ur10_camera_moveit_config) by extensions ['ignore', 'ignore_ament_install']
[0.229s] Level 1:colcon.colcon_core.package_identification:_identify(src/ur10_camera_moveit_config) by extension 'ignore'
[0.229s] Level 1:colcon.colcon_core.package_identification:_identify(src/ur10_camera_moveit_config) ignored
[0.229s] Level 1:colcon.colcon_core.package_identification:_identify(src/ur_yt_sim) by extensions ['ignore', 'ignore_ament_install']
[0.229s] Level 1:colcon.colcon_core.package_identification:_identify(src/ur_yt_sim) by extension 'ignore'
[0.229s] Level 1:colcon.colcon_core.package_identification:_identify(src/ur_yt_sim) by extension 'ignore_ament_install'
[0.229s] Level 1:colcon.colcon_core.package_identification:_identify(src/ur_yt_sim) by extensions ['colcon_pkg']
[0.229s] Level 1:colcon.colcon_core.package_identification:_identify(src/ur_yt_sim) by extension 'colcon_pkg'
[0.229s] Level 1:colcon.colcon_core.package_identification:_identify(src/ur_yt_sim) by extensions ['colcon_meta']
[0.229s] Level 1:colcon.colcon_core.package_identification:_identify(src/ur_yt_sim) by extension 'colcon_meta'
[0.229s] Level 1:colcon.colcon_core.package_identification:_identify(src/ur_yt_sim) by extensions ['ros']
[0.229s] Level 1:colcon.colcon_core.package_identification:_identify(src/ur_yt_sim) by extension 'ros'
[0.230s] DEBUG:colcon.colcon_core.package_identification:Package 'src/ur_yt_sim' with type 'ros.ament_cmake' and name 'ur_yt_sim'
[0.230s] Level 1:colcon.colcon_core.package_discovery:discover_packages(recursive) using defaults
[0.230s] Level 1:colcon.colcon_core.package_discovery:discover_packages(ignore) discover
[0.230s] Level 1:colcon.colcon_core.package_discovery:discover_packages(ignore) using defaults
[0.230s] Level 1:colcon.colcon_core.package_discovery:discover_packages(path) discover
[0.230s] Level 1:colcon.colcon_core.package_discovery:discover_packages(path) using defaults
[0.254s] Level 1:colcon.colcon_core.package_discovery:discover_packages(prefix_path) check parameters
[0.254s] Level 1:colcon.colcon_core.package_discovery:discover_packages(prefix_path) discover
[0.255s] WARNING:colcon.colcon_ros.prefix_path.ament:The path '/home/user/research_ws/ur10_pick_place_ws/install/ur10_camera_gripper_moveit_config' in the environment variable AMENT_PREFIX_PATH doesn't exist
[0.255s] WARNING:colcon.colcon_ros.prefix_path.ament:The path '/home/user/research_ws/ur10_pick_place_ws/install/ur_yt_sim' in the environment variable AMENT_PREFIX_PATH doesn't exist
[0.255s] WARNING:colcon.colcon_ros.prefix_path.ament:The path '/home/user/research_ws/ur10_pick_place_ws/install/ur_simulation_gazebo' in the environment variable AMENT_PREFIX_PATH doesn't exist
[0.255s] WARNING:colcon.colcon_ros.prefix_path.ament:The path '/home/user/research_ws/ur10_pick_place_ws/install/ros2_linkattacher' in the environment variable AMENT_PREFIX_PATH doesn't exist
[0.255s] WARNING:colcon.colcon_ros.prefix_path.ament:The path '/home/user/research_ws/ur10_pick_place_ws/install/robotiq_description' in the environment variable AMENT_PREFIX_PATH doesn't exist
[0.255s] WARNING:colcon.colcon_ros.prefix_path.ament:The path '/home/user/research_ws/ur10_pick_place_ws/install/robotiq_controllers' in the environment variable AMENT_PREFIX_PATH doesn't exist
[0.255s] WARNING:colcon.colcon_ros.prefix_path.ament:The path '/home/user/research_ws/ur10_pick_place_ws/install/robotiq_3f_interfaces' in the environment variable AMENT_PREFIX_PATH doesn't exist
[0.255s] WARNING:colcon.colcon_ros.prefix_path.ament:The path '/home/user/research_ws/ur10_pick_place_ws/install/robotiq_3f_description' in the environment variable AMENT_PREFIX_PATH doesn't exist
[0.255s] WARNING:colcon.colcon_ros.prefix_path.ament:The path '/home/user/research_ws/ur10_pick_place_ws/install/linkattacher_msgs' in the environment variable AMENT_PREFIX_PATH doesn't exist
[0.255s] WARNING:colcon.colcon_ros.prefix_path.catkin:The path '/home/user/research_ws/ur10_pick_place_ws/install/ur10_camera_gripper_moveit_config' in the environment variable CMAKE_PREFIX_PATH doesn't exist
[0.255s] WARNING:colcon.colcon_ros.prefix_path.catkin:The path '/home/user/research_ws/ur10_pick_place_ws/install/ur_yt_sim' in the environment variable CMAKE_PREFIX_PATH doesn't exist
[0.255s] WARNING:colcon.colcon_ros.prefix_path.catkin:The path '/home/user/research_ws/ur10_pick_place_ws/install/ur_simulation_gazebo' in the environment variable CMAKE_PREFIX_PATH doesn't exist
[0.255s] WARNING:colcon.colcon_ros.prefix_path.catkin:The path '/home/user/research_ws/ur10_pick_place_ws/install/ros2_linkattacher' in the environment variable CMAKE_PREFIX_PATH doesn't exist
[0.255s] WARNING:colcon.colcon_ros.prefix_path.catkin:The path '/home/user/research_ws/ur10_pick_place_ws/install/robotiq_description' in the environment variable CMAKE_PREFIX_PATH doesn't exist
[0.255s] WARNING:colcon.colcon_ros.prefix_path.catkin:The path '/home/user/research_ws/ur10_pick_place_ws/install/robotiq_controllers' in the environment variable CMAKE_PREFIX_PATH doesn't exist
[0.255s] WARNING:colcon.colcon_ros.prefix_path.catkin:The path '/home/user/research_ws/ur10_pick_place_ws/install/robotiq_3f_interfaces' in the environment variable CMAKE_PREFIX_PATH doesn't exist
[0.255s] WARNING:colcon.colcon_ros.prefix_path.catkin:The path '/home/user/research_ws/ur10_pick_place_ws/install/robotiq_3f_description' in the environment variable CMAKE_PREFIX_PATH doesn't exist
[0.255s] WARNING:colcon.colcon_ros.prefix_path.catkin:The path '/home/user/research_ws/ur10_pick_place_ws/install/linkattacher_msgs' in the environment variable CMAKE_PREFIX_PATH doesn't exist
[0.256s] DEBUG:colcon.colcon_installed_package_information.package_discovery:Found 0 installed packages in /home/user/research_ws/ur10_pick_place_ws/install
[0.257s] DEBUG:colcon.colcon_installed_package_information.package_discovery:Found 407 installed packages in /opt/ros/humble
[0.258s] Level 1:colcon.colcon_core.package_discovery:discover_packages(prefix_path) using defaults
[0.293s] Level 5:colcon.colcon_core.verb:set package 'linkattacher_msgs' build argument 'cmake_args' from command line to 'None'
[0.293s] Level 5:colcon.colcon_core.verb:set package 'linkattacher_msgs' build argument 'cmake_target' from command line to 'None'
[0.293s] Level 5:colcon.colcon_core.verb:set package 'linkattacher_msgs' build argument 'cmake_target_skip_unavailable' from command line to 'False'
[0.293s] Level 5:colcon.colcon_core.verb:set package 'linkattacher_msgs' build argument 'cmake_clean_cache' from command line to 'False'
[0.293s] Level 5:colcon.colcon_core.verb:set package 'linkattacher_msgs' build argument 'cmake_clean_first' from command line to 'False'
[0.293s] Level 5:colcon.colcon_core.verb:set package 'linkattacher_msgs' build argument 'cmake_force_configure' from command line to 'False'
[0.293s] Level 5:colcon.colcon_core.verb:set package 'linkattacher_msgs' build argument 'ament_cmake_args' from command line to 'None'
[0.293s] Level 5:colcon.colcon_core.verb:set package 'linkattacher_msgs' build argument 'catkin_cmake_args' from command line to 'None'
[0.293s] Level 5:colcon.colcon_core.verb:set package 'linkattacher_msgs' build argument 'catkin_skip_building_tests' from command line to 'False'
[0.293s] DEBUG:colcon.colcon_core.verb:Building package 'linkattacher_msgs' with the following arguments: {'ament_cmake_args': None, 'build_base': '/home/user/research_ws/ur10_pick_place_ws/build/linkattacher_msgs', 'catkin_cmake_args': None, 'catkin_skip_building_tests': False, 'cmake_args': None, 'cmake_clean_cache': False, 'cmake_clean_first': False, 'cmake_force_configure': False, 'cmake_target': None, 'cmake_target_skip_unavailable': False, 'install_base': '/home/user/research_ws/ur10_pick_place_ws/install/linkattacher_msgs', 'merge_install': False, 'path': '/home/user/research_ws/ur10_pick_place_ws/src/linkattacher_msgs', 'symlink_install': False, 'test_result_base': None}
[0.293s] Level 5:colcon.colcon_core.verb:set package 'robotiq_3f_description' build argument 'cmake_args' from command line to 'None'
[0.293s] Level 5:colcon.colcon_core.verb:set package 'robotiq_3f_description' build argument 'cmake_target' from command line to 'None'
[0.293s] Level 5:colcon.colcon_core.verb:set package 'robotiq_3f_description' build argument 'cmake_target_skip_unavailable' from command line to 'False'
[0.293s] Level 5:colcon.colcon_core.verb:set package 'robotiq_3f_description' build argument 'cmake_clean_cache' from command line to 'False'
[0.293s] Level 5:colcon.colcon_core.verb:set package 'robotiq_3f_description' build argument 'cmake_clean_first' from command line to 'False'
[0.293s] Level 5:colcon.colcon_core.verb:set package 'robotiq_3f_description' build argument 'cmake_force_configure' from command line to 'False'
[0.293s] Level 5:colcon.colcon_core.verb:set package 'robotiq_3f_description' build argument 'ament_cmake_args' from command line to 'None'
[0.293s] Level 5:colcon.colcon_core.verb:set package 'robotiq_3f_description' build argument 'catkin_cmake_args' from command line to 'None'
[0.293s] Level 5:colcon.colcon_core.verb:set package 'robotiq_3f_description' build argument 'catkin_skip_building_tests' from command line to 'False'
[0.293s] DEBUG:colcon.colcon_core.verb:Building package 'robotiq_3f_description' with the following arguments: {'ament_cmake_args': None, 'build_base': '/home/user/research_ws/ur10_pick_place_ws/build/robotiq_3f_description', 'catkin_cmake_args': None, 'catkin_skip_building_tests': False, 'cmake_args': None, 'cmake_clean_cache': False, 'cmake_clean_first': False, 'cmake_force_configure': False, 'cmake_target': None, 'cmake_target_skip_unavailable': False, 'install_base': '/home/user/research_ws/ur10_pick_place_ws/install/robotiq_3f_description', 'merge_install': False, 'path': '/home/user/research_ws/ur10_pick_place_ws/src/ros2_robotiq_3f_gripper/robotiq_3f_description', 'symlink_install': False, 'test_result_base': None}
[0.294s] Level 5:colcon.colcon_core.verb:set package 'robotiq_3f_interfaces' build argument 'cmake_args' from command line to 'None'
[0.294s] Level 5:colcon.colcon_core.verb:set package 'robotiq_3f_interfaces' build argument 'cmake_target' from command line to 'None'
[0.294s] Level 5:colcon.colcon_core.verb:set package 'robotiq_3f_interfaces' build argument 'cmake_target_skip_unavailable' from command line to 'False'
[0.294s] Level 5:colcon.colcon_core.verb:set package 'robotiq_3f_interfaces' build argument 'cmake_clean_cache' from command line to 'False'
[0.294s] Level 5:colcon.colcon_core.verb:set package 'robotiq_3f_interfaces' build argument 'cmake_clean_first' from command line to 'False'
[0.294s] Level 5:colcon.colcon_core.verb:set package 'robotiq_3f_interfaces' build argument 'cmake_force_configure' from command line to 'False'
[0.294s] Level 5:colcon.colcon_core.verb:set package 'robotiq_3f_interfaces' build argument 'ament_cmake_args' from command line to 'None'
[0.294s] Level 5:colcon.colcon_core.verb:set package 'robotiq_3f_interfaces' build argument 'catkin_cmake_args' from command line to 'None'
[0.294s] Level 5:colcon.colcon_core.verb:set package 'robotiq_3f_interfaces' build argument 'catkin_skip_building_tests' from command line to 'False'
[0.294s] DEBUG:colcon.colcon_core.verb:Building package 'robotiq_3f_interfaces' with the following arguments: {'ament_cmake_args': None, 'build_base': '/home/user/research_ws/ur10_pick_place_ws/build/robotiq_3f_interfaces', 'catkin_cmake_args': None, 'catkin_skip_building_tests': False, 'cmake_args': None, 'cmake_clean_cache': False, 'cmake_clean_first': False, 'cmake_force_configure': False, 'cmake_target': None, 'cmake_target_skip_unavailable': False, 'install_base': '/home/user/research_ws/ur10_pick_place_ws/install/robotiq_3f_interfaces', 'merge_install': False, 'path': '/home/user/research_ws/ur10_pick_place_ws/src/ros2_robotiq_3f_gripper/robotiq_3f_interfaces', 'symlink_install': False, 'test_result_base': None}
[0.294s] Level 5:colcon.colcon_core.verb:set package 'robotiq_controllers' build argument 'cmake_args' from command line to 'None'
[0.294s] Level 5:colcon.colcon_core.verb:set package 'robotiq_controllers' build argument 'cmake_target' from command line to 'None'
[0.294s] Level 5:colcon.colcon_core.verb:set package 'robotiq_controllers' build argument 'cmake_target_skip_unavailable' from command line to 'False'
[0.294s] Level 5:colcon.colcon_core.verb:set package 'robotiq_controllers' build argument 'cmake_clean_cache' from command line to 'False'
[0.294s] Level 5:colcon.colcon_core.verb:set package 'robotiq_controllers' build argument 'cmake_clean_first' from command line to 'False'
[0.294s] Level 5:colcon.colcon_core.verb:set package 'robotiq_controllers' build argument 'cmake_force_configure' from command line to 'False'
[0.294s] Level 5:colcon.colcon_core.verb:set package 'robotiq_controllers' build argument 'ament_cmake_args' from command line to 'None'
[0.294s] Level 5:colcon.colcon_core.verb:set package 'robotiq_controllers' build argument 'catkin_cmake_args' from command line to 'None'
[0.294s] Level 5:colcon.colcon_core.verb:set package 'robotiq_controllers' build argument 'catkin_skip_building_tests' from command line to 'False'
[0.294s] DEBUG:colcon.colcon_core.verb:Building package 'robotiq_controllers' with the following arguments: {'ament_cmake_args': None, 'build_base': '/home/user/research_ws/ur10_pick_place_ws/build/robotiq_controllers', 'catkin_cmake_args': None, 'catkin_skip_building_tests': False, 'cmake_args': None, 'cmake_clean_cache': False, 'cmake_clean_first': False, 'cmake_force_configure': False, 'cmake_target': None, 'cmake_target_skip_unavailable': False, 'install_base': '/home/user/research_ws/ur10_pick_place_ws/install/robotiq_controllers', 'merge_install': False, 'path': '/home/user/research_ws/ur10_pick_place_ws/src/ros2_robotiq_gripper/robotiq_controllers', 'symlink_install': False, 'test_result_base': None}
[0.294s] Level 5:colcon.colcon_core.verb:set package 'robotiq_description' build argument 'cmake_args' from command line to 'None'
[0.294s] Level 5:colcon.colcon_core.verb:set package 'robotiq_description' build argument 'cmake_target' from command line to 'None'
[0.294s] Level 5:colcon.colcon_core.verb:set package 'robotiq_description' build argument 'cmake_target_skip_unavailable' from command line to 'False'
[0.294s] Level 5:colcon.colcon_core.verb:set package 'robotiq_description' build argument 'cmake_clean_cache' from command line to 'False'
[0.294s] Level 5:colcon.colcon_core.verb:set package 'robotiq_description' build argument 'cmake_clean_first' from command line to 'False'
[0.294s] Level 5:colcon.colcon_core.verb:set package 'robotiq_description' build argument 'cmake_force_configure' from command line to 'False'
[0.294s] Level 5:colcon.colcon_core.verb:set package 'robotiq_description' build argument 'ament_cmake_args' from command line to 'None'
[0.294s] Level 5:colcon.colcon_core.verb:set package 'robotiq_description' build argument 'catkin_cmake_args' from command line to 'None'
[0.294s] Level 5:colcon.colcon_core.verb:set package 'robotiq_description' build argument 'catkin_skip_building_tests' from command line to 'False'
[0.295s] DEBUG:colcon.colcon_core.verb:Building package 'robotiq_description' with the following arguments: {'ament_cmake_args': None, 'build_base': '/home/user/research_ws/ur10_pick_place_ws/build/robotiq_description', 'catkin_cmake_args': None, 'catkin_skip_building_tests': False, 'cmake_args': None, 'cmake_clean_cache': False, 'cmake_clean_first': False, 'cmake_force_configure': False, 'cmake_target': None, 'cmake_target_skip_unavailable': False, 'install_base': '/home/user/research_ws/ur10_pick_place_ws/install/robotiq_description', 'merge_install': False, 'path': '/home/user/research_ws/ur10_pick_place_ws/src/ros2_robotiq_gripper/robotiq_description', 'symlink_install': False, 'test_result_base': None}
[0.295s] Level 5:colcon.colcon_core.verb:set package 'ur_simulation_gazebo' build argument 'cmake_args' from command line to 'None'
[0.295s] Level 5:colcon.colcon_core.verb:set package 'ur_simulation_gazebo' build argument 'cmake_target' from command line to 'None'
[0.295s] Level 5:colcon.colcon_core.verb:set package 'ur_simulation_gazebo' build argument 'cmake_target_skip_unavailable' from command line to 'False'
[0.295s] Level 5:colcon.colcon_core.verb:set package 'ur_simulation_gazebo' build argument 'cmake_clean_cache' from command line to 'False'
[0.295s] Level 5:colcon.colcon_core.verb:set package 'ur_simulation_gazebo' build argument 'cmake_clean_first' from command line to 'False'
[0.295s] Level 5:colcon.colcon_core.verb:set package 'ur_simulation_gazebo' build argument 'cmake_force_configure' from command line to 'False'
[0.295s] Level 5:colcon.colcon_core.verb:set package 'ur_simulation_gazebo' build argument 'ament_cmake_args' from command line to 'None'
[0.295s] Level 5:colcon.colcon_core.verb:set package 'ur_simulation_gazebo' build argument 'catkin_cmake_args' from command line to 'None'
[0.295s] Level 5:colcon.colcon_core.verb:set package 'ur_simulation_gazebo' build argument 'catkin_skip_building_tests' from command line to 'False'
[0.295s] DEBUG:colcon.colcon_core.verb:Building package 'ur_simulation_gazebo' with the following arguments: {'ament_cmake_args': None, 'build_base': '/home/user/research_ws/ur10_pick_place_ws/build/ur_simulation_gazebo', 'catkin_cmake_args': None, 'catkin_skip_building_tests': False, 'cmake_args': None, 'cmake_clean_cache': False, 'cmake_clean_first': False, 'cmake_force_configure': False, 'cmake_target': None, 'cmake_target_skip_unavailable': False, 'install_base': '/home/user/research_ws/ur10_pick_place_ws/install/ur_simulation_gazebo', 'merge_install': False, 'path': '/home/user/research_ws/ur10_pick_place_ws/src/Universal_Robots_ROS2_Gazebo_Simulation/ur_simulation_gazebo', 'symlink_install': False, 'test_result_base': None}
[0.295s] Level 5:colcon.colcon_core.verb:set package 'ros2_linkattacher' build argument 'cmake_args' from command line to 'None'
[0.295s] Level 5:colcon.colcon_core.verb:set package 'ros2_linkattacher' build argument 'cmake_target' from command line to 'None'
[0.295s] Level 5:colcon.colcon_core.verb:set package 'ros2_linkattacher' build argument 'cmake_target_skip_unavailable' from command line to 'False'
[0.295s] Level 5:colcon.colcon_core.verb:set package 'ros2_linkattacher' build argument 'cmake_clean_cache' from command line to 'False'
[0.295s] Level 5:colcon.colcon_core.verb:set package 'ros2_linkattacher' build argument 'cmake_clean_first' from command line to 'False'
[0.295s] Level 5:colcon.colcon_core.verb:set package 'ros2_linkattacher' build argument 'cmake_force_configure' from command line to 'False'
[0.295s] Level 5:colcon.colcon_core.verb:set package 'ros2_linkattacher' build argument 'ament_cmake_args' from command line to 'None'
[0.295s] Level 5:colcon.colcon_core.verb:set package 'ros2_linkattacher' build argument 'catkin_cmake_args' from command line to 'None'
[0.295s] Level 5:colcon.colcon_core.verb:set package 'ros2_linkattacher' build argument 'catkin_skip_building_tests' from command line to 'False'
[0.295s] DEBUG:colcon.colcon_core.verb:Building package 'ros2_linkattacher' with the following arguments: {'ament_cmake_args': None, 'build_base': '/home/user/research_ws/ur10_pick_place_ws/build/ros2_linkattacher', 'catkin_cmake_args': None, 'catkin_skip_building_tests': False, 'cmake_args': None, 'cmake_clean_cache': False, 'cmake_clean_first': False, 'cmake_force_configure': False, 'cmake_target': None, 'cmake_target_skip_unavailable': False, 'install_base': '/home/user/research_ws/ur10_pick_place_ws/install/ros2_linkattacher', 'merge_install': False, 'path': '/home/user/research_ws/ur10_pick_place_ws/src/linkattacher_plugin', 'symlink_install': False, 'test_result_base': None}
[0.295s] Level 5:colcon.colcon_core.verb:set package 'ur_yt_sim' build argument 'cmake_args' from command line to 'None'
[0.295s] Level 5:colcon.colcon_core.verb:set package 'ur_yt_sim' build argument 'cmake_target' from command line to 'None'
[0.295s] Level 5:colcon.colcon_core.verb:set package 'ur_yt_sim' build argument 'cmake_target_skip_unavailable' from command line to 'False'
[0.296s] Level 5:colcon.colcon_core.verb:set package 'ur_yt_sim' build argument 'cmake_clean_cache' from command line to 'False'
[0.296s] Level 5:colcon.colcon_core.verb:set package 'ur_yt_sim' build argument 'cmake_clean_first' from command line to 'False'
[0.296s] Level 5:colcon.colcon_core.verb:set package 'ur_yt_sim' build argument 'cmake_force_configure' from command line to 'False'
[0.296s] Level 5:colcon.colcon_core.verb:set package 'ur_yt_sim' build argument 'ament_cmake_args' from command line to 'None'
[0.296s] Level 5:colcon.colcon_core.verb:set package 'ur_yt_sim' build argument 'catkin_cmake_args' from command line to 'None'
[0.296s] Level 5:colcon.colcon_core.verb:set package 'ur_yt_sim' build argument 'catkin_skip_building_tests' from command line to 'False'
[0.296s] DEBUG:colcon.colcon_core.verb:Building package 'ur_yt_sim' with the following arguments: {'ament_cmake_args': None, 'build_base': '/home/user/research_ws/ur10_pick_place_ws/build/ur_yt_sim', 'catkin_cmake_args': None, 'catkin_skip_building_tests': False, 'cmake_args': None, 'cmake_clean_cache': False, 'cmake_clean_first': False, 'cmake_force_configure': False, 'cmake_target': None, 'cmake_target_skip_unavailable': False, 'install_base': '/home/user/research_ws/ur10_pick_place_ws/install/ur_yt_sim', 'merge_install': False, 'path': '/home/user/research_ws/ur10_pick_place_ws/src/ur_yt_sim', 'symlink_install': False, 'test_result_base': None}
[0.296s] Level 5:colcon.colcon_core.verb:set package 'ur10_camera_gripper_moveit_config' build argument 'cmake_args' from command line to 'None'
[0.296s] Level 5:colcon.colcon_core.verb:set package 'ur10_camera_gripper_moveit_config' build argument 'cmake_target' from command line to 'None'
[0.296s] Level 5:colcon.colcon_core.verb:set package 'ur10_camera_gripper_moveit_config' build argument 'cmake_target_skip_unavailable' from command line to 'False'
[0.296s] Level 5:colcon.colcon_core.verb:set package 'ur10_camera_gripper_moveit_config' build argument 'cmake_clean_cache' from command line to 'False'
[0.296s] Level 5:colcon.colcon_core.verb:set package 'ur10_camera_gripper_moveit_config' build argument 'cmake_clean_first' from command line to 'False'
[0.296s] Level 5:colcon.colcon_core.verb:set package 'ur10_camera_gripper_moveit_config' build argument 'cmake_force_configure' from command line to 'False'
[0.296s] Level 5:colcon.colcon_core.verb:set package 'ur10_camera_gripper_moveit_config' build argument 'ament_cmake_args' from command line to 'None'
[0.296s] Level 5:colcon.colcon_core.verb:set package 'ur10_camera_gripper_moveit_config' build argument 'catkin_cmake_args' from command line to 'None'
[0.296s] Level 5:colcon.colcon_core.verb:set package 'ur10_camera_gripper_moveit_config' build argument 'catkin_skip_building_tests' from command line to 'False'
[0.296s] DEBUG:colcon.colcon_core.verb:Building package 'ur10_camera_gripper_moveit_config' with the following arguments: {'ament_cmake_args': None, 'build_base': '/home/user/research_ws/ur10_pick_place_ws/build/ur10_camera_gripper_moveit_config', 'catkin_cmake_args': None, 'catkin_skip_building_tests': False, 'cmake_args': None, 'cmake_clean_cache': False, 'cmake_clean_first': False, 'cmake_force_configure': False, 'cmake_target': None, 'cmake_target_skip_unavailable': False, 'install_base': '/home/user/research_ws/ur10_pick_place_ws/install/ur10_camera_gripper_moveit_config', 'merge_install': False, 'path': '/home/user/research_ws/ur10_pick_place_ws/src/ur10_camera_gripper_moveit_config', 'symlink_install': False, 'test_result_base': None}
[0.296s] INFO:colcon.colcon_core.executor:Executing jobs using 'parallel' executor
[0.298s] DEBUG:colcon.colcon_parallel_executor.executor.parallel:run_until_complete
[0.299s] INFO:colcon.colcon_ros.task.ament_cmake.build:Building ROS package in '/home/user/research_ws/ur10_pick_place_ws/src/linkattacher_msgs' with build type 'ament_cmake'
[0.299s] INFO:colcon.colcon_cmake.task.cmake.build:Building CMake package in '/home/user/research_ws/ur10_pick_place_ws/src/linkattacher_msgs'
[0.301s] INFO:colcon.colcon_core.plugin_system:Skipping extension 'colcon_core.shell.bat': Not used on non-Windows systems
[0.301s] INFO:colcon.colcon_core.shell:Skip shell extension 'powershell' for command environment: Not usable outside of PowerShell
[0.301s] DEBUG:colcon.colcon_core.shell:Skip shell extension 'dsv' for command environment
[0.303s] INFO:colcon.colcon_ros.task.ament_cmake.build:Building ROS package in '/home/user/research_ws/ur10_pick_place_ws/src/ros2_robotiq_3f_gripper/robotiq_3f_description' with build type 'ament_cmake'
[0.304s] INFO:colcon.colcon_cmake.task.cmake.build:Building CMake package in '/home/user/research_ws/ur10_pick_place_ws/src/ros2_robotiq_3f_gripper/robotiq_3f_description'
[0.304s] INFO:colcon.colcon_core.shell:Skip shell extension 'powershell' for command environment: Not usable outside of PowerShell
[0.304s] DEBUG:colcon.colcon_core.shell:Skip shell extension 'dsv' for command environment
[0.306s] INFO:colcon.colcon_ros.task.ament_cmake.build:Building ROS package in '/home/user/research_ws/ur10_pick_place_ws/src/ros2_robotiq_3f_gripper/robotiq_3f_interfaces' with build type 'ament_cmake'
[0.306s] INFO:colcon.colcon_cmake.task.cmake.build:Building CMake package in '/home/user/research_ws/ur10_pick_place_ws/src/ros2_robotiq_3f_gripper/robotiq_3f_interfaces'
[0.306s] INFO:colcon.colcon_core.shell:Skip shell extension 'powershell' for command environment: Not usable outside of PowerShell
[0.306s] DEBUG:colcon.colcon_core.shell:Skip shell extension 'dsv' for command environment
[0.309s] INFO:colcon.colcon_ros.task.ament_cmake.build:Building ROS package in '/home/user/research_ws/ur10_pick_place_ws/src/ros2_robotiq_gripper/robotiq_controllers' with build type 'ament_cmake'
[0.309s] INFO:colcon.colcon_cmake.task.cmake.build:Building CMake package in '/home/user/research_ws/ur10_pick_place_ws/src/ros2_robotiq_gripper/robotiq_controllers'
[0.309s] INFO:colcon.colcon_core.shell:Skip shell extension 'powershell' for command environment: Not usable outside of PowerShell
[0.309s] DEBUG:colcon.colcon_core.shell:Skip shell extension 'dsv' for command environment
[0.311s] INFO:colcon.colcon_ros.task.ament_cmake.build:Building ROS package in '/home/user/research_ws/ur10_pick_place_ws/src/ros2_robotiq_gripper/robotiq_description' with build type 'ament_cmake'
[0.311s] INFO:colcon.colcon_cmake.task.cmake.build:Building CMake package in '/home/user/research_ws/ur10_pick_place_ws/src/ros2_robotiq_gripper/robotiq_description'
[0.311s] INFO:colcon.colcon_core.shell:Skip shell extension 'powershell' for command environment: Not usable outside of PowerShell
[0.311s] DEBUG:colcon.colcon_core.shell:Skip shell extension 'dsv' for command environment
[0.316s] INFO:colcon.colcon_ros.task.ament_cmake.build:Building ROS package in '/home/user/research_ws/ur10_pick_place_ws/src/Universal_Robots_ROS2_Gazebo_Simulation/ur_simulation_gazebo' with build type 'ament_cmake'
[0.316s] INFO:colcon.colcon_cmake.task.cmake.build:Building CMake package in '/home/user/research_ws/ur10_pick_place_ws/src/Universal_Robots_ROS2_Gazebo_Simulation/ur_simulation_gazebo'
[0.316s] INFO:colcon.colcon_core.shell:Skip shell extension 'powershell' for command environment: Not usable outside of PowerShell
[0.316s] DEBUG:colcon.colcon_core.shell:Skip shell extension 'dsv' for command environment
[0.322s] DEBUG:colcon.colcon_core.event_handler.log_command:Invoking command in '/home/user/research_ws/ur10_pick_place_ws/build/linkattacher_msgs': CMAKE_PREFIX_PATH=${CMAKE_PREFIX_PATH}:/opt/ros/humble /usr/bin/cmake /home/user/research_ws/ur10_pick_place_ws/src/linkattacher_msgs -DCMAKE_INSTALL_PREFIX=/home/user/research_ws/ur10_pick_place_ws/install/linkattacher_msgs
[0.324s] DEBUG:colcon.colcon_core.event_handler.log_command:Invoking command in '/home/user/research_ws/ur10_pick_place_ws/build/robotiq_3f_description': CMAKE_PREFIX_PATH=${CMAKE_PREFIX_PATH}:/opt/ros/humble /usr/bin/cmake /home/user/research_ws/ur10_pick_place_ws/src/ros2_robotiq_3f_gripper/robotiq_3f_description -DCMAKE_INSTALL_PREFIX=/home/user/research_ws/ur10_pick_place_ws/install/robotiq_3f_description
[0.325s] DEBUG:colcon.colcon_core.event_handler.log_command:Invoking command in '/home/user/research_ws/ur10_pick_place_ws/build/robotiq_3f_interfaces': CMAKE_PREFIX_PATH=${CMAKE_PREFIX_PATH}:/opt/ros/humble /usr/bin/cmake /home/user/research_ws/ur10_pick_place_ws/src/ros2_robotiq_3f_gripper/robotiq_3f_interfaces -DCMAKE_INSTALL_PREFIX=/home/user/research_ws/ur10_pick_place_ws/install/robotiq_3f_interfaces
[0.327s] DEBUG:colcon.colcon_core.event_handler.log_command:Invoking command in '/home/user/research_ws/ur10_pick_place_ws/build/robotiq_controllers': CMAKE_PREFIX_PATH=${CMAKE_PREFIX_PATH}:/opt/ros/humble /usr/bin/cmake /home/user/research_ws/ur10_pick_place_ws/src/ros2_robotiq_gripper/robotiq_controllers -DCMAKE_INSTALL_PREFIX=/home/user/research_ws/ur10_pick_place_ws/install/robotiq_controllers
[0.331s] DEBUG:colcon.colcon_core.event_handler.log_command:Invoking command in '/home/user/research_ws/ur10_pick_place_ws/build/robotiq_description': CMAKE_PREFIX_PATH=${CMAKE_PREFIX_PATH}:/opt/ros/humble /usr/bin/cmake /home/user/research_ws/ur10_pick_place_ws/src/ros2_robotiq_gripper/robotiq_description -DCMAKE_INSTALL_PREFIX=/home/user/research_ws/ur10_pick_place_ws/install/robotiq_description
[0.335s] DEBUG:colcon.colcon_core.event_handler.log_command:Invoking command in '/home/user/research_ws/ur10_pick_place_ws/build/ur_simulation_gazebo': CMAKE_PREFIX_PATH=${CMAKE_PREFIX_PATH}:/opt/ros/humble /usr/bin/cmake /home/user/research_ws/ur10_pick_place_ws/src/Universal_Robots_ROS2_Gazebo_Simulation/ur_simulation_gazebo -DCMAKE_INSTALL_PREFIX=/home/user/research_ws/ur10_pick_place_ws/install/ur_simulation_gazebo
[0.928s] DEBUG:colcon.colcon_core.event_handler.log_command:Invoked command in '/home/user/research_ws/ur10_pick_place_ws/build/robotiq_description' returned '0': CMAKE_PREFIX_PATH=${CMAKE_PREFIX_PATH}:/opt/ros/humble /usr/bin/cmake /home/user/research_ws/ur10_pick_place_ws/src/ros2_robotiq_gripper/robotiq_description -DCMAKE_INSTALL_PREFIX=/home/user/research_ws/ur10_pick_place_ws/install/robotiq_description
[0.930s] DEBUG:colcon.colcon_core.event_handler.log_command:Invoking command in '/home/user/research_ws/ur10_pick_place_ws/build/robotiq_description': CMAKE_PREFIX_PATH=${CMAKE_PREFIX_PATH}:/opt/ros/humble /usr/bin/cmake --build /home/user/research_ws/ur10_pick_place_ws/build/robotiq_description -- -j32 -l32
[0.947s] DEBUG:colcon.colcon_core.event_handler.log_command:Invoked command in '/home/user/research_ws/ur10_pick_place_ws/build/robotiq_3f_description' returned '0': CMAKE_PREFIX_PATH=${CMAKE_PREFIX_PATH}:/opt/ros/humble /usr/bin/cmake /home/user/research_ws/ur10_pick_place_ws/src/ros2_robotiq_3f_gripper/robotiq_3f_description -DCMAKE_INSTALL_PREFIX=/home/user/research_ws/ur10_pick_place_ws/install/robotiq_3f_description
[0.948s] DEBUG:colcon.colcon_core.event_handler.log_command:Invoking command in '/home/user/research_ws/ur10_pick_place_ws/build/robotiq_3f_description': CMAKE_PREFIX_PATH=${CMAKE_PREFIX_PATH}:/opt/ros/humble /usr/bin/cmake --build /home/user/research_ws/ur10_pick_place_ws/build/robotiq_3f_description -- -j32 -l32
[0.964s] DEBUG:colcon.colcon_core.event_handler.log_command:Invoked command in '/home/user/research_ws/ur10_pick_place_ws/build/robotiq_description' returned '0': CMAKE_PREFIX_PATH=${CMAKE_PREFIX_PATH}:/opt/ros/humble /usr/bin/cmake --build /home/user/research_ws/ur10_pick_place_ws/build/robotiq_description -- -j32 -l32
[0.973s] DEBUG:colcon.colcon_core.event_handler.log_command:Invoking command in '/home/user/research_ws/ur10_pick_place_ws/build/robotiq_description': CMAKE_PREFIX_PATH=${CMAKE_PREFIX_PATH}:/opt/ros/humble /usr/bin/cmake --install /home/user/research_ws/ur10_pick_place_ws/build/robotiq_description
[0.979s] DEBUG:colcon.colcon_core.event_handler.log_command:Invoked command in '/home/user/research_ws/ur10_pick_place_ws/build/robotiq_3f_description' returned '0': CMAKE_PREFIX_PATH=${CMAKE_PREFIX_PATH}:/opt/ros/humble /usr/bin/cmake --build /home/user/research_ws/ur10_pick_place_ws/build/robotiq_3f_description -- -j32 -l32
[0.982s] DEBUG:colcon.colcon_core.event_handler.log_command:Invoking command in '/home/user/research_ws/ur10_pick_place_ws/build/robotiq_3f_description': CMAKE_PREFIX_PATH=${CMAKE_PREFIX_PATH}:/opt/ros/humble /usr/bin/cmake --install /home/user/research_ws/ur10_pick_place_ws/build/robotiq_3f_description
[0.987s] DEBUG:colcon.colcon_core.event_handler.log_command:Invoked command in '/home/user/research_ws/ur10_pick_place_ws/build/ur_simulation_gazebo' returned '0': CMAKE_PREFIX_PATH=${CMAKE_PREFIX_PATH}:/opt/ros/humble /usr/bin/cmake /home/user/research_ws/ur10_pick_place_ws/src/Universal_Robots_ROS2_Gazebo_Simulation/ur_simulation_gazebo -DCMAKE_INSTALL_PREFIX=/home/user/research_ws/ur10_pick_place_ws/install/ur_simulation_gazebo
[0.987s] DEBUG:colcon.colcon_core.event_handler.log_command:Invoking command in '/home/user/research_ws/ur10_pick_place_ws/build/ur_simulation_gazebo': CMAKE_PREFIX_PATH=${CMAKE_PREFIX_PATH}:/opt/ros/humble /usr/bin/cmake --build /home/user/research_ws/ur10_pick_place_ws/build/ur_simulation_gazebo -- -j32 -l32
[1.008s] Level 1:colcon.colcon_core.environment:create_environment_scripts_only(robotiq_description)
[1.008s] DEBUG:colcon.colcon_core.event_handler.log_command:Invoked command in '/home/user/research_ws/ur10_pick_place_ws/build/robotiq_description' returned '0': CMAKE_PREFIX_PATH=${CMAKE_PREFIX_PATH}:/opt/ros/humble /usr/bin/cmake --install /home/user/research_ws/ur10_pick_place_ws/build/robotiq_description
[1.010s] Level 1:colcon.colcon_core.environment:checking '/home/user/research_ws/ur10_pick_place_ws/install/robotiq_description' for CMake module files
[1.010s] Level 1:colcon.colcon_core.environment:checking '/home/user/research_ws/ur10_pick_place_ws/install/robotiq_description' for CMake config files
[1.010s] Level 1:colcon.colcon_core.shell:create_environment_hook('robotiq_description', 'cmake_prefix_path')
[1.011s] INFO:colcon.colcon_core.shell:Creating environment hook '/home/user/research_ws/ur10_pick_place_ws/install/robotiq_description/share/robotiq_description/hook/cmake_prefix_path.ps1'
[1.011s] INFO:colcon.colcon_core.shell:Creating environment descriptor '/home/user/research_ws/ur10_pick_place_ws/install/robotiq_description/share/robotiq_description/hook/cmake_prefix_path.dsv'
[1.011s] INFO:colcon.colcon_core.shell:Creating environment hook '/home/user/research_ws/ur10_pick_place_ws/install/robotiq_description/share/robotiq_description/hook/cmake_prefix_path.sh'
[1.012s] Level 1:colcon.colcon_core.environment:checking '/home/user/research_ws/ur10_pick_place_ws/install/robotiq_description/bin'
[1.012s] Level 1:colcon.colcon_core.environment:checking '/home/user/research_ws/ur10_pick_place_ws/install/robotiq_description/lib/pkgconfig/robotiq_description.pc'
[1.012s] Level 1:colcon.colcon_core.environment:checking '/home/user/research_ws/ur10_pick_place_ws/install/robotiq_description/lib/python3.10/site-packages'
[1.013s] Level 1:colcon.colcon_core.environment:checking '/home/user/research_ws/ur10_pick_place_ws/install/robotiq_description/bin'
[1.013s] INFO:colcon.colcon_core.shell:Creating package script '/home/user/research_ws/ur10_pick_place_ws/install/robotiq_description/share/robotiq_description/package.ps1'
[1.014s] INFO:colcon.colcon_core.shell:Creating package descriptor '/home/user/research_ws/ur10_pick_place_ws/install/robotiq_description/share/robotiq_description/package.dsv'
[1.014s] INFO:colcon.colcon_core.shell:Creating package script '/home/user/research_ws/ur10_pick_place_ws/install/robotiq_description/share/robotiq_description/package.sh'
[1.014s] INFO:colcon.colcon_core.shell:Creating package script '/home/user/research_ws/ur10_pick_place_ws/install/robotiq_description/share/robotiq_description/package.bash'
[1.015s] INFO:colcon.colcon_core.shell:Creating package script '/home/user/research_ws/ur10_pick_place_ws/install/robotiq_description/share/robotiq_description/package.zsh'
[1.017s] Level 1:colcon.colcon_core.environment:create_file_with_runtime_dependencies(/home/user/research_ws/ur10_pick_place_ws/install/robotiq_description/share/colcon-core/packages/robotiq_description)
[1.018s] Level 1:colcon.colcon_core.environment:create_environment_scripts_only(robotiq_description)
[1.018s] Level 1:colcon.colcon_core.environment:checking '/home/user/research_ws/ur10_pick_place_ws/install/robotiq_description' for CMake module files
[1.019s] Level 1:colcon.colcon_core.environment:checking '/home/user/research_ws/ur10_pick_place_ws/install/robotiq_description' for CMake config files
[1.019s] Level 1:colcon.colcon_core.shell:create_environment_hook('robotiq_description', 'cmake_prefix_path')
[1.019s] INFO:colcon.colcon_core.shell:Creating environment hook '/home/user/research_ws/ur10_pick_place_ws/install/robotiq_description/share/robotiq_description/hook/cmake_prefix_path.ps1'
[1.019s] INFO:colcon.colcon_core.shell:Creating environment descriptor '/home/user/research_ws/ur10_pick_place_ws/install/robotiq_description/share/robotiq_description/hook/cmake_prefix_path.dsv'
[1.019s] INFO:colcon.colcon_core.shell:Creating environment hook '/home/user/research_ws/ur10_pick_place_ws/install/robotiq_description/share/robotiq_description/hook/cmake_prefix_path.sh'
[1.020s] Level 1:colcon.colcon_core.environment:checking '/home/user/research_ws/ur10_pick_place_ws/install/robotiq_description/bin'
[1.020s] Level 1:colcon.colcon_core.environment:checking '/home/user/research_ws/ur10_pick_place_ws/install/robotiq_description/lib/pkgconfig/robotiq_description.pc'
[1.020s] Level 1:colcon.colcon_core.environment:checking '/home/user/research_ws/ur10_pick_place_ws/install/robotiq_description/lib/python3.10/site-packages'
[1.020s] Level 1:colcon.colcon_core.environment:checking '/home/user/research_ws/ur10_pick_place_ws/install/robotiq_description/bin'
[1.020s] INFO:colcon.colcon_core.shell:Creating package script '/home/user/research_ws/ur10_pick_place_ws/install/robotiq_description/share/robotiq_description/package.ps1'
[1.021s] INFO:colcon.colcon_core.shell:Creating package descriptor '/home/user/research_ws/ur10_pick_place_ws/install/robotiq_description/share/robotiq_description/package.dsv'
[1.021s] INFO:colcon.colcon_core.shell:Creating package script '/home/user/research_ws/ur10_pick_place_ws/install/robotiq_description/share/robotiq_description/package.sh'
[1.021s] INFO:colcon.colcon_core.shell:Creating package script '/home/user/research_ws/ur10_pick_place_ws/install/robotiq_description/share/robotiq_description/package.bash'
[1.021s] INFO:colcon.colcon_core.shell:Creating package script '/home/user/research_ws/ur10_pick_place_ws/install/robotiq_description/share/robotiq_description/package.zsh'
[1.022s] Level 1:colcon.colcon_core.environment:create_file_with_runtime_dependencies(/home/user/research_ws/ur10_pick_place_ws/install/robotiq_description/share/colcon-core/packages/robotiq_description)
[1.024s] DEBUG:colcon.colcon_core.event_handler.log_command:Invoked command in '/home/user/research_ws/ur10_pick_place_ws/build/ur_simulation_gazebo' returned '0': CMAKE_PREFIX_PATH=${CMAKE_PREFIX_PATH}:/opt/ros/humble /usr/bin/cmake --build /home/user/research_ws/ur10_pick_place_ws/build/ur_simulation_gazebo -- -j32 -l32
[1.025s] Level 1:colcon.colcon_core.environment:create_environment_scripts_only(robotiq_3f_description)
[1.025s] DEBUG:colcon.colcon_core.event_handler.log_command:Invoking command in '/home/user/research_ws/ur10_pick_place_ws/build/ur_simulation_gazebo': CMAKE_PREFIX_PATH=${CMAKE_PREFIX_PATH}:/opt/ros/humble /usr/bin/cmake --install /home/user/research_ws/ur10_pick_place_ws/build/ur_simulation_gazebo
[1.025s] Level 1:colcon.colcon_core.environment:checking '/home/user/research_ws/ur10_pick_place_ws/install/robotiq_3f_description' for CMake module files
[1.025s] DEBUG:colcon.colcon_core.event_handler.log_command:Invoked command in '/home/user/research_ws/ur10_pick_place_ws/build/robotiq_3f_description' returned '0': CMAKE_PREFIX_PATH=${CMAKE_PREFIX_PATH}:/opt/ros/humble /usr/bin/cmake --install /home/user/research_ws/ur10_pick_place_ws/build/robotiq_3f_description
[1.026s] Level 1:colcon.colcon_core.environment:checking '/home/user/research_ws/ur10_pick_place_ws/install/robotiq_3f_description' for CMake config files
[1.026s] Level 1:colcon.colcon_core.shell:create_environment_hook('robotiq_3f_description', 'cmake_prefix_path')
[1.026s] INFO:colcon.colcon_core.shell:Creating environment hook '/home/user/research_ws/ur10_pick_place_ws/install/robotiq_3f_description/share/robotiq_3f_description/hook/cmake_prefix_path.ps1'
[1.026s] INFO:colcon.colcon_core.shell:Creating environment descriptor '/home/user/research_ws/ur10_pick_place_ws/install/robotiq_3f_description/share/robotiq_3f_description/hook/cmake_prefix_path.dsv'
[1.026s] INFO:colcon.colcon_core.shell:Creating environment hook '/home/user/research_ws/ur10_pick_place_ws/install/robotiq_3f_description/share/robotiq_3f_description/hook/cmake_prefix_path.sh'
[1.027s] Level 1:colcon.colcon_core.environment:checking '/home/user/research_ws/ur10_pick_place_ws/install/robotiq_3f_description/bin'
[1.027s] Level 1:colcon.colcon_core.environment:checking '/home/user/research_ws/ur10_pick_place_ws/install/robotiq_3f_description/lib/pkgconfig/robotiq_3f_description.pc'
[1.027s] Level 1:colcon.colcon_core.environment:checking '/home/user/research_ws/ur10_pick_place_ws/install/robotiq_3f_description/lib/python3.10/site-packages'
[1.027s] Level 1:colcon.colcon_core.environment:checking '/home/user/research_ws/ur10_pick_place_ws/install/robotiq_3f_description/bin'
[1.027s] INFO:colcon.colcon_core.shell:Creating package script '/home/user/research_ws/ur10_pick_place_ws/install/robotiq_3f_description/share/robotiq_3f_description/package.ps1'
[1.028s] INFO:colcon.colcon_core.shell:Creating package descriptor '/home/user/research_ws/ur10_pick_place_ws/install/robotiq_3f_description/share/robotiq_3f_description/package.dsv'
[1.028s] INFO:colcon.colcon_core.shell:Creating package script '/home/user/research_ws/ur10_pick_place_ws/install/robotiq_3f_description/share/robotiq_3f_description/package.sh'
[1.028s] INFO:colcon.colcon_core.shell:Creating package script '/home/user/research_ws/ur10_pick_place_ws/install/robotiq_3f_description/share/robotiq_3f_description/package.bash'
[1.028s] INFO:colcon.colcon_core.shell:Creating package script '/home/user/research_ws/ur10_pick_place_ws/install/robotiq_3f_description/share/robotiq_3f_description/package.zsh'
[1.029s] Level 1:colcon.colcon_core.environment:create_file_with_runtime_dependencies(/home/user/research_ws/ur10_pick_place_ws/install/robotiq_3f_description/share/colcon-core/packages/robotiq_3f_description)
[1.029s] Level 1:colcon.colcon_core.environment:create_environment_scripts_only(robotiq_3f_description)
[1.029s] Level 1:colcon.colcon_core.environment:checking '/home/user/research_ws/ur10_pick_place_ws/install/robotiq_3f_description' for CMake module files
[1.029s] Level 1:colcon.colcon_core.environment:checking '/home/user/research_ws/ur10_pick_place_ws/install/robotiq_3f_description' for CMake config files
[1.029s] Level 1:colcon.colcon_core.shell:create_environment_hook('robotiq_3f_description', 'cmake_prefix_path')
[1.030s] INFO:colcon.colcon_core.shell:Creating environment hook '/home/user/research_ws/ur10_pick_place_ws/install/robotiq_3f_description/share/robotiq_3f_description/hook/cmake_prefix_path.ps1'
[1.030s] INFO:colcon.colcon_core.shell:Creating environment descriptor '/home/user/research_ws/ur10_pick_place_ws/install/robotiq_3f_description/share/robotiq_3f_description/hook/cmake_prefix_path.dsv'
[1.030s] INFO:colcon.colcon_core.shell:Creating environment hook '/home/user/research_ws/ur10_pick_place_ws/install/robotiq_3f_description/share/robotiq_3f_description/hook/cmake_prefix_path.sh'
[1.030s] Level 1:colcon.colcon_core.environment:checking '/home/user/research_ws/ur10_pick_place_ws/install/robotiq_3f_description/bin'
[1.030s] Level 1:colcon.colcon_core.environment:checking '/home/user/research_ws/ur10_pick_place_ws/install/robotiq_3f_description/lib/pkgconfig/robotiq_3f_description.pc'
[1.031s] Level 1:colcon.colcon_core.environment:checking '/home/user/research_ws/ur10_pick_place_ws/install/robotiq_3f_description/lib/python3.10/site-packages'
[1.031s] Level 1:colcon.colcon_core.environment:checking '/home/user/research_ws/ur10_pick_place_ws/install/robotiq_3f_description/bin'
[1.031s] INFO:colcon.colcon_core.shell:Creating package script '/home/user/research_ws/ur10_pick_place_ws/install/robotiq_3f_description/share/robotiq_3f_description/package.ps1'
[1.031s] INFO:colcon.colcon_core.shell:Creating package descriptor '/home/user/research_ws/ur10_pick_place_ws/install/robotiq_3f_description/share/robotiq_3f_description/package.dsv'
[1.032s] INFO:colcon.colcon_core.shell:Creating package script '/home/user/research_ws/ur10_pick_place_ws/install/robotiq_3f_description/share/robotiq_3f_description/package.sh'
[1.032s] INFO:colcon.colcon_core.shell:Creating package script '/home/user/research_ws/ur10_pick_place_ws/install/robotiq_3f_description/share/robotiq_3f_description/package.bash'
[1.032s] INFO:colcon.colcon_core.shell:Creating package script '/home/user/research_ws/ur10_pick_place_ws/install/robotiq_3f_description/share/robotiq_3f_description/package.zsh'
[1.032s] Level 1:colcon.colcon_core.environment:create_file_with_runtime_dependencies(/home/user/research_ws/ur10_pick_place_ws/install/robotiq_3f_description/share/colcon-core/packages/robotiq_3f_description)
[1.034s] Level 1:colcon.colcon_core.environment:create_environment_scripts_only(ur_simulation_gazebo)
[1.034s] Level 1:colcon.colcon_core.environment:checking '/home/user/research_ws/ur10_pick_place_ws/install/ur_simulation_gazebo' for CMake module files
[1.035s] DEBUG:colcon.colcon_core.event_handler.log_command:Invoked command in '/home/user/research_ws/ur10_pick_place_ws/build/ur_simulation_gazebo' returned '0': CMAKE_PREFIX_PATH=${CMAKE_PREFIX_PATH}:/opt/ros/humble /usr/bin/cmake --install /home/user/research_ws/ur10_pick_place_ws/build/ur_simulation_gazebo
[1.036s] Level 1:colcon.colcon_core.environment:checking '/home/user/research_ws/ur10_pick_place_ws/install/ur_simulation_gazebo' for CMake config files
[1.036s] Level 1:colcon.colcon_core.shell:create_environment_hook('ur_simulation_gazebo', 'cmake_prefix_path')
[1.036s] INFO:colcon.colcon_core.shell:Creating environment hook '/home/user/research_ws/ur10_pick_place_ws/install/ur_simulation_gazebo/share/ur_simulation_gazebo/hook/cmake_prefix_path.ps1'
[1.036s] INFO:colcon.colcon_core.shell:Creating environment descriptor '/home/user/research_ws/ur10_pick_place_ws/install/ur_simulation_gazebo/share/ur_simulation_gazebo/hook/cmake_prefix_path.dsv'
[1.036s] INFO:colcon.colcon_core.shell:Creating environment hook '/home/user/research_ws/ur10_pick_place_ws/install/ur_simulation_gazebo/share/ur_simulation_gazebo/hook/cmake_prefix_path.sh'
[1.037s] Level 1:colcon.colcon_core.environment:checking '/home/user/research_ws/ur10_pick_place_ws/install/ur_simulation_gazebo/bin'
[1.037s] Level 1:colcon.colcon_core.environment:checking '/home/user/research_ws/ur10_pick_place_ws/install/ur_simulation_gazebo/lib/pkgconfig/ur_simulation_gazebo.pc'
[1.037s] Level 1:colcon.colcon_core.environment:checking '/home/user/research_ws/ur10_pick_place_ws/install/ur_simulation_gazebo/lib/python3.10/site-packages'
[1.037s] Level 1:colcon.colcon_core.environment:checking '/home/user/research_ws/ur10_pick_place_ws/install/ur_simulation_gazebo/bin'
[1.037s] INFO:colcon.colcon_core.shell:Creating package script '/home/user/research_ws/ur10_pick_place_ws/install/ur_simulation_gazebo/share/ur_simulation_gazebo/package.ps1'
[1.038s] INFO:colcon.colcon_core.shell:Creating package descriptor '/home/user/research_ws/ur10_pick_place_ws/install/ur_simulation_gazebo/share/ur_simulation_gazebo/package.dsv'
[1.038s] INFO:colcon.colcon_core.shell:Creating package script '/home/user/research_ws/ur10_pick_place_ws/install/ur_simulation_gazebo/share/ur_simulation_gazebo/package.sh'
[1.038s] INFO:colcon.colcon_core.shell:Creating package script '/home/user/research_ws/ur10_pick_place_ws/install/ur_simulation_gazebo/share/ur_simulation_gazebo/package.bash'
[1.038s] INFO:colcon.colcon_core.shell:Creating package script '/home/user/research_ws/ur10_pick_place_ws/install/ur_simulation_gazebo/share/ur_simulation_gazebo/package.zsh'
[1.039s] Level 1:colcon.colcon_core.environment:create_file_with_runtime_dependencies(/home/user/research_ws/ur10_pick_place_ws/install/ur_simulation_gazebo/share/colcon-core/packages/ur_simulation_gazebo)
[1.039s] Level 1:colcon.colcon_core.environment:create_environment_scripts_only(ur_simulation_gazebo)
[1.039s] Level 1:colcon.colcon_core.environment:checking '/home/user/research_ws/ur10_pick_place_ws/install/ur_simulation_gazebo' for CMake module files
[1.039s] Level 1:colcon.colcon_core.environment:checking '/home/user/research_ws/ur10_pick_place_ws/install/ur_simulation_gazebo' for CMake config files
[1.039s] Level 1:colcon.colcon_core.shell:create_environment_hook('ur_simulation_gazebo', 'cmake_prefix_path')
[1.040s] INFO:colcon.colcon_core.shell:Creating environment hook '/home/user/research_ws/ur10_pick_place_ws/install/ur_simulation_gazebo/share/ur_simulation_gazebo/hook/cmake_prefix_path.ps1'
[1.040s] INFO:colcon.colcon_core.shell:Creating environment descriptor '/home/user/research_ws/ur10_pick_place_ws/install/ur_simulation_gazebo/share/ur_simulation_gazebo/hook/cmake_prefix_path.dsv'
[1.040s] INFO:colcon.colcon_core.shell:Creating environment hook '/home/user/research_ws/ur10_pick_place_ws/install/ur_simulation_gazebo/share/ur_simulation_gazebo/hook/cmake_prefix_path.sh'
[1.040s] Level 1:colcon.colcon_core.environment:checking '/home/user/research_ws/ur10_pick_place_ws/install/ur_simulation_gazebo/bin'
[1.040s] Level 1:colcon.colcon_core.environment:checking '/home/user/research_ws/ur10_pick_place_ws/install/ur_simulation_gazebo/lib/pkgconfig/ur_simulation_gazebo.pc'
[1.041s] Level 1:colcon.colcon_core.environment:checking '/home/user/research_ws/ur10_pick_place_ws/install/ur_simulation_gazebo/lib/python3.10/site-packages'
[1.041s] Level 1:colcon.colcon_core.environment:checking '/home/user/research_ws/ur10_pick_place_ws/install/ur_simulation_gazebo/bin'
[1.041s] INFO:colcon.colcon_core.shell:Creating package script '/home/user/research_ws/ur10_pick_place_ws/install/ur_simulation_gazebo/share/ur_simulation_gazebo/package.ps1'
[1.041s] INFO:colcon.colcon_core.shell:Creating package descriptor '/home/user/research_ws/ur10_pick_place_ws/install/ur_simulation_gazebo/share/ur_simulation_gazebo/package.dsv'
[1.042s] INFO:colcon.colcon_core.shell:Creating package script '/home/user/research_ws/ur10_pick_place_ws/install/ur_simulation_gazebo/share/ur_simulation_gazebo/package.sh'
[1.042s] INFO:colcon.colcon_core.shell:Creating package script '/home/user/research_ws/ur10_pick_place_ws/install/ur_simulation_gazebo/share/ur_simulation_gazebo/package.bash'
[1.042s] INFO:colcon.colcon_core.shell:Creating package script '/home/user/research_ws/ur10_pick_place_ws/install/ur_simulation_gazebo/share/ur_simulation_gazebo/package.zsh'
[1.042s] Level 1:colcon.colcon_core.environment:create_file_with_runtime_dependencies(/home/user/research_ws/ur10_pick_place_ws/install/ur_simulation_gazebo/share/colcon-core/packages/ur_simulation_gazebo)
[1.463s] DEBUG:colcon.colcon_core.event_handler.log_command:Invoked command in '/home/user/research_ws/ur10_pick_place_ws/build/robotiq_controllers' returned '0': CMAKE_PREFIX_PATH=${CMAKE_PREFIX_PATH}:/opt/ros/humble /usr/bin/cmake /home/user/research_ws/ur10_pick_place_ws/src/ros2_robotiq_gripper/robotiq_controllers -DCMAKE_INSTALL_PREFIX=/home/user/research_ws/ur10_pick_place_ws/install/robotiq_controllers
[1.463s] DEBUG:colcon.colcon_core.event_handler.log_command:Invoking command in '/home/user/research_ws/ur10_pick_place_ws/build/robotiq_controllers': CMAKE_PREFIX_PATH=${CMAKE_PREFIX_PATH}:/opt/ros/humble /usr/bin/cmake --build /home/user/research_ws/ur10_pick_place_ws/build/robotiq_controllers -- -j32 -l32
[1.644s] DEBUG:colcon.colcon_core.event_handler.log_command:Invoked command in '/home/user/research_ws/ur10_pick_place_ws/build/linkattacher_msgs' returned '0': CMAKE_PREFIX_PATH=${CMAKE_PREFIX_PATH}:/opt/ros/humble /usr/bin/cmake /home/user/research_ws/ur10_pick_place_ws/src/linkattacher_msgs -DCMAKE_INSTALL_PREFIX=/home/user/research_ws/ur10_pick_place_ws/install/linkattacher_msgs
[1.645s] DEBUG:colcon.colcon_core.event_handler.log_command:Invoking command in '/home/user/research_ws/ur10_pick_place_ws/build/linkattacher_msgs': CMAKE_PREFIX_PATH=${CMAKE_PREFIX_PATH}:/opt/ros/humble /usr/bin/cmake --build /home/user/research_ws/ur10_pick_place_ws/build/linkattacher_msgs -- -j32 -l32
[1.779s] DEBUG:colcon.colcon_core.event_handler.log_command:Invoked command in '/home/user/research_ws/ur10_pick_place_ws/build/robotiq_3f_interfaces' returned '0': CMAKE_PREFIX_PATH=${CMAKE_PREFIX_PATH}:/opt/ros/humble /usr/bin/cmake /home/user/research_ws/ur10_pick_place_ws/src/ros2_robotiq_3f_gripper/robotiq_3f_interfaces -DCMAKE_INSTALL_PREFIX=/home/user/research_ws/ur10_pick_place_ws/install/robotiq_3f_interfaces
[1.781s] DEBUG:colcon.colcon_core.event_handler.log_command:Invoking command in '/home/user/research_ws/ur10_pick_place_ws/build/robotiq_3f_interfaces': CMAKE_PREFIX_PATH=${CMAKE_PREFIX_PATH}:/opt/ros/humble /usr/bin/cmake --build /home/user/research_ws/ur10_pick_place_ws/build/robotiq_3f_interfaces -- -j32 -l32
[3.636s] DEBUG:colcon.colcon_core.event_handler.log_command:Invoked command in '/home/user/research_ws/ur10_pick_place_ws/build/linkattacher_msgs' returned '0': CMAKE_PREFIX_PATH=${CMAKE_PREFIX_PATH}:/opt/ros/humble /usr/bin/cmake --build /home/user/research_ws/ur10_pick_place_ws/build/linkattacher_msgs -- -j32 -l32
[3.638s] DEBUG:colcon.colcon_core.event_handler.log_command:Invoking command in '/home/user/research_ws/ur10_pick_place_ws/build/linkattacher_msgs': CMAKE_PREFIX_PATH=${CMAKE_PREFIX_PATH}:/opt/ros/humble /usr/bin/cmake --install /home/user/research_ws/ur10_pick_place_ws/build/linkattacher_msgs
[3.694s] Level 1:colcon.colcon_core.environment:create_environment_scripts_only(linkattacher_msgs)
[3.694s] DEBUG:colcon.colcon_core.event_handler.log_command:Invoked command in '/home/user/research_ws/ur10_pick_place_ws/build/linkattacher_msgs' returned '0': CMAKE_PREFIX_PATH=${CMAKE_PREFIX_PATH}:/opt/ros/humble /usr/bin/cmake --install /home/user/research_ws/ur10_pick_place_ws/build/linkattacher_msgs
[3.695s] Level 1:colcon.colcon_core.environment:checking '/home/user/research_ws/ur10_pick_place_ws/install/linkattacher_msgs' for CMake module files
[3.695s] Level 1:colcon.colcon_core.environment:checking '/home/user/research_ws/ur10_pick_place_ws/install/linkattacher_msgs' for CMake config files
[3.695s] Level 1:colcon.colcon_core.shell:create_environment_hook('linkattacher_msgs', 'cmake_prefix_path')
[3.696s] INFO:colcon.colcon_core.shell:Creating environment hook '/home/user/research_ws/ur10_pick_place_ws/install/linkattacher_msgs/share/linkattacher_msgs/hook/cmake_prefix_path.ps1'
[3.696s] INFO:colcon.colcon_core.shell:Creating environment descriptor '/home/user/research_ws/ur10_pick_place_ws/install/linkattacher_msgs/share/linkattacher_msgs/hook/cmake_prefix_path.dsv'
[3.696s] INFO:colcon.colcon_core.shell:Creating environment hook '/home/user/research_ws/ur10_pick_place_ws/install/linkattacher_msgs/share/linkattacher_msgs/hook/cmake_prefix_path.sh'
[3.696s] Level 1:colcon.colcon_core.environment:checking '/home/user/research_ws/ur10_pick_place_ws/install/linkattacher_msgs/lib'
[3.697s] Level 1:colcon.colcon_core.shell:create_environment_hook('linkattacher_msgs', 'ld_library_path_lib')
[3.697s] INFO:colcon.colcon_core.shell:Creating environment hook '/home/user/research_ws/ur10_pick_place_ws/install/linkattacher_msgs/share/linkattacher_msgs/hook/ld_library_path_lib.ps1'
[3.697s] INFO:colcon.colcon_core.shell:Creating environment descriptor '/home/user/research_ws/ur10_pick_place_ws/install/linkattacher_msgs/share/linkattacher_msgs/hook/ld_library_path_lib.dsv'
[3.697s] INFO:colcon.colcon_core.shell:Creating environment hook '/home/user/research_ws/ur10_pick_place_ws/install/linkattacher_msgs/share/linkattacher_msgs/hook/ld_library_path_lib.sh'
[3.697s] Level 1:colcon.colcon_core.environment:checking '/home/user/research_ws/ur10_pick_place_ws/install/linkattacher_msgs/bin'
[3.697s] Level 1:colcon.colcon_core.environment:checking '/home/user/research_ws/ur10_pick_place_ws/install/linkattacher_msgs/lib/pkgconfig/linkattacher_msgs.pc'
[3.698s] Level 1:colcon.colcon_core.environment:checking '/home/user/research_ws/ur10_pick_place_ws/install/linkattacher_msgs/lib/python3.10/site-packages'
[3.698s] Level 1:colcon.colcon_core.environment:checking '/home/user/research_ws/ur10_pick_place_ws/install/linkattacher_msgs/bin'
[3.698s] INFO:colcon.colcon_core.shell:Creating package script '/home/user/research_ws/ur10_pick_place_ws/install/linkattacher_msgs/share/linkattacher_msgs/package.ps1'
[3.698s] INFO:colcon.colcon_core.shell:Creating package descriptor '/home/user/research_ws/ur10_pick_place_ws/install/linkattacher_msgs/share/linkattacher_msgs/package.dsv'
[3.699s] INFO:colcon.colcon_core.shell:Creating package script '/home/user/research_ws/ur10_pick_place_ws/install/linkattacher_msgs/share/linkattacher_msgs/package.sh'
[3.699s] INFO:colcon.colcon_core.shell:Creating package script '/home/user/research_ws/ur10_pick_place_ws/install/linkattacher_msgs/share/linkattacher_msgs/package.bash'
[3.699s] INFO:colcon.colcon_core.shell:Creating package script '/home/user/research_ws/ur10_pick_place_ws/install/linkattacher_msgs/share/linkattacher_msgs/package.zsh'
[3.699s] Level 1:colcon.colcon_core.environment:create_file_with_runtime_dependencies(/home/user/research_ws/ur10_pick_place_ws/install/linkattacher_msgs/share/colcon-core/packages/linkattacher_msgs)
[3.700s] Level 1:colcon.colcon_core.environment:create_environment_scripts_only(linkattacher_msgs)
[3.700s] Level 1:colcon.colcon_core.environment:checking '/home/user/research_ws/ur10_pick_place_ws/install/linkattacher_msgs' for CMake module files
[3.701s] Level 1:colcon.colcon_core.environment:checking '/home/user/research_ws/ur10_pick_place_ws/install/linkattacher_msgs' for CMake config files
[3.701s] Level 1:colcon.colcon_core.shell:create_environment_hook('linkattacher_msgs', 'cmake_prefix_path')
[3.701s] INFO:colcon.colcon_core.shell:Creating environment hook '/home/user/research_ws/ur10_pick_place_ws/install/linkattacher_msgs/share/linkattacher_msgs/hook/cmake_prefix_path.ps1'
[3.701s] INFO:colcon.colcon_core.shell:Creating environment descriptor '/home/user/research_ws/ur10_pick_place_ws/install/linkattacher_msgs/share/linkattacher_msgs/hook/cmake_prefix_path.dsv'
[3.702s] INFO:colcon.colcon_core.shell:Creating environment hook '/home/user/research_ws/ur10_pick_place_ws/install/linkattacher_msgs/share/linkattacher_msgs/hook/cmake_prefix_path.sh'
[3.702s] Level 1:colcon.colcon_core.environment:checking '/home/user/research_ws/ur10_pick_place_ws/install/linkattacher_msgs/lib'
[3.702s] Level 1:colcon.colcon_core.shell:create_environment_hook('linkattacher_msgs', 'ld_library_path_lib')
[3.702s] INFO:colcon.colcon_core.shell:Creating environment hook '/home/user/research_ws/ur10_pick_place_ws/install/linkattacher_msgs/share/linkattacher_msgs/hook/ld_library_path_lib.ps1'
[3.702s] INFO:colcon.colcon_core.shell:Creating environment descriptor '/home/user/research_ws/ur10_pick_place_ws/install/linkattacher_msgs/share/linkattacher_msgs/hook/ld_library_path_lib.dsv'
[3.703s] INFO:colcon.colcon_core.shell:Creating environment hook '/home/user/research_ws/ur10_pick_place_ws/install/linkattacher_msgs/share/linkattacher_msgs/hook/ld_library_path_lib.sh'
[3.703s] Level 1:colcon.colcon_core.environment:checking '/home/user/research_ws/ur10_pick_place_ws/install/linkattacher_msgs/bin'
[3.703s] Level 1:colcon.colcon_core.environment:checking '/home/user/research_ws/ur10_pick_place_ws/install/linkattacher_msgs/lib/pkgconfig/linkattacher_msgs.pc'
[3.703s] Level 1:colcon.colcon_core.environment:checking '/home/user/research_ws/ur10_pick_place_ws/install/linkattacher_msgs/lib/python3.10/site-packages'
[3.703s] Level 1:colcon.colcon_core.environment:checking '/home/user/research_ws/ur10_pick_place_ws/install/linkattacher_msgs/bin'
[3.704s] INFO:colcon.colcon_core.shell:Creating package script '/home/user/research_ws/ur10_pick_place_ws/install/linkattacher_msgs/share/linkattacher_msgs/package.ps1'
[3.704s] INFO:colcon.colcon_core.shell:Creating package descriptor '/home/user/research_ws/ur10_pick_place_ws/install/linkattacher_msgs/share/linkattacher_msgs/package.dsv'
[3.704s] INFO:colcon.colcon_core.shell:Creating package script '/home/user/research_ws/ur10_pick_place_ws/install/linkattacher_msgs/share/linkattacher_msgs/package.sh'
[3.705s] INFO:colcon.colcon_core.shell:Creating package script '/home/user/research_ws/ur10_pick_place_ws/install/linkattacher_msgs/share/linkattacher_msgs/package.bash'
[3.705s] INFO:colcon.colcon_core.shell:Creating package script '/home/user/research_ws/ur10_pick_place_ws/install/linkattacher_msgs/share/linkattacher_msgs/package.zsh'
[3.705s] Level 1:colcon.colcon_core.environment:create_file_with_runtime_dependencies(/home/user/research_ws/ur10_pick_place_ws/install/linkattacher_msgs/share/colcon-core/packages/linkattacher_msgs)
[3.705s] INFO:colcon.colcon_ros.task.ament_cmake.build:Building ROS package in '/home/user/research_ws/ur10_pick_place_ws/src/ur_yt_sim' with build type 'ament_cmake'
[3.705s] INFO:colcon.colcon_cmake.task.cmake.build:Building CMake package in '/home/user/research_ws/ur10_pick_place_ws/src/ur_yt_sim'
[3.705s] INFO:colcon.colcon_core.shell:Skip shell extension 'powershell' for command environment: Not usable outside of PowerShell
[3.706s] DEBUG:colcon.colcon_core.shell:Skip shell extension 'dsv' for command environment
[3.709s] INFO:colcon.colcon_ros.task.ament_cmake.build:Building ROS package in '/home/user/research_ws/ur10_pick_place_ws/src/linkattacher_plugin' with build type 'ament_cmake'
[3.709s] INFO:colcon.colcon_cmake.task.cmake.build:Building CMake package in '/home/user/research_ws/ur10_pick_place_ws/src/linkattacher_plugin'
[3.709s] INFO:colcon.colcon_core.shell:Skip shell extension 'powershell' for command environment: Not usable outside of PowerShell
[3.710s] DEBUG:colcon.colcon_core.shell:Skip shell extension 'dsv' for command environment
[3.719s] DEBUG:colcon.colcon_core.event_handler.log_command:Invoking command in '/home/user/research_ws/ur10_pick_place_ws/build/ros2_linkattacher': CMAKE_PREFIX_PATH=/home/user/research_ws/ur10_pick_place_ws/install/linkattacher_msgs:/home/user/research_ws/ur10_pick_place_ws/install/ur10_camera_gripper_moveit_config:/home/user/research_ws/ur10_pick_place_ws/install/ur_yt_sim:/home/user/research_ws/ur10_pick_place_ws/install/ur_simulation_gazebo:/home/user/research_ws/ur10_pick_place_ws/install/ros2_linkattacher:/home/user/research_ws/ur10_pick_place_ws/install/robotiq_description:/home/user/research_ws/ur10_pick_place_ws/install/robotiq_controllers:/home/user/research_ws/ur10_pick_place_ws/install/robotiq_3f_interfaces:/home/user/research_ws/ur10_pick_place_ws/install/robotiq_3f_description:/opt/ros/humble LD_LIBRARY_PATH=/home/user/research_ws/ur10_pick_place_ws/install/linkattacher_msgs/lib:/home/user/research_ws/ur10_pick_place_ws/install/ros2_linkattacher/lib:/home/user/research_ws/ur10_pick_place_ws/install/robotiq_controllers/lib:/home/user/research_ws/ur10_pick_place_ws/install/robotiq_3f_interfaces/lib:/usr/lib/x86_64-linux-gnu/gazebo-11/plugins:/opt/ros/humble/opt/rviz_ogre_vendor/lib:/opt/ros/humble/lib/x86_64-linux-gnu:/opt/ros/humble/lib /usr/bin/cmake /home/user/research_ws/ur10_pick_place_ws/src/linkattacher_plugin -DCMAKE_INSTALL_PREFIX=/home/user/research_ws/ur10_pick_place_ws/install/ros2_linkattacher
[3.721s] DEBUG:colcon.colcon_core.event_handler.log_command:Invoking command in '/home/user/research_ws/ur10_pick_place_ws/build/ur_yt_sim': CMAKE_PREFIX_PATH=/home/user/research_ws/ur10_pick_place_ws/install/linkattacher_msgs:/home/user/research_ws/ur10_pick_place_ws/install/ur10_camera_gripper_moveit_config:/home/user/research_ws/ur10_pick_place_ws/install/ur_yt_sim:/home/user/research_ws/ur10_pick_place_ws/install/ur_simulation_gazebo:/home/user/research_ws/ur10_pick_place_ws/install/ros2_linkattacher:/home/user/research_ws/ur10_pick_place_ws/install/robotiq_description:/home/user/research_ws/ur10_pick_place_ws/install/robotiq_controllers:/home/user/research_ws/ur10_pick_place_ws/install/robotiq_3f_interfaces:/home/user/research_ws/ur10_pick_place_ws/install/robotiq_3f_description:/opt/ros/humble LD_LIBRARY_PATH=/home/user/research_ws/ur10_pick_place_ws/install/linkattacher_msgs/lib:/home/user/research_ws/ur10_pick_place_ws/install/ros2_linkattacher/lib:/home/user/research_ws/ur10_pick_place_ws/install/robotiq_controllers/lib:/home/user/research_ws/ur10_pick_place_ws/install/robotiq_3f_interfaces/lib:/usr/lib/x86_64-linux-gnu/gazebo-11/plugins:/opt/ros/humble/opt/rviz_ogre_vendor/lib:/opt/ros/humble/lib/x86_64-linux-gnu:/opt/ros/humble/lib /usr/bin/cmake /home/user/research_ws/ur10_pick_place_ws/src/ur_yt_sim -DCMAKE_INSTALL_PREFIX=/home/user/research_ws/ur10_pick_place_ws/install/ur_yt_sim
[4.231s] DEBUG:colcon.colcon_core.event_handler.log_command:Invoked command in '/home/user/research_ws/ur10_pick_place_ws/build/robotiq_3f_interfaces' returned '0': CMAKE_PREFIX_PATH=${CMAKE_PREFIX_PATH}:/opt/ros/humble /usr/bin/cmake --build /home/user/research_ws/ur10_pick_place_ws/build/robotiq_3f_interfaces -- -j32 -l32
[4.234s] DEBUG:colcon.colcon_core.event_handler.log_command:Invoking command in '/home/user/research_ws/ur10_pick_place_ws/build/robotiq_3f_interfaces': CMAKE_PREFIX_PATH=${CMAKE_PREFIX_PATH}:/opt/ros/humble /usr/bin/cmake --install /home/user/research_ws/ur10_pick_place_ws/build/robotiq_3f_interfaces
[4.293s] Level 1:colcon.colcon_core.environment:create_environment_scripts_only(robotiq_3f_interfaces)
[4.294s] Level 1:colcon.colcon_core.environment:checking '/home/user/research_ws/ur10_pick_place_ws/install/robotiq_3f_interfaces' for CMake module files
[4.294s] DEBUG:colcon.colcon_core.event_handler.log_command:Invoked command in '/home/user/research_ws/ur10_pick_place_ws/build/robotiq_3f_interfaces' returned '0': CMAKE_PREFIX_PATH=${CMAKE_PREFIX_PATH}:/opt/ros/humble /usr/bin/cmake --install /home/user/research_ws/ur10_pick_place_ws/build/robotiq_3f_interfaces
[4.296s] Level 1:colcon.colcon_core.environment:checking '/home/user/research_ws/ur10_pick_place_ws/install/robotiq_3f_interfaces' for CMake config files
[4.296s] Level 1:colcon.colcon_core.shell:create_environment_hook('robotiq_3f_interfaces', 'cmake_prefix_path')
[4.296s] INFO:colcon.colcon_core.shell:Creating environment hook '/home/user/research_ws/ur10_pick_place_ws/install/robotiq_3f_interfaces/share/robotiq_3f_interfaces/hook/cmake_prefix_path.ps1'
[4.296s] INFO:colcon.colcon_core.shell:Creating environment descriptor '/home/user/research_ws/ur10_pick_place_ws/install/robotiq_3f_interfaces/share/robotiq_3f_interfaces/hook/cmake_prefix_path.dsv'
[4.296s] INFO:colcon.colcon_core.shell:Creating environment hook '/home/user/research_ws/ur10_pick_place_ws/install/robotiq_3f_interfaces/share/robotiq_3f_interfaces/hook/cmake_prefix_path.sh'
[4.297s] Level 1:colcon.colcon_core.environment:checking '/home/user/research_ws/ur10_pick_place_ws/install/robotiq_3f_interfaces/lib'
[4.297s] Level 1:colcon.colcon_core.shell:create_environment_hook('robotiq_3f_interfaces', 'ld_library_path_lib')
[4.297s] INFO:colcon.colcon_core.shell:Creating environment hook '/home/user/research_ws/ur10_pick_place_ws/install/robotiq_3f_interfaces/share/robotiq_3f_interfaces/hook/ld_library_path_lib.ps1'
[4.297s] INFO:colcon.colcon_core.shell:Creating environment descriptor '/home/user/research_ws/ur10_pick_place_ws/install/robotiq_3f_interfaces/share/robotiq_3f_interfaces/hook/ld_library_path_lib.dsv'
[4.297s] INFO:colcon.colcon_core.shell:Creating environment hook '/home/user/research_ws/ur10_pick_place_ws/install/robotiq_3f_interfaces/share/robotiq_3f_interfaces/hook/ld_library_path_lib.sh'
[4.298s] Level 1:colcon.colcon_core.environment:checking '/home/user/research_ws/ur10_pick_place_ws/install/robotiq_3f_interfaces/bin'
[4.298s] Level 1:colcon.colcon_core.environment:checking '/home/user/research_ws/ur10_pick_place_ws/install/robotiq_3f_interfaces/lib/pkgconfig/robotiq_3f_interfaces.pc'
[4.298s] Level 1:colcon.colcon_core.environment:checking '/home/user/research_ws/ur10_pick_place_ws/install/robotiq_3f_interfaces/lib/python3.10/site-packages'
[4.298s] Level 1:colcon.colcon_core.environment:checking '/home/user/research_ws/ur10_pick_place_ws/install/robotiq_3f_interfaces/bin'
[4.298s] INFO:colcon.colcon_core.shell:Creating package script '/home/user/research_ws/ur10_pick_place_ws/install/robotiq_3f_interfaces/share/robotiq_3f_interfaces/package.ps1'
[4.299s] INFO:colcon.colcon_core.shell:Creating package descriptor '/home/user/research_ws/ur10_pick_place_ws/install/robotiq_3f_interfaces/share/robotiq_3f_interfaces/package.dsv'
[4.299s] INFO:colcon.colcon_core.shell:Creating package script '/home/user/research_ws/ur10_pick_place_ws/install/robotiq_3f_interfaces/share/robotiq_3f_interfaces/package.sh'
[4.299s] INFO:colcon.colcon_core.shell:Creating package script '/home/user/research_ws/ur10_pick_place_ws/install/robotiq_3f_interfaces/share/robotiq_3f_interfaces/package.bash'
[4.299s] INFO:colcon.colcon_core.shell:Creating package script '/home/user/research_ws/ur10_pick_place_ws/install/robotiq_3f_interfaces/share/robotiq_3f_interfaces/package.zsh'
[4.300s] Level 1:colcon.colcon_core.environment:create_file_with_runtime_dependencies(/home/user/research_ws/ur10_pick_place_ws/install/robotiq_3f_interfaces/share/colcon-core/packages/robotiq_3f_interfaces)
[4.301s] Level 1:colcon.colcon_core.environment:create_environment_scripts_only(robotiq_3f_interfaces)
[4.302s] Level 1:colcon.colcon_core.environment:checking '/home/user/research_ws/ur10_pick_place_ws/install/robotiq_3f_interfaces' for CMake module files
[4.302s] Level 1:colcon.colcon_core.environment:checking '/home/user/research_ws/ur10_pick_place_ws/install/robotiq_3f_interfaces' for CMake config files
[4.302s] Level 1:colcon.colcon_core.shell:create_environment_hook('robotiq_3f_interfaces', 'cmake_prefix_path')
[4.302s] INFO:colcon.colcon_core.shell:Creating environment hook '/home/user/research_ws/ur10_pick_place_ws/install/robotiq_3f_interfaces/share/robotiq_3f_interfaces/hook/cmake_prefix_path.ps1'
[4.303s] INFO:colcon.colcon_core.shell:Creating environment descriptor '/home/user/research_ws/ur10_pick_place_ws/install/robotiq_3f_interfaces/share/robotiq_3f_interfaces/hook/cmake_prefix_path.dsv'
[4.303s] INFO:colcon.colcon_core.shell:Creating environment hook '/home/user/research_ws/ur10_pick_place_ws/install/robotiq_3f_interfaces/share/robotiq_3f_interfaces/hook/cmake_prefix_path.sh'
[4.303s] Level 1:colcon.colcon_core.environment:checking '/home/user/research_ws/ur10_pick_place_ws/install/robotiq_3f_interfaces/lib'
[4.303s] Level 1:colcon.colcon_core.shell:create_environment_hook('robotiq_3f_interfaces', 'ld_library_path_lib')
[4.304s] INFO:colcon.colcon_core.shell:Creating environment hook '/home/user/research_ws/ur10_pick_place_ws/install/robotiq_3f_interfaces/share/robotiq_3f_interfaces/hook/ld_library_path_lib.ps1'
[4.304s] INFO:colcon.colcon_core.shell:Creating environment descriptor '/home/user/research_ws/ur10_pick_place_ws/install/robotiq_3f_interfaces/share/robotiq_3f_interfaces/hook/ld_library_path_lib.dsv'
[4.304s] INFO:colcon.colcon_core.shell:Creating environment hook '/home/user/research_ws/ur10_pick_place_ws/install/robotiq_3f_interfaces/share/robotiq_3f_interfaces/hook/ld_library_path_lib.sh'
[4.304s] Level 1:colcon.colcon_core.environment:checking '/home/user/research_ws/ur10_pick_place_ws/install/robotiq_3f_interfaces/bin'
[4.304s] Level 1:colcon.colcon_core.environment:checking '/home/user/research_ws/ur10_pick_place_ws/install/robotiq_3f_interfaces/lib/pkgconfig/robotiq_3f_interfaces.pc'
[4.305s] Level 1:colcon.colcon_core.environment:checking '/home/user/research_ws/ur10_pick_place_ws/install/robotiq_3f_interfaces/lib/python3.10/site-packages'
[4.305s] Level 1:colcon.colcon_core.environment:checking '/home/user/research_ws/ur10_pick_place_ws/install/robotiq_3f_interfaces/bin'
[4.305s] INFO:colcon.colcon_core.shell:Creating package script '/home/user/research_ws/ur10_pick_place_ws/install/robotiq_3f_interfaces/share/robotiq_3f_interfaces/package.ps1'
[4.306s] INFO:colcon.colcon_core.shell:Creating package descriptor '/home/user/research_ws/ur10_pick_place_ws/install/robotiq_3f_interfaces/share/robotiq_3f_interfaces/package.dsv'
[4.306s] INFO:colcon.colcon_core.shell:Creating package script '/home/user/research_ws/ur10_pick_place_ws/install/robotiq_3f_interfaces/share/robotiq_3f_interfaces/package.sh'
[4.306s] INFO:colcon.colcon_core.shell:Creating package script '/home/user/research_ws/ur10_pick_place_ws/install/robotiq_3f_interfaces/share/robotiq_3f_interfaces/package.bash'
[4.306s] INFO:colcon.colcon_core.shell:Creating package script '/home/user/research_ws/ur10_pick_place_ws/install/robotiq_3f_interfaces/share/robotiq_3f_interfaces/package.zsh'
[4.307s] Level 1:colcon.colcon_core.environment:create_file_with_runtime_dependencies(/home/user/research_ws/ur10_pick_place_ws/install/robotiq_3f_interfaces/share/colcon-core/packages/robotiq_3f_interfaces)
[4.403s] DEBUG:colcon.colcon_core.event_handler.log_command:Invoked command in '/home/user/research_ws/ur10_pick_place_ws/build/robotiq_controllers' returned '0': CMAKE_PREFIX_PATH=${CMAKE_PREFIX_PATH}:/opt/ros/humble /usr/bin/cmake --build /home/user/research_ws/ur10_pick_place_ws/build/robotiq_controllers -- -j32 -l32
[4.405s] DEBUG:colcon.colcon_core.event_handler.log_command:Invoking command in '/home/user/research_ws/ur10_pick_place_ws/build/robotiq_controllers': CMAKE_PREFIX_PATH=${CMAKE_PREFIX_PATH}:/opt/ros/humble /usr/bin/cmake --install /home/user/research_ws/ur10_pick_place_ws/build/robotiq_controllers
[4.414s] Level 1:colcon.colcon_core.environment:create_environment_scripts_only(robotiq_controllers)
[4.414s] DEBUG:colcon.colcon_core.event_handler.log_command:Invoked command in '/home/user/research_ws/ur10_pick_place_ws/build/robotiq_controllers' returned '0': CMAKE_PREFIX_PATH=${CMAKE_PREFIX_PATH}:/opt/ros/humble /usr/bin/cmake --install /home/user/research_ws/ur10_pick_place_ws/build/robotiq_controllers
[4.414s] Level 1:colcon.colcon_core.environment:checking '/home/user/research_ws/ur10_pick_place_ws/install/robotiq_controllers' for CMake module files
[4.415s] Level 1:colcon.colcon_core.environment:checking '/home/user/research_ws/ur10_pick_place_ws/install/robotiq_controllers' for CMake config files
[4.415s] Level 1:colcon.colcon_core.shell:create_environment_hook('robotiq_controllers', 'cmake_prefix_path')
[4.415s] INFO:colcon.colcon_core.shell:Creating environment hook '/home/user/research_ws/ur10_pick_place_ws/install/robotiq_controllers/share/robotiq_controllers/hook/cmake_prefix_path.ps1'
[4.416s] INFO:colcon.colcon_core.shell:Creating environment descriptor '/home/user/research_ws/ur10_pick_place_ws/install/robotiq_controllers/share/robotiq_controllers/hook/cmake_prefix_path.dsv'
[4.416s] INFO:colcon.colcon_core.shell:Creating environment hook '/home/user/research_ws/ur10_pick_place_ws/install/robotiq_controllers/share/robotiq_controllers/hook/cmake_prefix_path.sh'
[4.417s] Level 1:colcon.colcon_core.environment:checking '/home/user/research_ws/ur10_pick_place_ws/install/robotiq_controllers/lib'
[4.417s] Level 1:colcon.colcon_core.shell:create_environment_hook('robotiq_controllers', 'ld_library_path_lib')
[4.417s] INFO:colcon.colcon_core.shell:Creating environment hook '/home/user/research_ws/ur10_pick_place_ws/install/robotiq_controllers/share/robotiq_controllers/hook/ld_library_path_lib.ps1'
[4.417s] INFO:colcon.colcon_core.shell:Creating environment descriptor '/home/user/research_ws/ur10_pick_place_ws/install/robotiq_controllers/share/robotiq_controllers/hook/ld_library_path_lib.dsv'
[4.417s] INFO:colcon.colcon_core.shell:Creating environment hook '/home/user/research_ws/ur10_pick_place_ws/install/robotiq_controllers/share/robotiq_controllers/hook/ld_library_path_lib.sh'
[4.418s] Level 1:colcon.colcon_core.environment:checking '/home/user/research_ws/ur10_pick_place_ws/install/robotiq_controllers/bin'
[4.418s] Level 1:colcon.colcon_core.environment:checking '/home/user/research_ws/ur10_pick_place_ws/install/robotiq_controllers/lib/pkgconfig/robotiq_controllers.pc'
[4.418s] Level 1:colcon.colcon_core.environment:checking '/home/user/research_ws/ur10_pick_place_ws/install/robotiq_controllers/lib/python3.10/site-packages'
[4.418s] Level 1:colcon.colcon_core.environment:checking '/home/user/research_ws/ur10_pick_place_ws/install/robotiq_controllers/bin'
[4.418s] INFO:colcon.colcon_core.shell:Creating package script '/home/user/research_ws/ur10_pick_place_ws/install/robotiq_controllers/share/robotiq_controllers/package.ps1'
[4.418s] INFO:colcon.colcon_core.shell:Creating package descriptor '/home/user/research_ws/ur10_pick_place_ws/install/robotiq_controllers/share/robotiq_controllers/package.dsv'
[4.419s] INFO:colcon.colcon_core.shell:Creating package script '/home/user/research_ws/ur10_pick_place_ws/install/robotiq_controllers/share/robotiq_controllers/package.sh'
[4.419s] INFO:colcon.colcon_core.shell:Creating package script '/home/user/research_ws/ur10_pick_place_ws/install/robotiq_controllers/share/robotiq_controllers/package.bash'
[4.419s] INFO:colcon.colcon_core.shell:Creating package script '/home/user/research_ws/ur10_pick_place_ws/install/robotiq_controllers/share/robotiq_controllers/package.zsh'
[4.419s] Level 1:colcon.colcon_core.environment:create_file_with_runtime_dependencies(/home/user/research_ws/ur10_pick_place_ws/install/robotiq_controllers/share/colcon-core/packages/robotiq_controllers)
[4.420s] Level 1:colcon.colcon_core.environment:create_environment_scripts_only(robotiq_controllers)
[4.420s] Level 1:colcon.colcon_core.environment:checking '/home/user/research_ws/ur10_pick_place_ws/install/robotiq_controllers' for CMake module files
[4.420s] Level 1:colcon.colcon_core.environment:checking '/home/user/research_ws/ur10_pick_place_ws/install/robotiq_controllers' for CMake config files
[4.420s] Level 1:colcon.colcon_core.shell:create_environment_hook('robotiq_controllers', 'cmake_prefix_path')
[4.420s] INFO:colcon.colcon_core.shell:Creating environment hook '/home/user/research_ws/ur10_pick_place_ws/install/robotiq_controllers/share/robotiq_controllers/hook/cmake_prefix_path.ps1'
[4.420s] INFO:colcon.colcon_core.shell:Creating environment descriptor '/home/user/research_ws/ur10_pick_place_ws/install/robotiq_controllers/share/robotiq_controllers/hook/cmake_prefix_path.dsv'
[4.421s] INFO:colcon.colcon_core.shell:Creating environment hook '/home/user/research_ws/ur10_pick_place_ws/install/robotiq_controllers/share/robotiq_controllers/hook/cmake_prefix_path.sh'
[4.421s] Level 1:colcon.colcon_core.environment:checking '/home/user/research_ws/ur10_pick_place_ws/install/robotiq_controllers/lib'
[4.421s] Level 1:colcon.colcon_core.shell:create_environment_hook('robotiq_controllers', 'ld_library_path_lib')
[4.421s] INFO:colcon.colcon_core.shell:Creating environment hook '/home/user/research_ws/ur10_pick_place_ws/install/robotiq_controllers/share/robotiq_controllers/hook/ld_library_path_lib.ps1'
[4.421s] INFO:colcon.colcon_core.shell:Creating environment descriptor '/home/user/research_ws/ur10_pick_place_ws/install/robotiq_controllers/share/robotiq_controllers/hook/ld_library_path_lib.dsv'
[4.421s] INFO:colcon.colcon_core.shell:Creating environment hook '/home/user/research_ws/ur10_pick_place_ws/install/robotiq_controllers/share/robotiq_controllers/hook/ld_library_path_lib.sh'
[4.422s] Level 1:colcon.colcon_core.environment:checking '/home/user/research_ws/ur10_pick_place_ws/install/robotiq_controllers/bin'
[4.422s] Level 1:colcon.colcon_core.environment:checking '/home/user/research_ws/ur10_pick_place_ws/install/robotiq_controllers/lib/pkgconfig/robotiq_controllers.pc'
[4.422s] Level 1:colcon.colcon_core.environment:checking '/home/user/research_ws/ur10_pick_place_ws/install/robotiq_controllers/lib/python3.10/site-packages'
[4.422s] Level 1:colcon.colcon_core.environment:checking '/home/user/research_ws/ur10_pick_place_ws/install/robotiq_controllers/bin'
[4.422s] INFO:colcon.colcon_core.shell:Creating package script '/home/user/research_ws/ur10_pick_place_ws/install/robotiq_controllers/share/robotiq_controllers/package.ps1'
[4.422s] INFO:colcon.colcon_core.shell:Creating package descriptor '/home/user/research_ws/ur10_pick_place_ws/install/robotiq_controllers/share/robotiq_controllers/package.dsv'
[4.423s] INFO:colcon.colcon_core.shell:Creating package script '/home/user/research_ws/ur10_pick_place_ws/install/robotiq_controllers/share/robotiq_controllers/package.sh'
[4.423s] INFO:colcon.colcon_core.shell:Creating package script '/home/user/research_ws/ur10_pick_place_ws/install/robotiq_controllers/share/robotiq_controllers/package.bash'
[4.423s] INFO:colcon.colcon_core.shell:Creating package script '/home/user/research_ws/ur10_pick_place_ws/install/robotiq_controllers/share/robotiq_controllers/package.zsh'
[4.423s] Level 1:colcon.colcon_core.environment:create_file_with_runtime_dependencies(/home/user/research_ws/ur10_pick_place_ws/install/robotiq_controllers/share/colcon-core/packages/robotiq_controllers)
[5.227s] DEBUG:colcon.colcon_core.event_handler.log_command:Invoked command in '/home/user/research_ws/ur10_pick_place_ws/build/ur_yt_sim' returned '0': CMAKE_PREFIX_PATH=/home/user/research_ws/ur10_pick_place_ws/install/linkattacher_msgs:/home/user/research_ws/ur10_pick_place_ws/install/ur10_camera_gripper_moveit_config:/home/user/research_ws/ur10_pick_place_ws/install/ur_yt_sim:/home/user/research_ws/ur10_pick_place_ws/install/ur_simulation_gazebo:/home/user/research_ws/ur10_pick_place_ws/install/ros2_linkattacher:/home/user/research_ws/ur10_pick_place_ws/install/robotiq_description:/home/user/research_ws/ur10_pick_place_ws/install/robotiq_controllers:/home/user/research_ws/ur10_pick_place_ws/install/robotiq_3f_interfaces:/home/user/research_ws/ur10_pick_place_ws/install/robotiq_3f_description:/opt/ros/humble LD_LIBRARY_PATH=/home/user/research_ws/ur10_pick_place_ws/install/linkattacher_msgs/lib:/home/user/research_ws/ur10_pick_place_ws/install/ros2_linkattacher/lib:/home/user/research_ws/ur10_pick_place_ws/install/robotiq_controllers/lib:/home/user/research_ws/ur10_pick_place_ws/install/robotiq_3f_interfaces/lib:/usr/lib/x86_64-linux-gnu/gazebo-11/plugins:/opt/ros/humble/opt/rviz_ogre_vendor/lib:/opt/ros/humble/lib/x86_64-linux-gnu:/opt/ros/humble/lib /usr/bin/cmake /home/user/research_ws/ur10_pick_place_ws/src/ur_yt_sim -DCMAKE_INSTALL_PREFIX=/home/user/research_ws/ur10_pick_place_ws/install/ur_yt_sim
[5.229s] DEBUG:colcon.colcon_core.event_handler.log_command:Invoking command in '/home/user/research_ws/ur10_pick_place_ws/build/ur_yt_sim': CMAKE_PREFIX_PATH=/home/user/research_ws/ur10_pick_place_ws/install/linkattacher_msgs:/home/user/research_ws/ur10_pick_place_ws/install/ur10_camera_gripper_moveit_config:/home/user/research_ws/ur10_pick_place_ws/install/ur_yt_sim:/home/user/research_ws/ur10_pick_place_ws/install/ur_simulation_gazebo:/home/user/research_ws/ur10_pick_place_ws/install/ros2_linkattacher:/home/user/research_ws/ur10_pick_place_ws/install/robotiq_description:/home/user/research_ws/ur10_pick_place_ws/install/robotiq_controllers:/home/user/research_ws/ur10_pick_place_ws/install/robotiq_3f_interfaces:/home/user/research_ws/ur10_pick_place_ws/install/robotiq_3f_description:/opt/ros/humble LD_LIBRARY_PATH=/home/user/research_ws/ur10_pick_place_ws/install/linkattacher_msgs/lib:/home/user/research_ws/ur10_pick_place_ws/install/ros2_linkattacher/lib:/home/user/research_ws/ur10_pick_place_ws/install/robotiq_controllers/lib:/home/user/research_ws/ur10_pick_place_ws/install/robotiq_3f_interfaces/lib:/usr/lib/x86_64-linux-gnu/gazebo-11/plugins:/opt/ros/humble/opt/rviz_ogre_vendor/lib:/opt/ros/humble/lib/x86_64-linux-gnu:/opt/ros/humble/lib /usr/bin/cmake --build /home/user/research_ws/ur10_pick_place_ws/build/ur_yt_sim -- -j32 -l32
[5.595s] DEBUG:colcon.colcon_core.event_handler.log_command:Invoked command in '/home/user/research_ws/ur10_pick_place_ws/build/ros2_linkattacher' returned '0': CMAKE_PREFIX_PATH=/home/user/research_ws/ur10_pick_place_ws/install/linkattacher_msgs:/home/user/research_ws/ur10_pick_place_ws/install/ur10_camera_gripper_moveit_config:/home/user/research_ws/ur10_pick_place_ws/install/ur_yt_sim:/home/user/research_ws/ur10_pick_place_ws/install/ur_simulation_gazebo:/home/user/research_ws/ur10_pick_place_ws/install/ros2_linkattacher:/home/user/research_ws/ur10_pick_place_ws/install/robotiq_description:/home/user/research_ws/ur10_pick_place_ws/install/robotiq_controllers:/home/user/research_ws/ur10_pick_place_ws/install/robotiq_3f_interfaces:/home/user/research_ws/ur10_pick_place_ws/install/robotiq_3f_description:/opt/ros/humble LD_LIBRARY_PATH=/home/user/research_ws/ur10_pick_place_ws/install/linkattacher_msgs/lib:/home/user/research_ws/ur10_pick_place_ws/install/ros2_linkattacher/lib:/home/user/research_ws/ur10_pick_place_ws/install/robotiq_controllers/lib:/home/user/research_ws/ur10_pick_place_ws/install/robotiq_3f_interfaces/lib:/usr/lib/x86_64-linux-gnu/gazebo-11/plugins:/opt/ros/humble/opt/rviz_ogre_vendor/lib:/opt/ros/humble/lib/x86_64-linux-gnu:/opt/ros/humble/lib /usr/bin/cmake /home/user/research_ws/ur10_pick_place_ws/src/linkattacher_plugin -DCMAKE_INSTALL_PREFIX=/home/user/research_ws/ur10_pick_place_ws/install/ros2_linkattacher
[5.597s] DEBUG:colcon.colcon_core.event_handler.log_command:Invoking command in '/home/user/research_ws/ur10_pick_place_ws/build/ros2_linkattacher': CMAKE_PREFIX_PATH=/home/user/research_ws/ur10_pick_place_ws/install/linkattacher_msgs:/home/user/research_ws/ur10_pick_place_ws/install/ur10_camera_gripper_moveit_config:/home/user/research_ws/ur10_pick_place_ws/install/ur_yt_sim:/home/user/research_ws/ur10_pick_place_ws/install/ur_simulation_gazebo:/home/user/research_ws/ur10_pick_place_ws/install/ros2_linkattacher:/home/user/research_ws/ur10_pick_place_ws/install/robotiq_description:/home/user/research_ws/ur10_pick_place_ws/install/robotiq_controllers:/home/user/research_ws/ur10_pick_place_ws/install/robotiq_3f_interfaces:/home/user/research_ws/ur10_pick_place_ws/install/robotiq_3f_description:/opt/ros/humble LD_LIBRARY_PATH=/home/user/research_ws/ur10_pick_place_ws/install/linkattacher_msgs/lib:/home/user/research_ws/ur10_pick_place_ws/install/ros2_linkattacher/lib:/home/user/research_ws/ur10_pick_place_ws/install/robotiq_controllers/lib:/home/user/research_ws/ur10_pick_place_ws/install/robotiq_3f_interfaces/lib:/usr/lib/x86_64-linux-gnu/gazebo-11/plugins:/opt/ros/humble/opt/rviz_ogre_vendor/lib:/opt/ros/humble/lib/x86_64-linux-gnu:/opt/ros/humble/lib /usr/bin/cmake --build /home/user/research_ws/ur10_pick_place_ws/build/ros2_linkattacher -- -j32 -l32
[11.592s] DEBUG:colcon.colcon_core.event_handler.log_command:Invoked command in '/home/user/research_ws/ur10_pick_place_ws/build/ur_yt_sim' returned '0': CMAKE_PREFIX_PATH=/home/user/research_ws/ur10_pick_place_ws/install/linkattacher_msgs:/home/user/research_ws/ur10_pick_place_ws/install/ur10_camera_gripper_moveit_config:/home/user/research_ws/ur10_pick_place_ws/install/ur_yt_sim:/home/user/research_ws/ur10_pick_place_ws/install/ur_simulation_gazebo:/home/user/research_ws/ur10_pick_place_ws/install/ros2_linkattacher:/home/user/research_ws/ur10_pick_place_ws/install/robotiq_description:/home/user/research_ws/ur10_pick_place_ws/install/robotiq_controllers:/home/user/research_ws/ur10_pick_place_ws/install/robotiq_3f_interfaces:/home/user/research_ws/ur10_pick_place_ws/install/robotiq_3f_description:/opt/ros/humble LD_LIBRARY_PATH=/home/user/research_ws/ur10_pick_place_ws/install/linkattacher_msgs/lib:/home/user/research_ws/ur10_pick_place_ws/install/ros2_linkattacher/lib:/home/user/research_ws/ur10_pick_place_ws/install/robotiq_controllers/lib:/home/user/research_ws/ur10_pick_place_ws/install/robotiq_3f_interfaces/lib:/usr/lib/x86_64-linux-gnu/gazebo-11/plugins:/opt/ros/humble/opt/rviz_ogre_vendor/lib:/opt/ros/humble/lib/x86_64-linux-gnu:/opt/ros/humble/lib /usr/bin/cmake --build /home/user/research_ws/ur10_pick_place_ws/build/ur_yt_sim -- -j32 -l32
[11.594s] DEBUG:colcon.colcon_core.event_handler.log_command:Invoking command in '/home/user/research_ws/ur10_pick_place_ws/build/ur_yt_sim': CMAKE_PREFIX_PATH=/home/user/research_ws/ur10_pick_place_ws/install/linkattacher_msgs:/home/user/research_ws/ur10_pick_place_ws/install/ur10_camera_gripper_moveit_config:/home/user/research_ws/ur10_pick_place_ws/install/ur_yt_sim:/home/user/research_ws/ur10_pick_place_ws/install/ur_simulation_gazebo:/home/user/research_ws/ur10_pick_place_ws/install/ros2_linkattacher:/home/user/research_ws/ur10_pick_place_ws/install/robotiq_description:/home/user/research_ws/ur10_pick_place_ws/install/robotiq_controllers:/home/user/research_ws/ur10_pick_place_ws/install/robotiq_3f_interfaces:/home/user/research_ws/ur10_pick_place_ws/install/robotiq_3f_description:/opt/ros/humble LD_LIBRARY_PATH=/home/user/research_ws/ur10_pick_place_ws/install/linkattacher_msgs/lib:/home/user/research_ws/ur10_pick_place_ws/install/ros2_linkattacher/lib:/home/user/research_ws/ur10_pick_place_ws/install/robotiq_controllers/lib:/home/user/research_ws/ur10_pick_place_ws/install/robotiq_3f_interfaces/lib:/usr/lib/x86_64-linux-gnu/gazebo-11/plugins:/opt/ros/humble/opt/rviz_ogre_vendor/lib:/opt/ros/humble/lib/x86_64-linux-gnu:/opt/ros/humble/lib /usr/bin/cmake --install /home/user/research_ws/ur10_pick_place_ws/build/ur_yt_sim
[11.610s] Level 1:colcon.colcon_core.environment:create_environment_scripts_only(ur_yt_sim)
[11.611s] DEBUG:colcon.colcon_core.event_handler.log_command:Invoked command in '/home/user/research_ws/ur10_pick_place_ws/build/ur_yt_sim' returned '0': CMAKE_PREFIX_PATH=/home/user/research_ws/ur10_pick_place_ws/install/linkattacher_msgs:/home/user/research_ws/ur10_pick_place_ws/install/ur10_camera_gripper_moveit_config:/home/user/research_ws/ur10_pick_place_ws/install/ur_yt_sim:/home/user/research_ws/ur10_pick_place_ws/install/ur_simulation_gazebo:/home/user/research_ws/ur10_pick_place_ws/install/ros2_linkattacher:/home/user/research_ws/ur10_pick_place_ws/install/robotiq_description:/home/user/research_ws/ur10_pick_place_ws/install/robotiq_controllers:/home/user/research_ws/ur10_pick_place_ws/install/robotiq_3f_interfaces:/home/user/research_ws/ur10_pick_place_ws/install/robotiq_3f_description:/opt/ros/humble LD_LIBRARY_PATH=/home/user/research_ws/ur10_pick_place_ws/install/linkattacher_msgs/lib:/home/user/research_ws/ur10_pick_place_ws/install/ros2_linkattacher/lib:/home/user/research_ws/ur10_pick_place_ws/install/robotiq_controllers/lib:/home/user/research_ws/ur10_pick_place_ws/install/robotiq_3f_interfaces/lib:/usr/lib/x86_64-linux-gnu/gazebo-11/plugins:/opt/ros/humble/opt/rviz_ogre_vendor/lib:/opt/ros/humble/lib/x86_64-linux-gnu:/opt/ros/humble/lib /usr/bin/cmake --install /home/user/research_ws/ur10_pick_place_ws/build/ur_yt_sim
[11.611s] Level 1:colcon.colcon_core.environment:checking '/home/user/research_ws/ur10_pick_place_ws/install/ur_yt_sim' for CMake module files
[11.612s] Level 1:colcon.colcon_core.environment:checking '/home/user/research_ws/ur10_pick_place_ws/install/ur_yt_sim' for CMake config files
[11.612s] Level 1:colcon.colcon_core.shell:create_environment_hook('ur_yt_sim', 'cmake_prefix_path')
[11.612s] INFO:colcon.colcon_core.shell:Creating environment hook '/home/user/research_ws/ur10_pick_place_ws/install/ur_yt_sim/share/ur_yt_sim/hook/cmake_prefix_path.ps1'
[11.612s] INFO:colcon.colcon_core.shell:Creating environment descriptor '/home/user/research_ws/ur10_pick_place_ws/install/ur_yt_sim/share/ur_yt_sim/hook/cmake_prefix_path.dsv'
[11.612s] INFO:colcon.colcon_core.shell:Creating environment hook '/home/user/research_ws/ur10_pick_place_ws/install/ur_yt_sim/share/ur_yt_sim/hook/cmake_prefix_path.sh'
[11.613s] Level 1:colcon.colcon_core.environment:checking '/home/user/research_ws/ur10_pick_place_ws/install/ur_yt_sim/lib'
[11.613s] Level 1:colcon.colcon_core.environment:checking '/home/user/research_ws/ur10_pick_place_ws/install/ur_yt_sim/bin'
[11.613s] Level 1:colcon.colcon_core.environment:checking '/home/user/research_ws/ur10_pick_place_ws/install/ur_yt_sim/lib/pkgconfig/ur_yt_sim.pc'
[11.613s] Level 1:colcon.colcon_core.environment:checking '/home/user/research_ws/ur10_pick_place_ws/install/ur_yt_sim/lib/python3.10/site-packages'
[11.613s] Level 1:colcon.colcon_core.environment:checking '/home/user/research_ws/ur10_pick_place_ws/install/ur_yt_sim/bin'
[11.614s] INFO:colcon.colcon_core.shell:Creating package script '/home/user/research_ws/ur10_pick_place_ws/install/ur_yt_sim/share/ur_yt_sim/package.ps1'
[11.614s] INFO:colcon.colcon_core.shell:Creating package descriptor '/home/user/research_ws/ur10_pick_place_ws/install/ur_yt_sim/share/ur_yt_sim/package.dsv'
[11.614s] INFO:colcon.colcon_core.shell:Creating package script '/home/user/research_ws/ur10_pick_place_ws/install/ur_yt_sim/share/ur_yt_sim/package.sh'
[11.614s] INFO:colcon.colcon_core.shell:Creating package script '/home/user/research_ws/ur10_pick_place_ws/install/ur_yt_sim/share/ur_yt_sim/package.bash'
[11.615s] INFO:colcon.colcon_core.shell:Creating package script '/home/user/research_ws/ur10_pick_place_ws/install/ur_yt_sim/share/ur_yt_sim/package.zsh'
[11.615s] Level 1:colcon.colcon_core.environment:create_file_with_runtime_dependencies(/home/user/research_ws/ur10_pick_place_ws/install/ur_yt_sim/share/colcon-core/packages/ur_yt_sim)
[11.615s] Level 1:colcon.colcon_core.environment:create_environment_scripts_only(ur_yt_sim)
[11.615s] Level 1:colcon.colcon_core.environment:checking '/home/user/research_ws/ur10_pick_place_ws/install/ur_yt_sim' for CMake module files
[11.616s] Level 1:colcon.colcon_core.environment:checking '/home/user/research_ws/ur10_pick_place_ws/install/ur_yt_sim' for CMake config files
[11.616s] Level 1:colcon.colcon_core.shell:create_environment_hook('ur_yt_sim', 'cmake_prefix_path')
[11.616s] INFO:colcon.colcon_core.shell:Creating environment hook '/home/user/research_ws/ur10_pick_place_ws/install/ur_yt_sim/share/ur_yt_sim/hook/cmake_prefix_path.ps1'
[11.616s] INFO:colcon.colcon_core.shell:Creating environment descriptor '/home/user/research_ws/ur10_pick_place_ws/install/ur_yt_sim/share/ur_yt_sim/hook/cmake_prefix_path.dsv'
[11.616s] INFO:colcon.colcon_core.shell:Creating environment hook '/home/user/research_ws/ur10_pick_place_ws/install/ur_yt_sim/share/ur_yt_sim/hook/cmake_prefix_path.sh'
[11.617s] Level 1:colcon.colcon_core.environment:checking '/home/user/research_ws/ur10_pick_place_ws/install/ur_yt_sim/lib'
[11.617s] Level 1:colcon.colcon_core.environment:checking '/home/user/research_ws/ur10_pick_place_ws/install/ur_yt_sim/bin'
[11.617s] Level 1:colcon.colcon_core.environment:checking '/home/user/research_ws/ur10_pick_place_ws/install/ur_yt_sim/lib/pkgconfig/ur_yt_sim.pc'
[11.617s] Level 1:colcon.colcon_core.environment:checking '/home/user/research_ws/ur10_pick_place_ws/install/ur_yt_sim/lib/python3.10/site-packages'
[11.617s] Level 1:colcon.colcon_core.environment:checking '/home/user/research_ws/ur10_pick_place_ws/install/ur_yt_sim/bin'
[11.617s] INFO:colcon.colcon_core.shell:Creating package script '/home/user/research_ws/ur10_pick_place_ws/install/ur_yt_sim/share/ur_yt_sim/package.ps1'
[11.618s] INFO:colcon.colcon_core.shell:Creating package descriptor '/home/user/research_ws/ur10_pick_place_ws/install/ur_yt_sim/share/ur_yt_sim/package.dsv'
[11.618s] INFO:colcon.colcon_core.shell:Creating package script '/home/user/research_ws/ur10_pick_place_ws/install/ur_yt_sim/share/ur_yt_sim/package.sh'
[11.618s] INFO:colcon.colcon_core.shell:Creating package script '/home/user/research_ws/ur10_pick_place_ws/install/ur_yt_sim/share/ur_yt_sim/package.bash'
[11.618s] INFO:colcon.colcon_core.shell:Creating package script '/home/user/research_ws/ur10_pick_place_ws/install/ur_yt_sim/share/ur_yt_sim/package.zsh'
[11.619s] Level 1:colcon.colcon_core.environment:create_file_with_runtime_dependencies(/home/user/research_ws/ur10_pick_place_ws/install/ur_yt_sim/share/colcon-core/packages/ur_yt_sim)
[11.619s] INFO:colcon.colcon_ros.task.ament_cmake.build:Building ROS package in '/home/user/research_ws/ur10_pick_place_ws/src/ur10_camera_gripper_moveit_config' with build type 'ament_cmake'
[11.619s] INFO:colcon.colcon_cmake.task.cmake.build:Building CMake package in '/home/user/research_ws/ur10_pick_place_ws/src/ur10_camera_gripper_moveit_config'
[11.620s] INFO:colcon.colcon_core.shell:Skip shell extension 'powershell' for command environment: Not usable outside of PowerShell
[11.620s] DEBUG:colcon.colcon_core.shell:Skip shell extension 'dsv' for command environment
[11.632s] DEBUG:colcon.colcon_core.event_handler.log_command:Invoking command in '/home/user/research_ws/ur10_pick_place_ws/build/ur10_camera_gripper_moveit_config': CMAKE_PREFIX_PATH=/home/user/research_ws/ur10_pick_place_ws/install/ur_yt_sim:/home/user/research_ws/ur10_pick_place_ws/install/linkattacher_msgs:/home/user/research_ws/ur10_pick_place_ws/install/ur10_camera_gripper_moveit_config:/home/user/research_ws/ur10_pick_place_ws/install/ur_simulation_gazebo:/home/user/research_ws/ur10_pick_place_ws/install/ros2_linkattacher:/home/user/research_ws/ur10_pick_place_ws/install/robotiq_description:/home/user/research_ws/ur10_pick_place_ws/install/robotiq_controllers:/home/user/research_ws/ur10_pick_place_ws/install/robotiq_3f_interfaces:/home/user/research_ws/ur10_pick_place_ws/install/robotiq_3f_description:/opt/ros/humble LD_LIBRARY_PATH=/home/user/research_ws/ur10_pick_place_ws/install/linkattacher_msgs/lib:/home/user/research_ws/ur10_pick_place_ws/install/ros2_linkattacher/lib:/home/user/research_ws/ur10_pick_place_ws/install/robotiq_controllers/lib:/home/user/research_ws/ur10_pick_place_ws/install/robotiq_3f_interfaces/lib:/usr/lib/x86_64-linux-gnu/gazebo-11/plugins:/opt/ros/humble/opt/rviz_ogre_vendor/lib:/opt/ros/humble/lib/x86_64-linux-gnu:/opt/ros/humble/lib /usr/bin/cmake /home/user/research_ws/ur10_pick_place_ws/src/ur10_camera_gripper_moveit_config -DCMAKE_INSTALL_PREFIX=/home/user/research_ws/ur10_pick_place_ws/install/ur10_camera_gripper_moveit_config
[12.139s] DEBUG:colcon.colcon_core.event_handler.log_command:Invoked command in '/home/user/research_ws/ur10_pick_place_ws/build/ur10_camera_gripper_moveit_config' returned '0': CMAKE_PREFIX_PATH=/home/user/research_ws/ur10_pick_place_ws/install/ur_yt_sim:/home/user/research_ws/ur10_pick_place_ws/install/linkattacher_msgs:/home/user/research_ws/ur10_pick_place_ws/install/ur10_camera_gripper_moveit_config:/home/user/research_ws/ur10_pick_place_ws/install/ur_simulation_gazebo:/home/user/research_ws/ur10_pick_place_ws/install/ros2_linkattacher:/home/user/research_ws/ur10_pick_place_ws/install/robotiq_description:/home/user/research_ws/ur10_pick_place_ws/install/robotiq_controllers:/home/user/research_ws/ur10_pick_place_ws/install/robotiq_3f_interfaces:/home/user/research_ws/ur10_pick_place_ws/install/robotiq_3f_description:/opt/ros/humble LD_LIBRARY_PATH=/home/user/research_ws/ur10_pick_place_ws/install/linkattacher_msgs/lib:/home/user/research_ws/ur10_pick_place_ws/install/ros2_linkattacher/lib:/home/user/research_ws/ur10_pick_place_ws/install/robotiq_controllers/lib:/home/user/research_ws/ur10_pick_place_ws/install/robotiq_3f_interfaces/lib:/usr/lib/x86_64-linux-gnu/gazebo-11/plugins:/opt/ros/humble/opt/rviz_ogre_vendor/lib:/opt/ros/humble/lib/x86_64-linux-gnu:/opt/ros/humble/lib /usr/bin/cmake /home/user/research_ws/ur10_pick_place_ws/src/ur10_camera_gripper_moveit_config -DCMAKE_INSTALL_PREFIX=/home/user/research_ws/ur10_pick_place_ws/install/ur10_camera_gripper_moveit_config
[12.141s] DEBUG:colcon.colcon_core.event_handler.log_command:Invoking command in '/home/user/research_ws/ur10_pick_place_ws/build/ur10_camera_gripper_moveit_config': CMAKE_PREFIX_PATH=/home/user/research_ws/ur10_pick_place_ws/install/ur_yt_sim:/home/user/research_ws/ur10_pick_place_ws/install/linkattacher_msgs:/home/user/research_ws/ur10_pick_place_ws/install/ur10_camera_gripper_moveit_config:/home/user/research_ws/ur10_pick_place_ws/install/ur_simulation_gazebo:/home/user/research_ws/ur10_pick_place_ws/install/ros2_linkattacher:/home/user/research_ws/ur10_pick_place_ws/install/robotiq_description:/home/user/research_ws/ur10_pick_place_ws/install/robotiq_controllers:/home/user/research_ws/ur10_pick_place_ws/install/robotiq_3f_interfaces:/home/user/research_ws/ur10_pick_place_ws/install/robotiq_3f_description:/opt/ros/humble LD_LIBRARY_PATH=/home/user/research_ws/ur10_pick_place_ws/install/linkattacher_msgs/lib:/home/user/research_ws/ur10_pick_place_ws/install/ros2_linkattacher/lib:/home/user/research_ws/ur10_pick_place_ws/install/robotiq_controllers/lib:/home/user/research_ws/ur10_pick_place_ws/install/robotiq_3f_interfaces/lib:/usr/lib/x86_64-linux-gnu/gazebo-11/plugins:/opt/ros/humble/opt/rviz_ogre_vendor/lib:/opt/ros/humble/lib/x86_64-linux-gnu:/opt/ros/humble/lib /usr/bin/cmake --build /home/user/research_ws/ur10_pick_place_ws/build/ur10_camera_gripper_moveit_config -- -j32 -l32
[12.173s] DEBUG:colcon.colcon_core.event_handler.log_command:Invoked command in '/home/user/research_ws/ur10_pick_place_ws/build/ur10_camera_gripper_moveit_config' returned '0': CMAKE_PREFIX_PATH=/home/user/research_ws/ur10_pick_place_ws/install/ur_yt_sim:/home/user/research_ws/ur10_pick_place_ws/install/linkattacher_msgs:/home/user/research_ws/ur10_pick_place_ws/install/ur10_camera_gripper_moveit_config:/home/user/research_ws/ur10_pick_place_ws/install/ur_simulation_gazebo:/home/user/research_ws/ur10_pick_place_ws/install/ros2_linkattacher:/home/user/research_ws/ur10_pick_place_ws/install/robotiq_description:/home/user/research_ws/ur10_pick_place_ws/install/robotiq_controllers:/home/user/research_ws/ur10_pick_place_ws/install/robotiq_3f_interfaces:/home/user/research_ws/ur10_pick_place_ws/install/robotiq_3f_description:/opt/ros/humble LD_LIBRARY_PATH=/home/user/research_ws/ur10_pick_place_ws/install/linkattacher_msgs/lib:/home/user/research_ws/ur10_pick_place_ws/install/ros2_linkattacher/lib:/home/user/research_ws/ur10_pick_place_ws/install/robotiq_controllers/lib:/home/user/research_ws/ur10_pick_place_ws/install/robotiq_3f_interfaces/lib:/usr/lib/x86_64-linux-gnu/gazebo-11/plugins:/opt/ros/humble/opt/rviz_ogre_vendor/lib:/opt/ros/humble/lib/x86_64-linux-gnu:/opt/ros/humble/lib /usr/bin/cmake --build /home/user/research_ws/ur10_pick_place_ws/build/ur10_camera_gripper_moveit_config -- -j32 -l32
[12.175s] DEBUG:colcon.colcon_core.event_handler.log_command:Invoking command in '/home/user/research_ws/ur10_pick_place_ws/build/ur10_camera_gripper_moveit_config': CMAKE_PREFIX_PATH=/home/user/research_ws/ur10_pick_place_ws/install/ur_yt_sim:/home/user/research_ws/ur10_pick_place_ws/install/linkattacher_msgs:/home/user/research_ws/ur10_pick_place_ws/install/ur10_camera_gripper_moveit_config:/home/user/research_ws/ur10_pick_place_ws/install/ur_simulation_gazebo:/home/user/research_ws/ur10_pick_place_ws/install/ros2_linkattacher:/home/user/research_ws/ur10_pick_place_ws/install/robotiq_description:/home/user/research_ws/ur10_pick_place_ws/install/robotiq_controllers:/home/user/research_ws/ur10_pick_place_ws/install/robotiq_3f_interfaces:/home/user/research_ws/ur10_pick_place_ws/install/robotiq_3f_description:/opt/ros/humble LD_LIBRARY_PATH=/home/user/research_ws/ur10_pick_place_ws/install/linkattacher_msgs/lib:/home/user/research_ws/ur10_pick_place_ws/install/ros2_linkattacher/lib:/home/user/research_ws/ur10_pick_place_ws/install/robotiq_controllers/lib:/home/user/research_ws/ur10_pick_place_ws/install/robotiq_3f_interfaces/lib:/usr/lib/x86_64-linux-gnu/gazebo-11/plugins:/opt/ros/humble/opt/rviz_ogre_vendor/lib:/opt/ros/humble/lib/x86_64-linux-gnu:/opt/ros/humble/lib /usr/bin/cmake --install /home/user/research_ws/ur10_pick_place_ws/build/ur10_camera_gripper_moveit_config
[12.187s] Level 1:colcon.colcon_core.environment:create_environment_scripts_only(ur10_camera_gripper_moveit_config)
[12.187s] DEBUG:colcon.colcon_core.event_handler.log_command:Invoked command in '/home/user/research_ws/ur10_pick_place_ws/build/ur10_camera_gripper_moveit_config' returned '0': CMAKE_PREFIX_PATH=/home/user/research_ws/ur10_pick_place_ws/install/ur_yt_sim:/home/user/research_ws/ur10_pick_place_ws/install/linkattacher_msgs:/home/user/research_ws/ur10_pick_place_ws/install/ur10_camera_gripper_moveit_config:/home/user/research_ws/ur10_pick_place_ws/install/ur_simulation_gazebo:/home/user/research_ws/ur10_pick_place_ws/install/ros2_linkattacher:/home/user/research_ws/ur10_pick_place_ws/install/robotiq_description:/home/user/research_ws/ur10_pick_place_ws/install/robotiq_controllers:/home/user/research_ws/ur10_pick_place_ws/install/robotiq_3f_interfaces:/home/user/research_ws/ur10_pick_place_ws/install/robotiq_3f_description:/opt/ros/humble LD_LIBRARY_PATH=/home/user/research_ws/ur10_pick_place_ws/install/linkattacher_msgs/lib:/home/user/research_ws/ur10_pick_place_ws/install/ros2_linkattacher/lib:/home/user/research_ws/ur10_pick_place_ws/install/robotiq_controllers/lib:/home/user/research_ws/ur10_pick_place_ws/install/robotiq_3f_interfaces/lib:/usr/lib/x86_64-linux-gnu/gazebo-11/plugins:/opt/ros/humble/opt/rviz_ogre_vendor/lib:/opt/ros/humble/lib/x86_64-linux-gnu:/opt/ros/humble/lib /usr/bin/cmake --install /home/user/research_ws/ur10_pick_place_ws/build/ur10_camera_gripper_moveit_config
[12.188s] Level 1:colcon.colcon_core.environment:checking '/home/user/research_ws/ur10_pick_place_ws/install/ur10_camera_gripper_moveit_config' for CMake module files
[12.188s] Level 1:colcon.colcon_core.environment:checking '/home/user/research_ws/ur10_pick_place_ws/install/ur10_camera_gripper_moveit_config' for CMake config files
[12.188s] Level 1:colcon.colcon_core.shell:create_environment_hook('ur10_camera_gripper_moveit_config', 'cmake_prefix_path')
[12.188s] INFO:colcon.colcon_core.shell:Creating environment hook '/home/user/research_ws/ur10_pick_place_ws/install/ur10_camera_gripper_moveit_config/share/ur10_camera_gripper_moveit_config/hook/cmake_prefix_path.ps1'
[12.189s] INFO:colcon.colcon_core.shell:Creating environment descriptor '/home/user/research_ws/ur10_pick_place_ws/install/ur10_camera_gripper_moveit_config/share/ur10_camera_gripper_moveit_config/hook/cmake_prefix_path.dsv'
[12.189s] INFO:colcon.colcon_core.shell:Creating environment hook '/home/user/research_ws/ur10_pick_place_ws/install/ur10_camera_gripper_moveit_config/share/ur10_camera_gripper_moveit_config/hook/cmake_prefix_path.sh'
[12.189s] Level 1:colcon.colcon_core.environment:checking '/home/user/research_ws/ur10_pick_place_ws/install/ur10_camera_gripper_moveit_config/bin'
[12.189s] Level 1:colcon.colcon_core.environment:checking '/home/user/research_ws/ur10_pick_place_ws/install/ur10_camera_gripper_moveit_config/lib/pkgconfig/ur10_camera_gripper_moveit_config.pc'
[12.189s] Level 1:colcon.colcon_core.environment:checking '/home/user/research_ws/ur10_pick_place_ws/install/ur10_camera_gripper_moveit_config/lib/python3.10/site-packages'
[12.190s] Level 1:colcon.colcon_core.environment:checking '/home/user/research_ws/ur10_pick_place_ws/install/ur10_camera_gripper_moveit_config/bin'
[12.190s] INFO:colcon.colcon_core.shell:Creating package script '/home/user/research_ws/ur10_pick_place_ws/install/ur10_camera_gripper_moveit_config/share/ur10_camera_gripper_moveit_config/package.ps1'
[12.190s] INFO:colcon.colcon_core.shell:Creating package descriptor '/home/user/research_ws/ur10_pick_place_ws/install/ur10_camera_gripper_moveit_config/share/ur10_camera_gripper_moveit_config/package.dsv'
[12.190s] INFO:colcon.colcon_core.shell:Creating package script '/home/user/research_ws/ur10_pick_place_ws/install/ur10_camera_gripper_moveit_config/share/ur10_camera_gripper_moveit_config/package.sh'
[12.191s] INFO:colcon.colcon_core.shell:Creating package script '/home/user/research_ws/ur10_pick_place_ws/install/ur10_camera_gripper_moveit_config/share/ur10_camera_gripper_moveit_config/package.bash'
[12.191s] INFO:colcon.colcon_core.shell:Creating package script '/home/user/research_ws/ur10_pick_place_ws/install/ur10_camera_gripper_moveit_config/share/ur10_camera_gripper_moveit_config/package.zsh'
[12.191s] Level 1:colcon.colcon_core.environment:create_file_with_runtime_dependencies(/home/user/research_ws/ur10_pick_place_ws/install/ur10_camera_gripper_moveit_config/share/colcon-core/packages/ur10_camera_gripper_moveit_config)
[12.191s] Level 1:colcon.colcon_core.environment:create_environment_scripts_only(ur10_camera_gripper_moveit_config)
[12.191s] Level 1:colcon.colcon_core.environment:checking '/home/user/research_ws/ur10_pick_place_ws/install/ur10_camera_gripper_moveit_config' for CMake module files
[12.191s] Level 1:colcon.colcon_core.environment:checking '/home/user/research_ws/ur10_pick_place_ws/install/ur10_camera_gripper_moveit_config' for CMake config files
[12.192s] Level 1:colcon.colcon_core.shell:create_environment_hook('ur10_camera_gripper_moveit_config', 'cmake_prefix_path')
[12.192s] INFO:colcon.colcon_core.shell:Creating environment hook '/home/user/research_ws/ur10_pick_place_ws/install/ur10_camera_gripper_moveit_config/share/ur10_camera_gripper_moveit_config/hook/cmake_prefix_path.ps1'
[12.192s] INFO:colcon.colcon_core.shell:Creating environment descriptor '/home/user/research_ws/ur10_pick_place_ws/install/ur10_camera_gripper_moveit_config/share/ur10_camera_gripper_moveit_config/hook/cmake_prefix_path.dsv'
[12.192s] INFO:colcon.colcon_core.shell:Creating environment hook '/home/user/research_ws/ur10_pick_place_ws/install/ur10_camera_gripper_moveit_config/share/ur10_camera_gripper_moveit_config/hook/cmake_prefix_path.sh'
[12.192s] Level 1:colcon.colcon_core.environment:checking '/home/user/research_ws/ur10_pick_place_ws/install/ur10_camera_gripper_moveit_config/bin'
[12.192s] Level 1:colcon.colcon_core.environment:checking '/home/user/research_ws/ur10_pick_place_ws/install/ur10_camera_gripper_moveit_config/lib/pkgconfig/ur10_camera_gripper_moveit_config.pc'
[12.193s] Level 1:colcon.colcon_core.environment:checking '/home/user/research_ws/ur10_pick_place_ws/install/ur10_camera_gripper_moveit_config/lib/python3.10/site-packages'
[12.193s] Level 1:colcon.colcon_core.environment:checking '/home/user/research_ws/ur10_pick_place_ws/install/ur10_camera_gripper_moveit_config/bin'
[12.193s] INFO:colcon.colcon_core.shell:Creating package script '/home/user/research_ws/ur10_pick_place_ws/install/ur10_camera_gripper_moveit_config/share/ur10_camera_gripper_moveit_config/package.ps1'
[12.193s] INFO:colcon.colcon_core.shell:Creating package descriptor '/home/user/research_ws/ur10_pick_place_ws/install/ur10_camera_gripper_moveit_config/share/ur10_camera_gripper_moveit_config/package.dsv'
[12.193s] INFO:colcon.colcon_core.shell:Creating package script '/home/user/research_ws/ur10_pick_place_ws/install/ur10_camera_gripper_moveit_config/share/ur10_camera_gripper_moveit_config/package.sh'
[12.194s] INFO:colcon.colcon_core.shell:Creating package script '/home/user/research_ws/ur10_pick_place_ws/install/ur10_camera_gripper_moveit_config/share/ur10_camera_gripper_moveit_config/package.bash'
[12.194s] INFO:colcon.colcon_core.shell:Creating package script '/home/user/research_ws/ur10_pick_place_ws/install/ur10_camera_gripper_moveit_config/share/ur10_camera_gripper_moveit_config/package.zsh'
[12.194s] Level 1:colcon.colcon_core.environment:create_file_with_runtime_dependencies(/home/user/research_ws/ur10_pick_place_ws/install/ur10_camera_gripper_moveit_config/share/colcon-core/packages/ur10_camera_gripper_moveit_config)
[14.617s] DEBUG:colcon.colcon_core.event_handler.log_command:Invoked command in '/home/user/research_ws/ur10_pick_place_ws/build/ros2_linkattacher' returned '0': CMAKE_PREFIX_PATH=/home/user/research_ws/ur10_pick_place_ws/install/linkattacher_msgs:/home/user/research_ws/ur10_pick_place_ws/install/ur10_camera_gripper_moveit_config:/home/user/research_ws/ur10_pick_place_ws/install/ur_yt_sim:/home/user/research_ws/ur10_pick_place_ws/install/ur_simulation_gazebo:/home/user/research_ws/ur10_pick_place_ws/install/ros2_linkattacher:/home/user/research_ws/ur10_pick_place_ws/install/robotiq_description:/home/user/research_ws/ur10_pick_place_ws/install/robotiq_controllers:/home/user/research_ws/ur10_pick_place_ws/install/robotiq_3f_interfaces:/home/user/research_ws/ur10_pick_place_ws/install/robotiq_3f_description:/opt/ros/humble LD_LIBRARY_PATH=/home/user/research_ws/ur10_pick_place_ws/install/linkattacher_msgs/lib:/home/user/research_ws/ur10_pick_place_ws/install/ros2_linkattacher/lib:/home/user/research_ws/ur10_pick_place_ws/install/robotiq_controllers/lib:/home/user/research_ws/ur10_pick_place_ws/install/robotiq_3f_interfaces/lib:/usr/lib/x86_64-linux-gnu/gazebo-11/plugins:/opt/ros/humble/opt/rviz_ogre_vendor/lib:/opt/ros/humble/lib/x86_64-linux-gnu:/opt/ros/humble/lib /usr/bin/cmake --build /home/user/research_ws/ur10_pick_place_ws/build/ros2_linkattacher -- -j32 -l32
[14.618s] DEBUG:colcon.colcon_core.event_handler.log_command:Invoking command in '/home/user/research_ws/ur10_pick_place_ws/build/ros2_linkattacher': CMAKE_PREFIX_PATH=/home/user/research_ws/ur10_pick_place_ws/install/linkattacher_msgs:/home/user/research_ws/ur10_pick_place_ws/install/ur10_camera_gripper_moveit_config:/home/user/research_ws/ur10_pick_place_ws/install/ur_yt_sim:/home/user/research_ws/ur10_pick_place_ws/install/ur_simulation_gazebo:/home/user/research_ws/ur10_pick_place_ws/install/ros2_linkattacher:/home/user/research_ws/ur10_pick_place_ws/install/robotiq_description:/home/user/research_ws/ur10_pick_place_ws/install/robotiq_controllers:/home/user/research_ws/ur10_pick_place_ws/install/robotiq_3f_interfaces:/home/user/research_ws/ur10_pick_place_ws/install/robotiq_3f_description:/opt/ros/humble LD_LIBRARY_PATH=/home/user/research_ws/ur10_pick_place_ws/install/linkattacher_msgs/lib:/home/user/research_ws/ur10_pick_place_ws/install/ros2_linkattacher/lib:/home/user/research_ws/ur10_pick_place_ws/install/robotiq_controllers/lib:/home/user/research_ws/ur10_pick_place_ws/install/robotiq_3f_interfaces/lib:/usr/lib/x86_64-linux-gnu/gazebo-11/plugins:/opt/ros/humble/opt/rviz_ogre_vendor/lib:/opt/ros/humble/lib/x86_64-linux-gnu:/opt/ros/humble/lib /usr/bin/cmake --install /home/user/research_ws/ur10_pick_place_ws/build/ros2_linkattacher
[14.630s] Level 1:colcon.colcon_core.environment:create_environment_scripts_only(ros2_linkattacher)
[14.630s] DEBUG:colcon.colcon_core.event_handler.log_command:Invoked command in '/home/user/research_ws/ur10_pick_place_ws/build/ros2_linkattacher' returned '0': CMAKE_PREFIX_PATH=/home/user/research_ws/ur10_pick_place_ws/install/linkattacher_msgs:/home/user/research_ws/ur10_pick_place_ws/install/ur10_camera_gripper_moveit_config:/home/user/research_ws/ur10_pick_place_ws/install/ur_yt_sim:/home/user/research_ws/ur10_pick_place_ws/install/ur_simulation_gazebo:/home/user/research_ws/ur10_pick_place_ws/install/ros2_linkattacher:/home/user/research_ws/ur10_pick_place_ws/install/robotiq_description:/home/user/research_ws/ur10_pick_place_ws/install/robotiq_controllers:/home/user/research_ws/ur10_pick_place_ws/install/robotiq_3f_interfaces:/home/user/research_ws/ur10_pick_place_ws/install/robotiq_3f_description:/opt/ros/humble LD_LIBRARY_PATH=/home/user/research_ws/ur10_pick_place_ws/install/linkattacher_msgs/lib:/home/user/research_ws/ur10_pick_place_ws/install/ros2_linkattacher/lib:/home/user/research_ws/ur10_pick_place_ws/install/robotiq_controllers/lib:/home/user/research_ws/ur10_pick_place_ws/install/robotiq_3f_interfaces/lib:/usr/lib/x86_64-linux-gnu/gazebo-11/plugins:/opt/ros/humble/opt/rviz_ogre_vendor/lib:/opt/ros/humble/lib/x86_64-linux-gnu:/opt/ros/humble/lib /usr/bin/cmake --install /home/user/research_ws/ur10_pick_place_ws/build/ros2_linkattacher
[14.630s] Level 1:colcon.colcon_core.environment:checking '/home/user/research_ws/ur10_pick_place_ws/install/ros2_linkattacher' for CMake module files
[14.631s] Level 1:colcon.colcon_core.environment:checking '/home/user/research_ws/ur10_pick_place_ws/install/ros2_linkattacher' for CMake config files
[14.631s] Level 1:colcon.colcon_core.shell:create_environment_hook('ros2_linkattacher', 'cmake_prefix_path')
[14.631s] INFO:colcon.colcon_core.shell:Creating environment hook '/home/user/research_ws/ur10_pick_place_ws/install/ros2_linkattacher/share/ros2_linkattacher/hook/cmake_prefix_path.ps1'
[14.631s] INFO:colcon.colcon_core.shell:Creating environment descriptor '/home/user/research_ws/ur10_pick_place_ws/install/ros2_linkattacher/share/ros2_linkattacher/hook/cmake_prefix_path.dsv'
[14.632s] INFO:colcon.colcon_core.shell:Creating environment hook '/home/user/research_ws/ur10_pick_place_ws/install/ros2_linkattacher/share/ros2_linkattacher/hook/cmake_prefix_path.sh'
[14.632s] Level 1:colcon.colcon_core.environment:checking '/home/user/research_ws/ur10_pick_place_ws/install/ros2_linkattacher/lib'
[14.632s] Level 1:colcon.colcon_core.shell:create_environment_hook('ros2_linkattacher', 'ld_library_path_lib')
[14.632s] INFO:colcon.colcon_core.shell:Creating environment hook '/home/user/research_ws/ur10_pick_place_ws/install/ros2_linkattacher/share/ros2_linkattacher/hook/ld_library_path_lib.ps1'
[14.632s] INFO:colcon.colcon_core.shell:Creating environment descriptor '/home/user/research_ws/ur10_pick_place_ws/install/ros2_linkattacher/share/ros2_linkattacher/hook/ld_library_path_lib.dsv'
[14.632s] INFO:colcon.colcon_core.shell:Creating environment hook '/home/user/research_ws/ur10_pick_place_ws/install/ros2_linkattacher/share/ros2_linkattacher/hook/ld_library_path_lib.sh'
[14.632s] Level 1:colcon.colcon_core.environment:checking '/home/user/research_ws/ur10_pick_place_ws/install/ros2_linkattacher/bin'
[14.632s] Level 1:colcon.colcon_core.environment:checking '/home/user/research_ws/ur10_pick_place_ws/install/ros2_linkattacher/lib/pkgconfig/ros2_linkattacher.pc'
[14.633s] Level 1:colcon.colcon_core.environment:checking '/home/user/research_ws/ur10_pick_place_ws/install/ros2_linkattacher/lib/python3.10/site-packages'
[14.633s] Level 1:colcon.colcon_core.environment:checking '/home/user/research_ws/ur10_pick_place_ws/install/ros2_linkattacher/bin'
[14.633s] INFO:colcon.colcon_core.shell:Creating package script '/home/user/research_ws/ur10_pick_place_ws/install/ros2_linkattacher/share/ros2_linkattacher/package.ps1'
[14.633s] INFO:colcon.colcon_core.shell:Creating package descriptor '/home/user/research_ws/ur10_pick_place_ws/install/ros2_linkattacher/share/ros2_linkattacher/package.dsv'
[14.634s] INFO:colcon.colcon_core.shell:Creating package script '/home/user/research_ws/ur10_pick_place_ws/install/ros2_linkattacher/share/ros2_linkattacher/package.sh'
[14.634s] INFO:colcon.colcon_core.shell:Creating package script '/home/user/research_ws/ur10_pick_place_ws/install/ros2_linkattacher/share/ros2_linkattacher/package.bash'
[14.634s] INFO:colcon.colcon_core.shell:Creating package script '/home/user/research_ws/ur10_pick_place_ws/install/ros2_linkattacher/share/ros2_linkattacher/package.zsh'
[14.635s] Level 1:colcon.colcon_core.environment:create_file_with_runtime_dependencies(/home/user/research_ws/ur10_pick_place_ws/install/ros2_linkattacher/share/colcon-core/packages/ros2_linkattacher)
[14.635s] Level 1:colcon.colcon_core.environment:create_environment_scripts_only(ros2_linkattacher)
[14.635s] Level 1:colcon.colcon_core.environment:checking '/home/user/research_ws/ur10_pick_place_ws/install/ros2_linkattacher' for CMake module files
[14.635s] Level 1:colcon.colcon_core.environment:checking '/home/user/research_ws/ur10_pick_place_ws/install/ros2_linkattacher' for CMake config files
[14.636s] Level 1:colcon.colcon_core.shell:create_environment_hook('ros2_linkattacher', 'cmake_prefix_path')
[14.636s] INFO:colcon.colcon_core.shell:Creating environment hook '/home/user/research_ws/ur10_pick_place_ws/install/ros2_linkattacher/share/ros2_linkattacher/hook/cmake_prefix_path.ps1'
[14.636s] INFO:colcon.colcon_core.shell:Creating environment descriptor '/home/user/research_ws/ur10_pick_place_ws/install/ros2_linkattacher/share/ros2_linkattacher/hook/cmake_prefix_path.dsv'
[14.636s] INFO:colcon.colcon_core.shell:Creating environment hook '/home/user/research_ws/ur10_pick_place_ws/install/ros2_linkattacher/share/ros2_linkattacher/hook/cmake_prefix_path.sh'
[14.636s] Level 1:colcon.colcon_core.environment:checking '/home/user/research_ws/ur10_pick_place_ws/install/ros2_linkattacher/lib'
[14.636s] Level 1:colcon.colcon_core.shell:create_environment_hook('ros2_linkattacher', 'ld_library_path_lib')
[14.637s] INFO:colcon.colcon_core.shell:Creating environment hook '/home/user/research_ws/ur10_pick_place_ws/install/ros2_linkattacher/share/ros2_linkattacher/hook/ld_library_path_lib.ps1'
[14.637s] INFO:colcon.colcon_core.shell:Creating environment descriptor '/home/user/research_ws/ur10_pick_place_ws/install/ros2_linkattacher/share/ros2_linkattacher/hook/ld_library_path_lib.dsv'
[14.637s] INFO:colcon.colcon_core.shell:Creating environment hook '/home/user/research_ws/ur10_pick_place_ws/install/ros2_linkattacher/share/ros2_linkattacher/hook/ld_library_path_lib.sh'
[14.637s] Level 1:colcon.colcon_core.environment:checking '/home/user/research_ws/ur10_pick_place_ws/install/ros2_linkattacher/bin'
[14.637s] Level 1:colcon.colcon_core.environment:checking '/home/user/research_ws/ur10_pick_place_ws/install/ros2_linkattacher/lib/pkgconfig/ros2_linkattacher.pc'
[14.637s] Level 1:colcon.colcon_core.environment:checking '/home/user/research_ws/ur10_pick_place_ws/install/ros2_linkattacher/lib/python3.10/site-packages'
[14.637s] Level 1:colcon.colcon_core.environment:checking '/home/user/research_ws/ur10_pick_place_ws/install/ros2_linkattacher/bin'
[14.638s] INFO:colcon.colcon_core.shell:Creating package script '/home/user/research_ws/ur10_pick_place_ws/install/ros2_linkattacher/share/ros2_linkattacher/package.ps1'
[14.638s] INFO:colcon.colcon_core.shell:Creating package descriptor '/home/user/research_ws/ur10_pick_place_ws/install/ros2_linkattacher/share/ros2_linkattacher/package.dsv'
[14.638s] INFO:colcon.colcon_core.shell:Creating package script '/home/user/research_ws/ur10_pick_place_ws/install/ros2_linkattacher/share/ros2_linkattacher/package.sh'
[14.638s] INFO:colcon.colcon_core.shell:Creating package script '/home/user/research_ws/ur10_pick_place_ws/install/ros2_linkattacher/share/ros2_linkattacher/package.bash'
[14.639s] INFO:colcon.colcon_core.shell:Creating package script '/home/user/research_ws/ur10_pick_place_ws/install/ros2_linkattacher/share/ros2_linkattacher/package.zsh'
[14.639s] Level 1:colcon.colcon_core.environment:create_file_with_runtime_dependencies(/home/user/research_ws/ur10_pick_place_ws/install/ros2_linkattacher/share/colcon-core/packages/ros2_linkattacher)
[14.639s] DEBUG:colcon.colcon_parallel_executor.executor.parallel:closing loop
[14.639s] DEBUG:colcon.colcon_parallel_executor.executor.parallel:loop closed
[14.639s] DEBUG:colcon.colcon_parallel_executor.executor.parallel:run_until_complete finished with '0'
[14.639s] DEBUG:colcon.colcon_core.event_reactor:joining thread
[14.643s] INFO:colcon.colcon_core.plugin_system:Skipping extension 'colcon_notification.desktop_notification.terminal_notifier': Not used on non-Darwin systems
[14.643s] INFO:colcon.colcon_core.plugin_system:Skipping extension 'colcon_notification.desktop_notification.win32': Not used on non-Windows systems
[14.643s] INFO:colcon.colcon_notification.desktop_notification:Sending desktop notification using 'notify2'
[14.653s] DEBUG:colcon.colcon_core.event_reactor:joined thread
[14.653s] INFO:colcon.colcon_core.shell:Creating prefix script '/home/user/research_ws/ur10_pick_place_ws/install/local_setup.ps1'
[14.653s] INFO:colcon.colcon_core.shell:Creating prefix util module '/home/user/research_ws/ur10_pick_place_ws/install/_local_setup_util_ps1.py'
[14.654s] INFO:colcon.colcon_core.shell:Creating prefix chain script '/home/user/research_ws/ur10_pick_place_ws/install/setup.ps1'
[14.655s] INFO:colcon.colcon_core.shell:Creating prefix script '/home/user/research_ws/ur10_pick_place_ws/install/local_setup.sh'
[14.655s] INFO:colcon.colcon_core.shell:Creating prefix util module '/home/user/research_ws/ur10_pick_place_ws/install/_local_setup_util_sh.py'
[14.655s] INFO:colcon.colcon_core.shell:Creating prefix chain script '/home/user/research_ws/ur10_pick_place_ws/install/setup.sh'
[14.656s] INFO:colcon.colcon_core.shell:Creating prefix script '/home/user/research_ws/ur10_pick_place_ws/install/local_setup.bash'
[14.656s] INFO:colcon.colcon_core.shell:Creating prefix chain script '/home/user/research_ws/ur10_pick_place_ws/install/setup.bash'
[14.657s] INFO:colcon.colcon_core.shell:Creating prefix script '/home/user/research_ws/ur10_pick_place_ws/install/local_setup.zsh'
[14.657s] INFO:colcon.colcon_core.shell:Creating prefix chain script '/home/user/research_ws/ur10_pick_place_ws/install/setup.zsh'
